image,split,Segmentation Quality,Filter Loading,Asbestos Present,Asbestos Type,accuracy,precision,recall,specificity,dice,iou,tversky,f2,tp,fp,fn,tn,match_status,matched_sample_id,parsed_site_number,Origin of data,Sampling position,Environment,Pump Flow (L/min),Volume sampled (L; dm3),"Frame Width, px","Frame Height, px","Pixel Resolution, nm/px","Images needed to find 3 fibers at 0.003 f/cm3, #",Minimum number of fibres for early termination,Filter Coverage (%),Median Otsu Coverage (%),GT Foreground Fraction (%),Frames Analyzed,Acquired Spectra,"Analyzed volume, cm3",Asbestos Counted,WHO Asbestos Counted,"Airborne WHO Asbestos Concentration, fibers/cm3",8 hr TWA,Sample Notes,n_objects,n_fg_px,snr_mean,snr_median,snr_pooled,cnr_mean,cnr_median,cnr_pooled,weber_contrast_mean,weber_contrast_median,weber_contrast_pooled,mu_F_pooled,mu_B_pooled,sigma_B_mad_pooled,n_bg_px_pooled,mask_quality,filter_loading,asbestos
a_E200175-12116-L_11.tif,train,,,False,,0.9986807911447458,0.6410080522577782,0.9707705202515706,0.998745207784398,0.7721553456402575,0.6288705520674328,0.8409795627842188,0.8802071403034987,82233.0,46054.0,2476.0,36656437.0,no_sample_prefix_match,,,,,,,,,,,,,,0.2802061586638831,0.2302675930758524,,,,,,,,,4,84709,5.162550362677857,5.030712817827045,5.468075700108071,2.2772210148855727,2.3688740930591665,2.613491322171498,0.8114647645930645,0.8246967583905123,0.915541800804516,202.6742258791864,105.8051699967649,37.065,64913,3,low,False
A33 - Site 2.tif,train,,,False,,0.997155883095481,0.5359252243312785,0.8433087524585937,0.9976508063369476,0.6553644123440405,0.4873918393655688,0.7195055702354436,0.7565265689293146,124765.0,108038.0,23182.0,45881359.0,ambiguous_site_not_found,A33,2.0,,,,,,,,,,,,1.809152689847079,0.320666486566717,,,,,,,,,34,147947,3.7665228556123207,3.78696254127278,3.396924851768345,1.2956931085503074,1.1644111181647916,1.0524851155849435,0.5255806492022581,0.4751659128636192,0.448928202052201,38829.72485417075,26798.929580616536,11430.846,259190,2,high,True
A97 - Site 3.tif,train,,,False,,0.9968577298251032,0.6707741548306978,0.9527219002153922,0.9971287368465828,0.7872655131122985,0.6491656018892441,0.8460370084417769,0.8788409322024093,16766.0,8229.0,832.0,2857757.0,matched_unique_sample,A97,3.0,Asbyg,Personal,Indoor,1.9,132.9999999999998,8192.0,5632.0,50.0,32.0,2.438527512375982,13.7,11.242433027787644,0.6102822043678977,10.0,152.0,312.51995192209705,10.0,6.0,0.0191987742321669,0.002799821242191,,1,17598,6.432470450888715,6.432470450888715,6.432470450888715,1.1416025514555346,1.1416025514555346,1.1416025514555346,0.2157684850685487,0.2157684850685487,0.2157684850685487,143.05171042163883,117.66361126840316,22.239,28256,5,low,True
A78 - Site 3.tif,train,,,False,,0.995663382790302,0.8631280851586807,0.996420633689849,0.9956424996685872,0.9249971510312712,0.8604601856810323,0.9523015611317618,0.9665673078610204,77111.0,12228.0,277.0,2793968.0,ambiguous_site_not_found,A78,3.0,,,,,,,,,,,,3.981815684925426,2.683743563565341,,,,,,,,,1,77388,4.1618969201419285,4.1618969201419285,4.1618969201419285,1.4857470275707962,1.4857470275707962,1.4857470275707962,0.5551807959473686,0.5551807959473686,0.5551807959473686,166.60156613428438,107.12681545636242,40.0302,60040,5,low,True
A44_15.00kV_0.10nA_16.9nm_500.00ns_067.tif,train,,,False,,0.9983249058459376,0.5303861914813697,0.9072217502122116,0.9984955350593078,0.669414622678421,0.5030978350490585,0.7478245644750507,0.7943462897526206,42712.0,37818.0,4368.0,25099358.0,ambiguous_no_site_in_filename,A44,,,,,,,,,,,,,0.5019207238045864,0.1869421911848418,,,,,,,,,1,47080,2.573159792481742,2.573159792481742,2.573159792481742,0.7442972865940444,0.7442972865940444,0.7442972865940444,0.406972795462694,0.406972795462694,0.406972795462694,186.9333687340697,132.86210602851452,72.64739999999999,31633,3,low,False
A44_15.00kV_50pA_37.5nm_750.00ns_063.tif,train,,,False,,0.9983014388036712,0.2591608566180597,0.9219741182435156,0.998349245556706,0.4045932215184906,0.2535987855734058,0.5216966807971106,0.6099700344980477,14534.0,41547.0,1230.0,25126945.0,ambiguous_no_site_in_filename,A44,,,,,,,,,,,,,0.0818209598885907,0.062594662316012,,,,,,,,,2,15764,3.000452578545009,3.000452578545009,2.986768080237552,0.9813482173857948,0.9813482173857948,0.9721729044406932,0.4866063769137702,0.4866063769137702,0.4825648924647242,199.2682060390764,134.40774636378492,66.717,18357,4,low,False
A44_10.00kV_0.10nA_28.1nm_250.00ns_049.tif,train,,,False,,0.999418485898491,0.8757213860031386,0.7987152494304992,0.9997901161243402,0.8354475892986624,0.7173980162863809,0.8203565462804441,0.8130136417114984,37177.0,5276.0,9369.0,25132434.0,ambiguous_no_site_in_filename,A44,,,,,,,,,,,,,0.0330246007664471,0.1848218188379279,,,,,,,,,1,46546,2.76010355077342,2.76010355077342,2.76010355077342,0.845981448437078,0.845981448437078,0.845981448437078,0.441968381922806,0.441968381922806,0.441968381922806,188.23795814892796,130.5423617496388,68.19959999999999,38065,4,low,True
A51 - Site 19.tif,train,,,False,,0.970294258811254,0.9895067531341852,0.8708215846751574,0.9974765081230784,0.9263782325928304,0.8628534375099929,0.9033260849924662,0.8922249491406867,538921.0,5715.0,79944.0,2259004.0,matched_unique_sample,A51,19.0,Asbyg,Personal,Outdoor,1.9,146.3000000000001,8192.0,5632.0,50.0,30.0,2.6823802636135863,4.3,13.901589133522728,21.461660211736504,15.0,94.0,515.6579206714612,4.0,3.0,0.0058178103733839,0.000933273747397,,2,618865,9.91587412786181,9.91587412786181,8.770094581009369,3.1380292192993617,3.1380292192993617,4.212080191975622,0.5767236095610523,0.5767236095610523,0.9241041892027114,130.02542234574585,67.57712137739448,14.826,127429,4,low,True
A32 - Site 3.tif,train,,,False,,0.997759862379594,0.3521551724137682,0.8102523249006942,0.9980101717524994,0.4909372106310217,0.3253259003466048,0.5828098176153198,0.6429717818511931,49837.0,91683.0,11671.0,45984153.0,matched_sample_and_site,A32,3.0,Asbyg,Personal,Indoor,1.9,174.8,8192.0,5632.0,50.0,25.0,3.204921873408438,72.0,1.7574050209738992,0.1333149996670809,5.0,106.0,205.3702541202355,17.0,12.0,0.0584310520109427,0.011199284968764,,38,61508,3.6238598440975696,3.578314405269434,3.215398340366267,1.2583497165530726,1.254951600672022,1.125105249918935,0.5302949904584164,0.5461699611888041,0.5382523891315482,35243.53684073617,22911.41368590901,10960.8618,177248,1,high,False
A53 - Site 3.tif,train,,,False,,0.9732291481711616,0.7657615322088519,0.7494654932378213,0.9864523588453727,0.757525881998167,0.6096914784964956,0.7542810104285043,0.752668976950416,120586.0,36886.0,40310.0,2685802.0,matched_unique_sample,A53,3.0,Asbyg,Personal,Outdoor,1.9,140.6000000000001,8192.0,5632.0,50.0,31.0,2.577871941654615,1.6,3.9799083362926138,5.579723011363636,13.0,14.0,429.4917053557973,6.0,6.0,0.0139700020400382,0.0021537086478392,,4,160896,3.629854290860583,3.7066799251558415,4.232833685733727,-0.0638180129816229,-0.12180574779474,0.5553166318800342,-0.0236670677194233,-0.0291123235804049,0.1510031425409344,25805.26400283413,22419.803256023584,6096.4512,164188,3,medium,True
A94 - Site 14.tif,train,,,False,,0.9896732677112892,0.6284053047624448,0.9729330609105308,0.9899652488522984,0.7636066302552423,0.6176081568707231,0.8355106351929283,0.8767915935930726,48095.0,28440.0,1338.0,2805711.0,matched_unique_sample,A94,14.0,Asbyg,Personal,Indoor,1.9,75.99999999999987,8192.0,5632.0,50.0,56.0,1.393444292786275,12.2,10.260252519087356,1.714290272105824,10.0,154.0,178.5828296697697,19.0,18.0,0.1007935647188763,0.008399463726573,,1,49433,3.46251542991978,3.46251542991978,3.46251542991978,0.8280653192311532,0.8280653192311532,0.8280653192311532,0.3143218828804847,0.3143218828804847,0.3143218828804847,128.3381344446018,97.64589337901845,37.065,49615,5,medium,True
A37 - Site 4.tif,train,,,False,,0.996343287554654,0.2885486979556148,0.903199592303224,0.9964900920641232,0.4373693144490134,0.2798929513500474,0.5510527355156492,0.6333668166978841,65575.0,161683.0,7028.0,45903058.0,ambiguous_site_not_found,A37,4.0,,,,,,,,,,,,2.7275302193381568,0.1573627645319158,,,,,,,,,21,72603,3.236157302742563,3.080441041311793,3.3201717753271747,1.1114013167648902,1.08208565846877,1.3200346229332134,0.5242748440942291,0.5235034340294578,0.6599720530928033,37952.37225734474,22863.259767913907,11430.846,130555,1,very high,False
A112 - Site 20.tif,train,,,False,,0.996228304776275,0.7998633319664344,0.8917024712798576,0.9974315684164964,0.8432898187370907,0.7290415805075541,0.8620100508431097,0.871685343723325,29263.0,7322.0,3554.0,2843445.0,matched_unique_sample,A112,20.0,Asbyg,NF,Indoor,1.9,493.9999999999999,8192.0,5632.0,50.0,9.0,9.0573879031108,5.6,1.15966796875,1.138062910600142,3.0,289.0,348.2365178560515,123.0,62.0,0.1780399148880433,0.0964382872310234,,3,32817,5.016185385684557,4.331136192972497,5.000624637131269,1.8816678323321083,1.3813229476543576,1.862237072241365,0.569448224139469,0.4719468243002998,0.5933738371973676,118.62281744217935,74.44757449067622,23.7216,30138,3,low,True
A31_Site4.tif,train,,,False,,0.9967790950428356,0.6243933709157177,0.7716713036102557,0.9978309449716688,0.6902637897685443,0.5270250485374923,0.7206748454508898,0.7369078760572741,165586.0,99609.0,48995.0,45823154.0,matched_unique_sample,A31,4.0,Asbyg,Personal,Indoor,1.9,186.2000000000001,8192.0,5632.0,50.0,23.0,3.413938517326382,80.0,3.2272837378761987,0.4650917920199307,5.0,83.0,218.7639663454684,14.0,14.0,0.0639959141072229,0.013065832463558,,39,214581,3.157425998040257,3.133645526195858,3.192652018305278,0.8942851664949589,0.81566124310752,1.1732336257433942,0.4038979326825623,0.3511969949708494,0.5809760028254651,32845.24219758506,20775.29458946839,10287.7614,393843,3,very high,True
a_E200175-12116-L_14.tif,train,,,False,,0.999674832550452,0.9286238294565616,0.9021758877536926,0.99986485324525,0.9152088236127396,0.8436728132880927,0.9099507228072058,0.9073442643226532,64557.0,4962.0,7000.0,36710681.0,no_sample_prefix_match,,,,,,,,,,,,,,0.4430725904662491,0.1945160273138483,,,,,,,,,3,71557,6.351483087946193,5.812269517162305,4.941182216372579,3.0723352274761,2.97893045692276,2.770887893382397,0.99624613838349,1.0279881448332775,1.2767336963004734,190.47071565325544,83.65963746659926,38.5476,41541,3,very low,False
A33_002.tif,train,,,False,,0.99572771245783,0.4533971023608971,0.7808452263199578,0.9965216943729106,0.5736846886205922,0.4022144921558575,0.6417924604084513,0.6822933493568237,132625.0,159889.0,37223.0,45807607.0,ambiguous_no_site_in_filename,A33,,,,,,,,,,,,,2.1612904288552026,0.3681356256658381,,,,,,,,,40,189422,3.380576311625515,3.2576837177492317,3.120979707930564,1.3426588587700965,1.307108808807072,1.1621913244026456,0.6771388586786682,0.621342934548108,0.593321531909963,43999.70737295562,27615.083642412024,14098.0434,306017,1,high,True
SEMS R15B Sample 2_20.00kV_0.10nA_15.0nm_500.00ns_020.tif,train,,,False,,0.9997045596440628,0.6553215021865892,0.9574702512112844,0.999727419578637,0.7780928219666384,0.6367855398140514,0.8411251137304134,0.8766325473790635,13035.0,6856.0,579.0,25145354.0,no_sample_prefix_match,,,,,,,,,,,,,,17.145820458730064,0.0540971755981445,,,,,,,,,3,13614,3.3424850537003867,3.241158159232766,3.097252467761881,0.7731824034016418,0.7395989600437405,0.7035520963980774,0.3063144356553468,0.2716576325976021,0.2939181965832412,105.6156897311591,81.62470394736842,34.099799999999995,30400,4,very low,True
A94 - Site 23.tif,train,,,False,,0.9951210021972624,0.6334141650637037,0.740795071145303,0.9969376204318802,0.6829092384320848,0.5184982374480582,0.7049429763945516,0.7165017687897773,15150.0,8768.0,5301.0,2854365.0,matched_unique_sample,A94,23.0,Asbyg,Personal,Indoor,1.9,75.99999999999987,8192.0,5632.0,50.0,56.0,1.393444292786275,12.2,24.4521747935902,0.7092215798117898,10.0,154.0,178.5828296697697,19.0,18.0,0.1007935647188763,0.008399463726573,,1,20451,3.298135498125674,3.298135498125674,3.298135498125674,0.7254150917652837,0.7254150917652837,0.7254150917652837,0.2819642157407782,0.2819642157407782,0.2819642157407782,141.80465502909394,110.61514298535472,42.9954,24513,5,high,True
A100 - Site 20.tif,train,,,False,,0.9970193342729016,0.9295310519643308,0.9053977056900204,0.998723388622542,0.917305675553372,0.8472434507516357,0.9125050964836824,0.9101236000961878,47671.0,3614.0,4981.0,2827318.0,matched_unique_sample,A100,20.0,Asbyg,Personal,Indoor,1.9,113.9999999999999,8192.0,5632.0,50.0,38.0,2.090166439179414,23.1,14.955312555486506,1.825922185724432,48.0,79.0,1285.7963736223428,8.0,7.0,0.0054440968598158,0.0006805121074769,,1,52652,4.983306705321754,4.983306705321754,4.983306705321754,0.987024506328588,0.987024506328588,0.987024506328588,0.246985687456816,0.246985687456816,0.246985687456816,88.65900630555345,71.09865589869003,17.7912,52749,5,medium,True
A124 - Site 12.tif,train,,,False,,0.994835940274322,0.7744531631741617,0.7927503824877037,0.997246276314253,0.7834949621249534,0.6440540217519676,0.7871710747348625,0.7890220975383594,26944.0,7847.0,7044.0,2841749.0,matched_unique_sample,A124,12.0,Asbyg,Personal,Indoor,1.9,171.0,8192.0,5632.0,50.0,25.0,3.135249658769124,25.5,6.934426047585228,1.1786720969460227,5.0,67.0,200.9056833784913,24.0,23.0,0.1144815796806988,0.021465296190131,,2,33988,5.825278385568572,5.825278385568572,5.912379778575097,0.910223776305336,0.910223776305336,1.275352342118926,0.1971536598051795,0.1971536598051795,0.2750366176265321,105.18833117570908,82.49828257384932,17.7912,30569,4,high,True
A33_15.00kV_0.20nA_39.7nm_50.00ns_008.tif,train,,,False,,0.9976905015577984,0.5609665221216745,0.9621723050145544,0.997794526893542,0.7087291611371441,0.5488617413224317,0.7921973675518601,0.8417654210254392,70762.0,55381.0,2782.0,25055331.0,ambiguous_no_site_in_filename,A33,,,,,,,,,,,,,0.2201692994226234,0.2920237151337724,,,,,,,,,2,73544,3.950146394567425,3.950146394567425,3.916281402981519,1.9856773829404937,1.9856773829404937,2.0310503767439188,1.014488388729475,1.014488388729475,1.077348265676622,185.8009218970956,89.44139264284803,47.4432,54831,4,low,True
A112 - Site 5.tif,train,,,False,,0.9983777132901244,0.834240863379527,0.92903578257256,0.9988207082102616,0.8790902041869013,0.7842648957753254,0.8984098473237369,0.9083916457453226,17006.0,3379.0,1299.0,2861900.0,matched_unique_sample,A112,5.0,Asbyg,NF,Indoor,1.9,493.9999999999999,8192.0,5632.0,50.0,9.0,9.0573879031108,5.6,1.4243386008522727,0.6348003040660511,3.0,289.0,348.2365178560515,123.0,62.0,0.1780399148880433,0.0964382872310234,,5,18305,4.718649268074255,4.482900832864323,3.990291016722068,1.1236587417914912,1.1511402625970382,1.059865136111967,0.3322918561612636,0.3175827179533355,0.3616761451047959,147.90013657470635,108.61623529411764,37.065,42500,4,medium,True
A33_20.00kV_50pA_39.7nm_25.00ns_013.tif,train,,,False,,0.992043838817394,0.7502353367727304,0.8998675406853393,0.9939158456214948,0.8182670749316058,0.692429784745354,0.8490645234151323,0.8653492735218141,451091.0,150175.0,50195.0,24532795.0,ambiguous_no_site_in_filename,A33,,,,,,,,,,,,,0.1877958991522322,1.990473730889648,,,,,,,,,6,501286,2.296830684788778,2.233358779132718,2.049907252680537,0.7049114934805624,0.7036911546315647,0.5986753219279615,0.4475211208748875,0.4528093303670402,0.4125290445931512,164.11639463300392,116.1862088833358,80.0604,308938,3,low,True
A51_15.00kV_50pA_25.0nm_1.00µs_074.tif,train,,,False,,0.9944794875020324,0.5049304526681696,0.6605749501231364,0.9963574048565028,0.5723601242656156,0.4009135174731589,0.6046592033107688,0.622215445441782,93040.0,91223.0,47807.0,24952186.0,matched_unique_sample,A51,,Asbyg,Personal,Outdoor,1.9,146.3000000000001,8192.0,5632.0,50.0,30.0,2.6823802636135863,4.3,11.713675401012445,0.5592660748048305,15.0,94.0,515.6579206714612,4.0,3.0,0.0058178103733839,0.000933273747397,,21,140847,3.671723119007775,3.356288576094503,3.0851658736164307,0.8896572922344397,0.8333792641095222,0.7663669442989384,0.3596018178297363,0.3712886170802414,0.3305016810914548,219.5552123935902,165.01686206828143,71.1648,151227,2,high,False
A82 - Site 1.tif,train,,,False,,0.9971497709100896,0.4905560681036446,0.9211011197026,0.9973596807987488,0.6401720580750554,0.4707743077913526,0.7291229058705601,0.7835600949558608,116978.0,121482.0,10020.0,45888864.0,ambiguous_site_not_found,A82,1.0,,,,,,,,,,,,1.4749223535711116,0.2752607518976385,,,,,,,,,22,126998,3.618359992740289,3.5821340768705623,3.99928778988037,1.2896211308169043,1.1321482320242358,1.7408958338000975,0.5691596014615534,0.4800936598939471,0.7708563737629457,47250.94295185751,26682.53826336286,11814.8394,233670,4,medium,True
A61 - Site 1.tif,train,,,False,,0.9994814179160376,0.3642928863828051,0.5582317434012556,0.9996430867125612,0.4408767994016543,0.2827722653555914,0.4813540986281018,0.5045140448836719,9433.0,16461.0,7465.0,46103985.0,matched_unique_sample,A61,1.0,Asbyg,Personal,Indoor,1.9,254.5999999999998,8192.0,5632.0,50.0,17.0,4.668038380834025,23.7,0.7713708010586825,0.0366254286332563,5.0,72.0,299.1262396968645,5.0,5.0,0.0167153506996478,0.004666368736985,,8,16898,3.229206946525756,3.2551124001344838,3.329635196319827,1.0907106306924554,0.9471294626941428,1.25824509301445,0.5126591215601151,0.4332103644000972,0.6074399462496708,38060.54716534501,23677.74127682857,11430.846,40209,3,medium,True
A104 - Site 22.tif,train,,,False,,0.997097015380856,0.861645476935079,0.8600139520975119,0.9985431828703224,0.8608289414618928,0.7556625802683142,0.8605027604290181,0.8603397625914966,25889.0,4157.0,4214.0,2849324.0,matched_unique_sample,A104,22.0,Asbyg,Personal,Indoor,1.9,121.6000000000002,8192.0,5632.0,50.0,35.0,2.229510868458048,17.9,0.5799727006392045,1.043943925337358,10.0,166.0,285.73252747163247,45.0,36.0,0.125991955898595,0.0167989274531459,,5,30103,5.409643500876524,5.152155337104805,4.747491881968079,1.0950249962106335,1.1477258491536095,1.2992562873175906,0.2736974972523834,0.2866140738477784,0.3767887232350752,91.50220908215128,66.46060323865694,19.2738,57987,4,medium,True
b_E200175-12116-L_26.tif,train,,,False,,0.999341102339944,0.1193441186136948,0.9634433962235748,0.9993444126285128,0.2123801787164216,0.1188061220779733,0.3086134116510925,0.399013455104784,3268.0,24115.0,124.0,36759693.0,no_sample_prefix_match,,,,,,,,,,,,,,0.6469886264787752,0.0092205984690327,,,,,,,,,3,3392,4.695426077858942,4.726821447848597,4.852904112194912,1.8576774895762105,1.2214565237278652,2.209679477836173,0.6803591250334886,0.6575077877223089,0.835978693939263,187.0678066037736,101.88996594183914,38.5476,11451,1,low,False
A37 - Site 6.tif,train,,,False,,0.9980014020746404,0.3093362628458103,0.9176277532528446,0.9980768461856824,0.4626957859406778,0.3009786753390264,0.5771489542327003,0.6586058516938109,39703.0,88646.0,3564.0,46005431.0,ambiguous_site_not_found,A37,6.0,,,,,,,,,,,,1.4360471205277876,0.0937786969271573,,,,,,,,,27,43267,3.748548106865676,3.652197947688926,3.466712028952545,1.3506836324626976,1.2059740534223082,1.2871781070331143,0.5601387533104356,0.5601946945626096,0.5905749362684716,35664.70619640835,22422.52495193513,10287.7614,131593,2,high,False
A53 - Site 2.tif,train,,,False,,0.9953380931507424,0.7085881343201619,0.9110942511291128,0.996193845204224,0.7971816961118877,0.6627615272689121,0.8391486225940777,0.8618338639803185,26419.0,10865.0,2578.0,2843722.0,matched_unique_sample,A53,2.0,Asbyg,Personal,Outdoor,1.9,140.6000000000001,8192.0,5632.0,50.0,31.0,2.577871941654615,1.6,1.174892078746449,1.005588878284801,13.0,14.0,429.4917053557973,6.0,6.0,0.0139700020400382,0.0021537086478392,,1,28997,3.7946884375034746,3.7946884375034746,3.7946884375034746,1.0862135383398286,1.0862135383398286,1.0862135383398286,0.4010424976339404,0.4010424976339404,0.4010424976339404,37592.965927509744,26832.13820493823,9906.7332,58037,4,low,True
a_E200175-12116-L_13.tif,train,,,False,,0.9998483439892134,0.4195945095070903,0.7745234774505474,0.9998746972030316,0.544311034876628,0.3739198743122276,0.6177577544160451,0.662451787347146,3332.0,4609.0,970.0,36778289.0,no_sample_prefix_match,,,,,,,,,,,,,,0.287407032881002,0.0116942849686847,,,,,,,,,1,4302,6.477653825606772,6.477653825606772,6.477653825606772,3.380339986094284,3.380339986094284,3.380339986094284,1.0913779361537432,1.0913779361537432,1.0913779361537432,230.49046954904696,110.2098599940423,35.5824,6714,1,very low,False
A112_007.tif,train,,,False,,0.9991324814883144,0.3900308651795606,0.9356513110183062,0.99916855238223,0.5505586435348324,0.3798419584753053,0.659060298035412,0.731101408820293,24515.0,38339.0,1686.0,46072804.0,matched_unique_sample,A112,,Asbyg,NF,Indoor,1.9,493.9999999999999,8192.0,5632.0,50.0,9.0,9.0573879031108,5.6,0.3265250812877308,0.0567891381003639,3.0,289.0,348.2365178560515,123.0,62.0,0.1780399148880433,0.0964382872310234,,19,26201,3.309627881066825,3.260777433290932,3.365759852319721,1.207514280510173,1.2380332750727818,1.35199944319483,0.5848811601479942,0.5913283962120209,0.671380486442842,164.6724934162818,98.5248390449002,48.9258,83719,1,high,False
A13 - Site 8.tif,train,,,False,,0.9963748671791768,0.4007897176197557,0.847810401758737,0.996755182478259,0.5442794474264858,0.3738900618420716,0.6352519751846939,0.6931822756100071,99878.0,149325.0,17929.0,45870212.0,ambiguous_site_not_found,A13,8.0,,,,,,,,,,,,0.8218375119295988,0.2553397958928888,,,,,,,,,32,117807,4.2522089687450295,4.095260756309575,4.076339368628574,1.767164051210735,1.669473877054605,1.627360561367886,0.715659977739097,0.671059118675541,0.6645057754449923,35176.6617433599,21133.397229546445,8629.4733,210868,3,high,True
b_E200175-12116-L_14.tif,train,,,False,,0.9990525237038969,0.3198326432021394,0.8172149666607057,0.9991422678196252,0.4597380454157235,0.2984804266880752,0.5572401769038198,0.6233397222501914,14830.0,31538.0,3317.0,36737515.0,no_sample_prefix_match,,,,,,,,,,,,,,0.7857624391092555,0.0493296581419624,,,,,,,,,8,18147,3.8586243154670488,4.177697658317324,3.8695037178044256,1.73646984918375,1.8716514695096893,1.636547900488108,0.8336276792796264,0.8532838172619543,0.7329065302510404,131.94930291508237,76.14334680165251,34.099799999999995,44054,2,medium,False
A124 - Site 22.tif,train,,,False,,0.9894624189896984,0.5249659918378311,0.4147752418282813,0.995836883535823,0.4634103270466089,0.301583653205162,0.4426489440657031,0.4329505708440286,13121.0,11873.0,18513.0,2840077.0,matched_unique_sample,A124,22.0,Asbyg,Personal,Indoor,1.9,171.0,8192.0,5632.0,50.0,25.0,3.135249658769124,25.5,5.117624456232244,1.0970375754616477,5.0,67.0,200.9056833784913,24.0,23.0,0.1144815796806988,0.021465296190131,,2,31634,6.364484633278128,6.364484633278128,3.653964243687189,1.3607630950401637,1.3607630950401637,0.6735739752790597,0.2680090260758296,0.2680090260758296,0.226001937512233,108.34734779035216,88.37453226864174,29.652,25923,4,very high,True
A36 - Site 2.tif,train,,,False,,0.9973384250294076,0.3405369228267047,0.7581534605207133,0.9977112823656836,0.4699763470934345,0.3071693344090641,0.5542445627165289,0.608826831635766,54443.0,105431.0,17367.0,45960103.0,ambiguous_site_not_found,A36,2.0,,,,,,,,,,,,1.6067634929310193,0.1556439833207563,,,,,,,,,22,71810,3.4987299339642832,3.516041214247009,3.138954877597217,1.1488060369832716,1.1097415496942806,0.8979277370184928,0.4872152384956308,0.443409551131064,0.4006768685479963,37076.94013368612,26470.73066332402,11811.8742,145992,1,high,False
A33_15.00kV_50pA_39.7nm_50.00ns_011.tif,train,,,False,,0.9947529122956814,0.7420336348827504,0.947134945995548,0.9954158574542346,0.8321324403703184,0.7125229513474788,0.8746110602553282,0.8975193014166837,327524.0,113863.0,18281.0,24724588.0,ambiguous_no_site_in_filename,A33,,,,,,,,,,,,,0.2090115348255672,1.3730999240160202,,,,,,,,,11,345805,2.798857665606618,2.723633189932137,2.0397201143325114,0.7714336737910702,0.7356629257451227,0.5344002733685473,0.441527095304437,0.3352983258230982,0.3550077922232956,190.5176096354882,140.6025933764831,93.4038,227734,4,low,True
a_E200175-12116-L_21.tif,train,,,False,,0.9970636253914404,0.2255296541953582,0.7035279347141988,0.9973817449545714,0.341564212438339,0.2059556450723537,0.4300728658681,0.49408885064118,28018.0,96214.0,11807.0,36651161.0,no_sample_prefix_match,,,,,,,,,,,,,,1.1947878609951288,0.1082577635699373,,,,,,,,,4,39825,5.515015258158564,5.605491524187302,5.302107076412008,2.751342295454774,2.818654264771104,2.5499966004135057,0.9806626543925848,1.0186691058946309,0.9265604060090412,125.77446327683616,65.28446389496717,23.7216,41587,1,medium,False
a_E200175-12116-L_18.tif,train,,,False,,0.999716015353166,0.935844486538376,0.9051645166617752,0.9998874746392424,0.9202488644604052,0.8522786725299625,0.9141551943530108,0.9111385225630236,60274.0,4132.0,6315.0,36716479.0,no_sample_prefix_match,,,,,,,,,,,,,,0.3126331985038274,0.1810113300278357,,,,,,,,,5,66589,5.180389007069701,4.864566151735018,4.330466549038696,3.2436909355985817,2.9317127941945453,2.562003300557395,1.755919657428547,1.9053456474896011,1.448717298677491,154.08839297781915,62.92616671044567,35.5824,45684,1,low,False
b_E200175-12116-L_21.tif,train,,,False,,0.998279591814544,0.4575313882792559,0.6788243248050602,0.998768424290396,0.5466306582519289,0.376112693828024,0.5928078121236154,0.6189510568920844,38154.0,45237.0,18052.0,36685757.0,no_sample_prefix_match,,,,,,,,,,,,,,0.6627495433194155,0.1527868389004871,,,,,,,,,9,56206,7.043678532067247,6.592594252177202,5.905160236697769,2.8872773787826747,2.855513753063683,2.405122009923623,0.740979790432808,0.7497016360341847,0.687170211814427,148.83483969682953,88.21566351026134,25.2042,82689,2,medium,False
A51_10.00kV_0.20nA_14.4nm_700.00ns_088.tif,train,,,False,,0.9872395277430468,0.6248314849562697,0.7802066713069383,0.9911505008368416,0.6939280486190347,0.5313092038193724,0.726043666096191,0.7432426366957788,364298.0,218736.0,102627.0,24498595.0,matched_unique_sample,A51,,Asbyg,Personal,Outdoor,1.9,146.3000000000001,8192.0,5632.0,50.0,30.0,2.6823802636135863,4.3,3.404265744439701,1.8540353147617303,15.0,94.0,515.6579206714612,4.0,3.0,0.0058178103733839,0.000933273747397,,11,466925,3.353635829539485,3.3817039713261554,1.852789496991491,0.901151329014488,0.7926793865258024,0.1083182368805667,0.3634143673472438,0.3228685141912908,0.0620923023202767,131.85339401402794,124.1449483489866,71.1648,208902,3,medium,True
a_E200175-12116-L_15.tif,train,,,False,,0.9993526824547668,0.2906875543950389,0.9819545823185504,0.9993573487758872,0.4485816834547995,0.2891429594912418,0.5730987923859553,0.6654574934387698,9686.0,23635.0,178.0,36753701.0,no_sample_prefix_match,,,,,,,,,,,,,,0.3111761699721642,0.0268136743215031,,,,,,,,,1,9864,10.280096640535287,10.280096640535287,10.280096640535287,5.818559683642213,5.818559683642213,5.818559683642213,1.3041603687206702,1.3041603687206702,1.3041603687206702,152.41271289537713,66.14674696751209,14.826,11789,4,low,True
SEMS R15B Sample 2_10.00kV_0.10nA_33.7nm_1.00µs_003.tif,train,,,False,,0.99774828253542,0.4917162256164586,0.8528267260274851,0.9980661859497943,0.6237788659921559,0.4532548226283819,0.6988570537384288,0.743607447334945,50188.0,51879.0,8661.0,26775416.0,no_sample_prefix_match,,,,,,,,,,,,,,0.0752398825896495,0.2335512492359413,,,,,,,,,14,58689,5.020297687351468,4.808952514071976,5.393735479675077,0.9730140845694684,0.8774056201173275,1.7858078919329676,0.263178690845726,0.2515539211885471,0.4949677753664114,183.92530116376156,123.02960919256763,34.099799999999995,129757,4,very low,True
a_E200175-12116-L_7.tif,train,,,False,,0.999210268789144,0.0901628403630238,0.6020499108720988,0.999258727850192,0.1568377060598569,0.0850916419978317,0.2227167820637794,0.2819282136894236,2702.0,27266.0,1786.0,36755446.0,no_sample_prefix_match,,,,,,,,,,,,,,2.221030684585943,0.0121998956158663,,,,,,,,,2,4488,5.779724029136887,5.779724029136887,4.590420308349839,1.3649374875495977,1.3649374875495977,1.0502447551994445,0.3184166957452742,0.3184166957452742,0.2966645973727346,142.9209001782531,110.22194981251803,31.1346,13868,0,low,False
A85 - Site 2.tif,train,,,False,,0.9982899752530152,0.8683616751965032,0.9953635073329142,0.9983225094753284,0.927535379957834,0.864863383485197,0.9535262462945928,0.9670756671283162,31558.0,4784.0,147.0,2847095.0,ambiguous_site_not_found,A85,2.0,,,,,,,,,,,,0.064849853515625,1.0994997891512786,,,,,,,,,1,31705,4.260084518199768,4.260084518199768,4.260084518199768,1.621922852148342,1.621922852148342,1.621922852148342,0.6147928207050787,0.6147928207050787,0.6147928207050787,45449.94540293329,28145.991745914504,10668.7896,54155,5,very low,True
b_E200175-12116-L_16.tif,train,,,False,,0.997984054236256,0.6332357437105964,0.6982078921306565,0.998842271768769,0.6641365536418381,0.4971590138590967,0.6773581158167848,0.6841682917953423,73323.0,42468.0,31693.0,36639716.0,no_sample_prefix_match,,,,,,,,,,,,,,0.7656875217466945,0.2854688587334725,,,,,,,,,17,105016,5.098108006965021,5.084359078625391,4.475762993869972,2.719064492111414,2.1048987537798123,2.6388588307376786,1.1319218268664102,0.8620436285517508,1.4365794815523514,159.25838919783652,65.36145871260756,35.5824,104366,2,medium,False
A33_10.00kV_0.20nA_42.2nm_50.00ns_007.tif,train,,,False,,0.9958574912834428,0.8058966922936426,0.916026032192768,0.9969581459153628,0.8574395806515853,0.7504544758697054,0.8799512649625236,0.8916562790065765,313738.0,75565.0,28761.0,24766192.0,ambiguous_no_site_in_filename,A33,,,,,,,,,,,,,0.1659965654732861,1.359972674991868,,,,,,,,,10,342499,3.0941212469165524,3.238349304666229,3.080924095256825,0.8980376349562296,0.8111707971904139,1.0221157478112246,0.418769609514273,0.3541680583666887,0.4964598812567295,141.60112000327007,94.62406695419634,45.9606,222122,4,very low,True
A104 - Site 44.tif,train,,,False,,0.992667111483484,0.7098239636569124,0.986096045754662,0.9927847253624282,0.8254570968673222,0.7027900766040196,0.8829944106452248,0.9148796018443638,50000.0,20440.0,705.0,2812439.0,matched_unique_sample,A104,44.0,Asbyg,Personal,Indoor,1.9,121.6000000000002,8192.0,5632.0,50.0,35.0,2.229510868458048,17.9,15.916581587357957,1.7584020441228694,10.0,166.0,285.73252747163247,45.0,36.0,0.125991955898595,0.0167989274531459,,1,50705,6.042124147863651,6.042124147863651,6.042124147863651,1.4144573902783537,1.4144573902783537,1.4144573902783537,0.3056523868691433,0.3056523868691433,0.3056523868691433,98.5385859382704,75.47076612903226,16.3086,59520,5,low,True
A112_001.tif,train,,,False,,0.9989898855035954,0.43899899954027,0.864050026609669,0.999099886932176,0.5821992720491472,0.4106354726524931,0.6695631374261958,0.7238748740447142,32471.0,41495.0,5109.0,46058269.0,matched_unique_sample,A112,,Asbyg,NF,Indoor,1.9,493.9999999999999,8192.0,5632.0,50.0,9.0,9.0573879031108,5.6,0.3594030033458363,0.0814524563876065,3.0,289.0,348.2365178560515,123.0,62.0,0.1780399148880433,0.0964382872310234,,24,37580,3.377904945868139,3.149780180677712,3.647212449070525,1.142177324715444,1.0292062219479754,1.422568408093455,0.5095041126928936,0.4822828756540203,0.6394588894859475,156.81335816923897,95.64946042167196,42.9954,126117,1,high,False
A82 - Site 4.tif,train,,,False,,0.9984237497503106,0.3862699830116839,0.951153062318792,0.9984715581304864,0.5494175960346623,0.3787565563547198,0.6611099513910683,0.7359126292552329,44338.0,70447.0,2277.0,46020282.0,ambiguous_site_not_found,A82,4.0,,,,,,,,,,,,0.6521940231323242,0.1010352914983576,,,,,,,,,16,46615,3.5592401455679217,3.633204999185762,3.9308526265209367,1.21116124583332,1.2114803776924463,1.634576116657538,0.5350720308660875,0.5093233599224589,0.711837668345163,46057.75226858308,26905.443851518983,11716.9878,106815,4,low,True
A44_20.00kV_0.40nA_16.9nm_250.00ns_057.tif,train,,,False,,0.9939058354552937,0.800699766744374,0.5507764598017095,0.9985600957785477,0.6526294347309307,0.4843726377535944,0.607679128021268,0.5874486602777187,144174.0,35886.0,117591.0,24886605.0,ambiguous_no_site_in_filename,A44,,,,,,,,,,,,,0.9588530230950638,1.039399377134667,,,,,,,,,1,261765,3.188513764976252,3.188513764976252,3.188513764976252,1.1452583183805085,1.1452583183805085,1.1452583183805085,0.5605066758562196,0.5605066758562196,0.5605066758562196,212.72807288980573,136.31987365096077,66.717,37990,3,low,False
A51 - Site 5.tif,train,,,False,,0.9877038435502452,0.8607962580223147,0.777391372687633,0.9953997262914396,0.8169706230029052,0.6905750938126634,0.800664952683254,0.7927537857992797,79133.0,12797.0,22660.0,2768994.0,matched_unique_sample,A51,5.0,Asbyg,Personal,Outdoor,1.9,146.3000000000001,8192.0,5632.0,50.0,30.0,2.6823802636135863,4.3,12.05690557306463,3.530086170543324,15.0,94.0,515.6579206714612,4.0,3.0,0.0058178103733839,0.000933273747397,,2,101793,5.459799123720451,5.459799123720451,5.290883955757615,0.8438358753319508,0.8438358753319508,0.6711121832917896,0.1829543112033724,0.1829543112033724,0.1452695536136214,70.59838102816501,61.64346271491822,13.3434,71597,4,low,True
A51_15.00kV_0.20nA_25.0nm_500.00ns_071.tif,train,,,False,,0.9958345801440388,0.3921235540455367,0.8972946034456931,0.9961101417988494,0.5457505726669808,0.3752798951881624,0.647170522454287,0.7134640771510639,63017.0,97690.0,7213.0,25016336.0,matched_unique_sample,A51,,Asbyg,Personal,Outdoor,1.9,146.3000000000001,8192.0,5632.0,50.0,30.0,2.6823802636135863,4.3,7.80705215194763,0.2788647002317638,15.0,94.0,515.6579206714612,4.0,3.0,0.0058178103733839,0.000933273747397,,15,70230,3.582445056394057,3.4433227679431417,2.921988089115123,1.0738801086471863,0.9585757722011372,0.878281782129718,0.4401650728619563,0.4146406980464361,0.429749509051164,216.60697707532395,151.49994855726513,74.13,106915,2,medium,False
A30_Site3.tif,train,,,False,,0.9977527098222212,0.7020726359581432,0.8398702741479472,0.9984426148266524,0.7648142267386299,0.6191896338954935,0.7931671735268062,0.8081468535155855,168588.0,71541.0,32143.0,45865072.0,matched_sample_and_site,A30,3.0,Asbyg,Personal,Indoor,1.9,190.0000000000001,8192.0,5632.0,50.0,23.0,3.483610731965696,85.0,2.9837651686234907,0.4350727254694158,5.0,85.0,223.22853708721263,29.0,23.0,0.1030334217126289,0.021465296190131,,35,200731,3.127455002799065,3.1577341487696167,2.8359852804095027,0.9088545502094896,0.8701583728535639,0.8925740920496585,0.4108234341557273,0.3723617169739403,0.459282161899355,36740.07246513992,25176.81187668025,12954.9588,368992,3,very high,True
A55 - Site 2.tif,train,,,False,,0.997921900315718,0.7345456223276802,0.7646522003649967,0.9988731438887244,0.7492966143354509,0.5991001726898816,0.755364241203659,0.758435055104431,143279.0,51779.0,44099.0,45898187.0,matched_unique_sample,A55,2.0,Asbyg,NF,Indoor,1.9,220.4,8192.0,5632.0,50.0,20.0,4.040988449080205,2.6,0.2225789156827059,0.4061308774081143,5.0,188.0,258.9451030211665,7.0,6.0,0.0231709344181324,0.005599642484382,,81,187378,3.627017691459093,3.4778800656485074,3.843051071624611,1.0716504463512584,0.9248771622393256,1.307189383750766,0.4295489943391467,0.3827547532091314,0.5154813411160994,31912.859812784853,21057.903483837672,8304.042599999999,480562,2,medium,True
b_E200175-12116-L_15.tif,train,,,False,,0.996267886656228,0.759014846983404,0.6891174518911479,0.9984474374121152,0.7223792711581168,0.5654097924764632,0.7086965319409502,0.7020477144990709,178622.0,56712.0,80582.0,36471284.0,no_sample_prefix_match,,,,,,,,,,,,,,0.7319448068893528,0.7046037752261657,,,,,,,,,12,259204,5.470847694006868,5.68818216887877,4.603804901044724,2.7326837061000098,2.7406974020402552,2.7228355562892785,1.1081132234055155,0.936284842387044,1.4475704048503453,170.64002870326075,69.7181287821703,37.065,128729,1,medium,False
A44_15.00kV_0.10nA_33.7nm_250.00ns_052.tif,train,,,False,,0.997098862082723,0.1816092734723243,0.954315626672444,0.9971274398334828,0.3051479329332371,0.1800439925481808,0.4192155028468349,0.5155802085073777,16043.0,72295.0,768.0,25095150.0,ambiguous_no_site_in_filename,A44,,,,,,,,,,,,,0.1733424247275758,0.0667520215804667,,,,,,,,,1,16811,2.6537853840629357,2.6537853840629357,2.6537853840629357,0.9218456173443508,0.9218456173443508,0.9218456173443508,0.5322619383184953,0.5322619383184953,0.5322619383184953,236.07013265124027,154.06643390553776,88.95599999999999,10311,1,low,False
A44_15.00kV_0.10nA_22.5nm_500.00ns_068.tif,train,,,False,,0.998603492594738,0.6930757980734588,0.9354706963445736,0.998788170875154,0.7962340672073698,0.6614525677431139,0.8466400532267753,0.8743145063809531,68715.0,30430.0,4740.0,25080371.0,ambiguous_no_site_in_filename,A44,,,,,,,,,,,,,0.3536534889098967,0.2916703197426201,,,,,,,,,1,73455,3.218021281748536,3.218021281748536,3.218021281748536,0.998784884667608,0.998784884667608,0.998784884667608,0.4500579054641956,0.4500579054641956,0.4500579054641956,214.69672588659725,148.0607947262406,66.717,27305,3,low,False
A112_009.tif,train,,,False,,0.9992736903103914,0.6947425574436312,0.894592785421957,0.9994264395106076,0.7821026347959019,0.642174502664135,0.8235240953955251,0.8459248923235091,60139.0,26424.0,7086.0,46043695.0,matched_unique_sample,A112,,Asbyg,NF,Indoor,1.9,493.9999999999999,8192.0,5632.0,50.0,9.0,9.0573879031108,5.6,0.3202113238247958,0.1457062634554776,3.0,289.0,348.2365178560515,123.0,62.0,0.1780399148880433,0.0964382872310234,,26,67225,3.354440237494511,3.3311756965676493,3.454997716931175,1.212027956646793,1.3640189007519996,1.4152264119460911,0.5786729139780833,0.6147361726042517,0.6938162177032051,169.03852733358124,99.7974429338369,48.9258,175279,3,medium,True
b_E200175-12116-L_3.tif,train,,,False,,0.9957936999826024,0.2968929978018954,0.7978615553061277,0.996192543280253,0.4327536401894352,0.2761235573976658,0.5297142549448496,0.5965435342867129,59025.0,139784.0,14954.0,36573437.0,no_sample_prefix_match,,,,,,,,,,,,,,1.9999565066109952,0.2010998390744606,,,,,,,,,14,73979,5.913298385929878,5.542889051908125,3.8790611291922863,2.2473318538561697,1.6683523887232905,1.8340195922979008,0.765669484126726,0.7157803888136013,0.8968128807941071,138.02630476216223,72.76748600284121,35.5824,83767,3,medium,False
b_E200175-12116-L_20.tif,train,,,False,,0.9975977513917884,0.5645680683249775,0.8757375031671123,0.9979649200642192,0.6865396347951687,0.5226953572277031,0.751480815403528,0.788787313676126,96776.0,74640.0,13732.0,36602052.0,no_sample_prefix_match,,,,,,,,,,,,,,0.6384122738343772,0.3003979645093945,,,,,,,,,5,110508,5.327816182787167,5.1643338544340125,4.054893989410915,2.973557343461171,3.316405849370595,2.2003203333430967,1.3288725005397195,1.2400053409075278,1.1864291966851763,126.24750244326202,57.74140897075483,31.1346,71499,3,medium,True
A52_15.00kV_0.10nA_16.9nm_1.00µs_026.tif,train,,,False,,0.9981016314319544,0.6314145122236428,0.9316464773220822,0.9983083435851322,0.752696292694495,0.6034587152158086,0.815340358316647,0.8507423942301422,72756.0,42471.0,5338.0,25063691.0,matched_unique_sample,A52,,Asbyg,Personal,Outdoor,1.9,152.0000000000001,8192.0,5632.0,50.0,28.0,2.786888585572557,0.9,5.209532495222412,0.3100905581645929,35.0,33.0,1250.079807688391,6.0,6.0,0.0047996935580417,0.0007999489263402,,3,78094,3.052803094997301,3.057742598189624,2.973058763172576,0.8613617822066099,0.8077200182840962,0.8245734965326663,0.3899434102979259,0.3589830721775689,0.3837929490341787,123.4199938535611,89.18963919845409,41.5128,75554,4,low,False
A52_10.00kV_0.40nA_33.7nm_200.00ns_033.tif,train,,,False,,0.9988953018901964,0.689108637544306,0.9474292615595328,0.99901402100811,0.7978815375561547,0.6637295428722576,0.8516535071596633,0.8813521781418342,54913.0,24774.0,3047.0,25101522.0,matched_unique_sample,A52,,Asbyg,Personal,Outdoor,1.9,152.0000000000001,8192.0,5632.0,50.0,28.0,2.786888585572557,0.9,0.3800072553265023,0.2301437850695291,35.0,33.0,1250.079807688391,6.0,6.0,0.0047996935580417,0.0007999489263402,,1,57960,3.966293103317187,3.966293103317187,3.966293103317187,1.054465868868565,1.054465868868565,1.054465868868565,0.3621320167393698,0.3621320167393698,0.3621320167393698,235.21704623878537,172.68300234085933,59.304,79458,4,low,True
A74 - Site 8.tif,train,,,False,,0.9985621408982708,0.3025866328656731,0.9522022783352088,0.998591885648058,0.4592384880621095,0.2980594235408327,0.5791764587354344,0.6661668858134445,28169.0,64925.0,1414.0,46042836.0,matched_unique_sample,A74,8.0,Asbyg,NF,Indoor,1.9,237.4999999999999,8192.0,5632.0,50.0,18.0,4.354513414957115,6.5,0.3884185444224964,0.0641194256869229,15.0,147.0,837.1070140770465,5.0,0.0,0.0011945903966681,0.0003110912491323,,6,29583,3.972566070179344,3.958600353757056,4.462912837903829,1.565687356679747,1.451395566802726,1.957222439718004,0.6511994274106448,0.6451719666763011,0.7811110427427168,52715.36500692966,29596.89976754393,11811.8742,61517,4,medium,True
A91 - Site 1.tif,train,,,False,,0.9997349435632876,0.2385384134914187,0.9901477832486644,0.9997357450998662,0.38445663663342,0.237973579262065,0.5090031854342868,0.6073859660281801,3819.0,12191.0,38.0,46121296.0,matched_unique_sample,A91,1.0,Asbyg,Personal,Indoor,1.9,37.99999999999986,8192.0,5632.0,50.0,112.0,0.6967221463931359,5.4,0.1518769697709517,0.008359822359952,10.0,53.0,89.29141483488466,5.0,5.0,0.0559964248438203,0.0023331843684925,,1,3857,5.1799949878923055,5.1799949878923055,5.1799949878923055,2.434720553111626,2.434720553111626,2.434720553111626,0.8868769264172253,0.8868769264172253,0.8868769264172253,207.3562354161265,109.8938847066103,40.0302,9697,5,low,True
A125 - Site 37.tif,train,,,False,,0.9966565912420066,0.6879844961237745,0.9356784429008383,0.9970766676385469,0.792938295998627,0.6569161239811192,0.8444686389229391,0.8728297461889707,18460.0,8372.0,1269.0,2855483.0,matched_unique_sample,A125,37.0,Asbyg,NF,Indoor,1.9,408.4999999999999,8192.0,5632.0,50.0,11.0,7.489763073726238,20.7,5.100666392933239,0.6841832941228693,3.0,206.0,287.96481284250405,63.0,39.0,0.1354332135757509,0.0606627935808051,,3,19729,4.081660482086104,3.4388174984569395,3.930523760005193,0.79529313931347,0.6324566094010635,0.7024344804866925,0.2365028226489388,0.2895210265600337,0.2176006979873929,87.41091793806072,71.78947751949282,22.239,27446,3,high,True
A104 - Site 2.tif,train,,,False,,0.971090490167788,0.7117551484088198,0.4668179927917533,0.9921171464077186,0.5638345184091957,0.3925971802251162,0.5205603061414252,0.501322108898593,53882.0,21821.0,61542.0,2746339.0,matched_unique_sample,A104,2.0,Asbyg,Personal,Indoor,1.9,121.6000000000002,8192.0,5632.0,50.0,35.0,2.229510868458048,17.9,20.86108814586293,4.002796519886364,10.0,166.0,285.73252747163247,45.0,36.0,0.125991955898595,0.0167989274531459,,2,115424,3.6227955730184735,3.6227955730184735,3.462395091630412,0.510422309328833,0.510422309328833,0.5533701223103012,0.1646521587226827,0.1646521587226827,0.1902252913244368,128.33367410590515,107.82301051694016,37.065,58382,4,high,True
b_E200175-12116-L_17.tif,train,,,False,,0.9973628327244256,0.7880447931427327,0.6943539300179322,0.9989944022682806,0.7382386271652707,0.5850857722064441,0.7200354957082657,0.7112664632738679,136803.0,36795.0,60219.0,36553383.0,no_sample_prefix_match,,,,,,,,,,,,,,0.7337171624913013,0.535572155532359,,,,,,,,,11,197022,4.295914626746999,4.701998648432123,4.1659207576473705,2.333471222160676,2.629162343626569,2.3087434576838457,1.1567928252380064,1.2121874382231694,1.2431464983793568,142.057064693283,63.329374511867975,34.099799999999995,117796,2,medium,False
A94 - Site 4.tif,train,,,False,,0.9828217246315664,0.6998660933353822,0.8621972211975018,0.9870473239654982,0.7725968534951373,0.6294564713274315,0.8061053520980268,0.8239737415714552,84147.0,36086.0,13449.0,2749902.0,matched_unique_sample,A94,4.0,Asbyg,Personal,Indoor,1.9,75.99999999999987,8192.0,5632.0,50.0,56.0,1.393444292786275,12.2,7.310763272372159,3.3845381303267046,10.0,154.0,178.5828296697697,19.0,18.0,0.1007935647188763,0.008399463726573,,1,97596,3.757959230544676,3.757959230544676,3.757959230544676,0.8247676157587472,0.8247676157587472,0.8247676157587472,0.2811843629809208,0.2811843629809208,0.2811843629809208,195.00426246977332,152.20624611218852,51.891,54658,5,medium,True
A52_20.00kV_0.40nA_33.7nm_200.00ns_034.tif,train,,,False,,0.9969695749598476,0.7404837289022964,0.9447715180998087,0.997382248717548,0.8302456710076886,0.7097607167847854,0.8725543227982594,0.8953679378707166,186633.0,65409.0,10910.0,24921304.0,matched_unique_sample,A52,,Asbyg,Personal,Outdoor,1.9,152.0000000000001,8192.0,5632.0,50.0,28.0,2.786888585572557,0.9,3.848491692587623,0.7843908511730504,35.0,33.0,1250.079807688391,6.0,6.0,0.0047996935580417,0.0007999489263402,,1,197543,1.9474807552754008,1.9474807552754008,1.9474807552754008,0.7250714574967264,0.7250714574967264,0.7250714574967264,0.5931494948184073,0.5931494948184073,0.5931494948184073,199.22611279569512,125.0517377294038,102.2994,72307,2,very low,False
A110 - Site 29.tif,train,,,False,,0.9902309070933916,0.6472770056033966,0.7558976269763732,0.9937732407768208,0.6973831213474672,0.535370862128596,0.7196670716672314,0.7313517581372383,32459.0,17688.0,10482.0,2822955.0,matched_unique_sample,A110,29.0,Asbyg,NF,Indoor,1.9,94.99999999999996,8192.0,5632.0,50.0,45.0,1.741805365982846,31.9,14.711206609552557,1.4891537753018464,5.0,157.0,111.6142685436062,46.0,38.0,0.3404582630504263,0.035464402401086,,2,42941,3.636282646326736,3.636282646326736,3.435479672948249,0.8689425462718735,0.8689425462718735,0.6550919169295307,0.315398957240922,0.315398957240922,0.2356117111478394,101.86884329661628,82.44405776927093,29.652,51723,4,high,True
A44_20.00kV_0.40nA_33.7nm_250.00ns_056.tif,train,,,False,,0.9985907068289008,0.6969660809641024,0.9331886508579847,0.9987863387962684,0.7979620880058748,0.6638410320038015,0.847060444407817,0.8739472955751906,70089.0,30474.0,5018.0,25078675.0,ambiguous_no_site_in_filename,A44,,,,,,,,,,,,,0.176475334431162,0.2982299735199642,,,,,,,,,2,75107,2.564468001914979,2.564468001914979,2.83005833232294,0.8484876333475531,0.8484876333475531,1.211065698868932,0.5472367724043038,0.5472367724043038,0.7480365714698126,201.40053523639608,115.21528697741766,71.1648,32459,3,low,False
A55 - Site 1.tif,train,,,False,,0.997975544496016,0.7391855601612813,0.80753484520903,0.9987865706211564,0.771850031632178,0.6284656202515283,0.785738689853615,0.792872154853828,157995.0,55747.0,37656.0,45885946.0,matched_unique_sample,A55,1.0,Asbyg,NF,Indoor,1.9,220.4,8192.0,5632.0,50.0,20.0,4.040988449080205,2.6,0.2879858016967773,0.42406212199818,5.0,188.0,258.9451030211665,7.0,6.0,0.0231709344181324,0.005599642484382,,71,195651,3.4176447789805406,3.367198865237283,3.7836683983992,0.9277193583365048,0.8454732683699463,1.362034431162957,0.3848063212042771,0.3160197569871443,0.562444386486896,129.0223356895697,82.57723398017876,34.099799999999995,440033,1,medium,True
a_E200175-12116-L_25.tif,train,,,False,,0.9949139918232428,0.4342324731880558,0.7558196053702769,0.9959075971047976,0.5515748805238125,0.3808100764803676,0.6184211233466822,0.658312070208352,115069.0,149925.0,37175.0,36485031.0,no_sample_prefix_match,,,,,,,,,,,,,,1.477687891440501,0.4138504697286012,,,,,,,,,12,152244,4.427278860264779,3.881712436697242,3.8434209874574887,1.6945209238814165,1.4886657069208835,1.4459393738717912,0.5651609184974715,0.5885675517793951,0.6031075965360643,142.45639893854602,88.86265603152869,37.065,138033,3,medium,True
A36 - Site 3.tif,train,,,False,,0.9980274547230112,0.4501256824692922,0.8736851769271997,0.9982332813690198,0.5941455061140131,0.4226223330351266,0.6813453643148824,0.7353038571579789,66615.0,81377.0,9631.0,45979721.0,matched_sample_and_site,A36,3.0,Asbyg,Personal,Indoor,1.9,140.6000000000001,8192.0,5632.0,50.0,31.0,2.577871941654615,35.0,1.981895620172674,0.1652587543834339,5.0,98.0,165.1891174445374,12.0,11.0,0.0665903430575157,0.010266011221367,,21,76246,3.481634824191929,3.6185238720173434,3.1261964656262253,1.0375666879767254,1.14312459650986,0.9920487474208964,0.4287236564163701,0.4846371497631959,0.4648453989186653,38117.40838863678,26021.454835281616,12192.9024,165616,2,very high,True
A55 - Site 4.tif,train,,,False,,0.998427997935902,0.706233973825263,0.866531829696762,0.9988491318859328,0.7782140432636497,0.6369479359072228,0.81128899600232,0.828903654485039,127245.0,52929.0,19599.0,45937571.0,matched_unique_sample,A55,4.0,Asbyg,NF,Indoor,1.9,220.4,8192.0,5632.0,50.0,20.0,4.040988449080205,2.6,0.1090634952891956,0.3182757984508167,5.0,188.0,258.9451030211665,7.0,6.0,0.0231709344181324,0.005599642484382,,57,146844,3.68886431279316,3.545326303009681,3.837325169158021,1.1049963645008158,0.9392137938262086,1.1921473747830482,0.4423905598530664,0.3842089086108342,0.450687049209929,30704.71114243687,21165.634007110435,8001.592199999999,447230,3,medium,True
A52_10.00kV_0.10nA_33.7nm_200.00ns_032.tif,train,,,False,,0.9977350929088392,0.7232935153583177,0.910694005340794,0.998187829938125,0.8062473674913787,0.6753889755175522,0.8450128591079762,0.8658279637670883,118678.0,45402.0,11638.0,25008538.0,matched_unique_sample,A52,,Asbyg,Personal,Outdoor,1.9,152.0000000000001,8192.0,5632.0,50.0,28.0,2.786888585572557,0.9,1.7645746612486783,0.517450267341628,35.0,33.0,1250.079807688391,6.0,6.0,0.0047996935580417,0.0007999489263402,,2,130316,3.16146770817304,3.16146770817304,2.023372967376375,1.0688571352345273,1.0688571352345273,0.5028910358861078,0.6496494238001077,0.6496494238001077,0.3307444997773523,191.9905767518954,144.2730567593629,94.8864,90223,4,low,True
b_E200175-12116-L_2.tif,train,,,False,,0.9946967967118996,0.2787409204752697,0.8717419197163963,0.9949709259123288,0.422414201463714,0.2677598910028462,0.5321248593958924,0.611540393606414,71339.0,184594.0,10496.0,36520771.0,no_sample_prefix_match,,,,,,,,,,,,,,1.7650025008698678,0.2224550930758524,,,,,,,,,18,81835,4.807980393965735,4.2316158662518575,3.212677816681313,1.6001716577793157,1.380137477339794,0.9017920681835736,0.5362128842671827,0.4708320601847024,0.3902365439984953,109.55167104539622,78.80074186973208,34.099799999999995,108914,3,medium,False
A52 - Site 2.tif,train,,,False,,0.993757074529471,0.9746351997531404,0.9191702307177028,0.9984839930538746,0.9460904980085364,0.8976961458463056,0.93513535913232,0.9297523822977072,157964.0,4111.0,13891.0,2707618.0,matched_unique_sample,A52,2.0,Asbyg,Personal,Outdoor,1.9,152.0000000000001,8192.0,5632.0,50.0,28.0,2.786888585572557,0.9,3.5595286976207388,5.95977089621804,35.0,33.0,1250.079807688391,6.0,6.0,0.0047996935580417,0.0007999489263402,,1,171855,5.019243734527199,5.019243734527199,5.019243734527199,2.001641439090261,2.001641439090261,2.001641439090261,0.6633218174392829,0.6633218174392829,0.6633218174392829,193.4797998312531,116.32132627376096,38.5476,57605,5,very low,True
A51_10.00kV_0.40nA_42.2nm_400.00ns_082.tif,train,,,False,,0.9790157390395012,0.5412752494058014,0.4944609290802886,0.9902684713732915,0.5168101071849435,0.3484450033596514,0.5076323023715412,0.5031645625960256,282622.0,239519.0,288954.0,24373161.0,matched_unique_sample,A51,,Asbyg,Personal,Outdoor,1.9,146.3000000000001,8192.0,5632.0,50.0,30.0,2.6823802636135863,4.3,1.073885208282508,2.2695766752053346,15.0,94.0,515.6579206714612,4.0,3.0,0.0058178103733839,0.000933273747397,,11,571576,2.945770948861893,2.9624631765030496,1.7366808478862636,0.8708075385102494,0.6864890864659008,0.4395808682810023,0.4191022235106567,0.3487634543652113,0.3388951315647042,146.76377244670874,109.61558450944834,84.5082,304392,4,medium,True
A112_006.tif,train,,,False,,0.9991227496754038,0.6216711823547557,0.941493096185203,0.9992029214175886,0.7488645106847218,0.59854789275825,0.8156140521602635,0.8536592266493651,60345.0,36724.0,3750.0,46036525.0,matched_unique_sample,A112,,Asbyg,NF,Indoor,1.9,493.9999999999999,8192.0,5632.0,50.0,9.0,9.0573879031108,5.6,0.2591631629250266,0.1389221711592241,3.0,289.0,348.2365178560515,123.0,62.0,0.1780399148880433,0.0964382872310234,,20,64095,3.355874216404947,3.254704294582398,3.4868607118698782,1.2598448348824174,1.1831758384701525,1.4455625217535777,0.6113215514332004,0.6171308206362083,0.7081584300611852,160.25821046883533,93.81928961707224,45.9606,131957,2,medium,False
C39 - Site 4.tif,train,,,False,,0.9901344992897694,0.44138395771465,0.9160438792006836,0.9907271044914452,0.5957253296952314,0.4242227979273753,0.6925994950894522,0.7538971736049123,20960.0,26527.0,1921.0,2834176.0,matched_unique_sample,C39,4.0,Brøndby Strand,NF,Indoor,2.0,296.0000000009313,8192.0,5632.0,50.0,15.0,5.427098824553104,12.0,2.72733514959162,0.7934917103160511,5.0,112.0,347.7665630422253,27.0,22.0,0.0632608259044409,0.0195054213205359,,2,22881,5.371878461770254,5.371878461770254,4.379665030490591,1.5996976018818527,1.5996976018818527,0.9891800114273066,0.4041949435769291,0.4041949435769291,0.2917517717183148,97.39937065687688,75.40099637285321,22.239,45766,5,medium,True
SEMS R15B Sample 2_20.00kV_0.10nA_45.0nm_2.00µs_009.tif,train,,,False,,0.9992468357086176,0.7053866272156222,0.7738747355300195,0.9995562509427972,0.7380452208523498,0.5848428430619681,0.7519713867295393,0.7591334262075592,26701.0,11152.0,7802.0,25120169.0,no_sample_prefix_match,,,,,,,,,,,,,,0.1053929328918457,0.1371026039123535,,,,,,,,,11,34503,5.019206787584614,5.117913194597422,4.922061762777696,1.0655105095123922,0.8801497617740481,1.0162449959382744,0.2692123475989538,0.2814187061779952,0.2601875757348785,116.75918036112802,92.6522230553162,23.7216,89359,4,very low,True
A32 - Site 4.tif,train,,,False,,0.9984150799837976,0.3550302615050478,0.8746249062263517,0.9985296353454002,0.5050494111276225,0.337836858881453,0.6077765686394903,0.6765853729307573,37308.0,67776.0,5348.0,46026912.0,ambiguous_site_not_found,A32,4.0,,,,,,,,,,,,2.5619203394109555,0.0924543900923295,,,,,,,,,31,42656,3.645124750858237,3.548425500879459,3.172379664606417,1.1560758433169658,1.193203780835265,0.988755939694637,0.4675880312332303,0.4566753500445599,0.4528050911033887,32834.22660352588,22600.572371744744,10350.0306,144497,1,very high,False
A82 - Site 3.tif,train,,,False,,0.9978092583743008,0.6264941487728796,0.9080428080903714,0.998120851852074,0.7414399549774058,0.589117664993167,0.8001638756819198,0.8331579861170901,144920.0,86399.0,14676.0,45891349.0,ambiguous_site_not_found,A82,3.0,,,,,,,,,,,,2.026963233947754,0.3459150140935724,,,,,,,,,19,159596,3.579673300403019,3.493954033013231,3.7386538013045767,1.302474566843939,1.357155645221101,1.653961799958111,0.5768662458574318,0.5722646350017103,0.793384249994347,46976.31586631244,26194.227961159235,12565.035,267142,4,medium,True
b_E200175-12116-L_13.tif,train,,,False,,0.9982539578983992,0.5812394953513192,0.9405230483227636,0.998391037921276,0.7184683894946913,0.5606325927546951,0.7933957259628206,0.8370422871802452,81960.0,59049.0,5183.0,36641008.0,no_sample_prefix_match,,,,,,,,,,,,,,0.8159794711203897,0.2368840248782185,,,,,,,,,19,87143,4.844583297166696,4.600580499044256,4.1810707894550285,2.16914943776058,2.2513706151186543,1.9132717259800165,0.8287564821252961,0.761075609234943,0.8436689813253759,142.57367774806926,77.33149452736319,34.099799999999995,125625,3,medium,True
A74 - Site 14.tif,train,,,False,,0.9991009885614568,0.3956691937960795,0.8304732189284693,0.9992064803497506,0.5359779836219027,0.3660996744761258,0.624569801639284,0.6808376391943816,23955.0,36588.0,4890.0,46071911.0,matched_unique_sample,A74,14.0,Asbyg,NF,Indoor,1.9,237.4999999999999,8192.0,5632.0,50.0,18.0,4.354513414957115,6.5,0.3793933174826882,0.0625198537653142,15.0,147.0,837.1070140770465,5.0,0.0,0.0011945903966681,0.0003110912491323,,7,28845,3.8999870413016846,3.990153741779375,4.006309059286711,1.5698097004043725,1.537957793502138,1.6053285685003715,0.6806222447098264,0.6425940264289872,0.6686137495328378,51120.49117698041,30636.503619418178,12759.9969,44206,3,low,True
A33_10.00kV_0.10nA_45.0nm_500.00ns_005.tif,train,,,False,,0.9949989390196792,0.3206219898169632,0.9584999424065824,0.9950872261551288,0.4805111241265898,0.3162320776125389,0.6002440175510655,0.6856711688274837,58249.0,123426.0,2522.0,25000059.0,ambiguous_no_site_in_filename,A33,,,,,,,,,,,,,0.0515798441693095,0.2413055204013174,,,,,,,,,8,60771,4.260752237297847,4.160056195419811,2.325992889854609,1.450574689388253,1.4430178604937072,0.7403772989566979,0.555724632018408,0.524459400308275,0.4669336648474867,182.7714041236774,124.59418479431402,78.5778,69645,4,very low,False
A139 - Site 5.tif,train,,,False,,0.9636213129216942,0.8850505881556081,0.6723551378207905,0.991608990752591,0.7641789165821609,0.6183572418660436,0.7245956054290431,0.7063028950082595,169966.0,22075.0,82826.0,2608717.0,matched_unique_sample,A139,5.0,Asbyg,Personal,Indoor,1.9,265.99999999999994,8192.0,5632.0,50.0,16.0,4.877055024751969,18.0,5.063802545720881,8.766590465198863,16.0,164.0,1000.0638461507118,8.0,8.0,0.0079994892634028,0.0023331843684925,,5,252792,4.081844817024704,3.943176745663452,3.0115481502606696,-0.0166884519359237,0.3830202563326554,0.5737308047517342,0.0580388795185851,0.0684732952310502,0.2353460999701232,151.80732380771542,122.8864719037308,50.4084,140855,4,high,True
A94 - Site 17.tif,train,,,False,,0.9990739388899368,0.5212435780603404,0.8590427268570057,0.999213519241908,0.6488081538713917,0.4801747107417322,0.7192137796307405,0.7604753958741696,39467.0,36250.0,6476.0,46055151.0,matched_unique_sample,A94,17.0,Asbyg,Personal,Indoor,1.9,75.99999999999987,8192.0,5632.0,50.0,56.0,1.393444292786275,12.2,1.123952865600586,0.0995787707242098,10.0,154.0,178.5828296697697,19.0,18.0,0.1007935647188763,0.008399463726573,,8,45943,3.606144599802697,3.921866234349785,3.050929969836702,1.220839602778126,1.4248011890488912,1.0525313283564417,0.5338374944370086,0.5394144981108681,0.5266873717962487,217.1188211479442,142.2156396611984,71.1648,63518,4,very high,True
a_E200175-12116-L_6.tif,train,,,False,,0.9992634394572024,0.3975377193181172,0.965618263224274,0.9992799934314424,0.5632072734306085,0.3919892292156643,0.6758722617285539,0.7509866130154891,17469.0,26474.0,622.0,36742635.0,no_sample_prefix_match,,,,,,,,,,,,,,1.9172973208072368,0.0491774312804453,,,,,,,,,2,18091,5.017633863979101,5.017633863979101,4.120172192353402,2.7286958673771053,2.7286958673771053,2.1640252253375407,1.183672719807653,1.183672719807653,1.106269243365027,201.5827206898458,95.70605529838608,48.9258,15986,1,low,False
A33_15.00kV_0.20nA_39.7nm_25.00ns_010.tif,train,,,False,,0.9961361574469378,0.6876897593443779,0.9240403176106404,0.9967026460591044,0.7885353419013132,0.6508942185229465,0.8376711221921722,0.8646091966621628,181427.0,82394.0,14914.0,24905521.0,ambiguous_no_site_in_filename,A33,,,,,,,,,,,,,0.1752880847462795,0.7796180280251281,,,,,,,,,4,196341,3.63855945842811,3.5097728608057808,2.637248597642776,1.4648363030165106,1.262687172753869,1.218469666286118,0.789599768661171,0.6582680333732167,0.8588157317822211,195.49923856963144,105.1740821956568,74.13,84822,4,low,True
A75 - Site 2.tif,train,,,False,,0.9994713176380504,0.5521677630839148,0.8468955542543314,0.9995674098191204,0.6684878632198934,0.502051648463713,0.7300008904981656,0.7652073804411609,24593.0,19946.0,4446.0,46088359.0,matched_unique_sample,A75,2.0,Asbyg,FF,Indoor,1.9,227.9999999999999,8192.0,5632.0,50.0,19.0,4.18033287835883,5.5,0.3808043219826438,0.0629403374411843,16.0,117.0,857.1975824148957,5.0,5.0,0.0058329609212312,0.0014582402303078,,4,29039,3.4280454066210875,3.4901445462654035,3.296958341408447,1.1176672117016726,1.0024768852490682,1.1277874493643163,0.4896469039416786,0.4875502301797457,0.5199163668940346,38943.2571713902,25621.973695148743,11811.8742,50523,3,low,True
A77 - Site 5.tif,train,,,False,,0.9983350146900524,0.4056583347366576,0.9492765861620692,0.998391743087712,0.5684139558401837,0.3970518978995638,0.6770745496742615,0.7486303376872242,50586.0,74115.0,2703.0,46009940.0,ambiguous_site_not_found,A77,5.0,,,,,,,,,,,,2.001311562278054,0.1155007969249378,,,,,,,,,10,53289,3.364809220423923,3.454414868901128,3.212934793628333,1.1737318974092998,1.2924826821093514,1.3697722004716415,0.54950724073185,0.5291719193495596,0.7431640624417686,39139.27412786879,22453.006559254278,12181.7829,99554,4,medium,True
A53 - Site 6.tif,train,,,False,,0.9963996193625676,0.7577109534178467,0.8609004550168193,0.9975872214040048,0.8060164424512695,0.675064943194055,0.8271083228514791,0.8380737010614664,21569.0,6897.0,3485.0,2851633.0,matched_unique_sample,A53,6.0,Asbyg,Personal,Outdoor,1.9,140.6000000000001,8192.0,5632.0,50.0,31.0,2.577871941654615,1.6,1.2154665860262786,0.8688493208451704,13.0,14.0,429.4917053557973,6.0,6.0,0.0139700020400382,0.0021537086478392,,1,25054,5.346796618290032,5.346796618290032,5.346796618290032,0.5533793726991343,0.5533793726991343,0.5533793726991343,0.1154456923623524,0.1154456923623524,0.1154456923623524,24447.36349485112,21917.125739285424,4572.3384,49372,4,low,True
A33_001.tif,train,,,False,,0.9965578642758456,0.3988716432820441,0.8904487706790156,0.9968100892818694,0.5509487953084595,0.3802134759107701,0.6500927188200419,0.7143684675951553,97424.0,146825.0,11986.0,45881109.0,ambiguous_no_site_in_filename,A33,,,,,,,,,,,,,2.2322481328790835,0.2371397885409268,,,,,,,,,41,109410,3.5962097704475653,3.584673027427756,3.427663103425594,1.5379780260017393,1.4351102483290523,1.5811168415491046,0.7577698530991842,0.7753923479431952,0.8562562846065424,45711.27058769765,24625.516943301925,13335.987,205686,1,high,False
SEMS R15B Sample 2_20.00kV_0.10nA_33.7nm_100.00ns_015.tif,train,,,False,,0.9992464780807492,0.7279614469999942,0.8514325095990816,0.999485496550952,0.7848707273077037,0.6459154140601913,0.8102062756320229,0.8234974837047472,34592.0,12927.0,6036.0,25112269.0,no_sample_prefix_match,,,,,,,,,,,,,,0.0915169715881347,0.161441167195638,,,,,,,,,3,40628,2.044962848377525,1.9720889836758244,1.916784711598036,0.5605297643707492,0.4847824227809156,0.4361447539635886,0.3762880044478398,0.3259465368219461,0.294565030248953,102.30570050211676,79.02708485760432,53.3736,72439,4,low,True
A112_008.tif,train,,,False,,0.9995487386530094,0.7450832885544262,0.9200712836747266,0.9996397060822728,0.8233827047385671,0.6997880347794986,0.859512533782794,0.8787931465324916,48531.0,16604.0,4216.0,46067993.0,matched_unique_sample,A112,,Asbyg,NF,Indoor,1.9,493.9999999999999,8192.0,5632.0,50.0,9.0,9.0573879031108,5.6,0.4757772792469372,0.1143260435624556,3.0,289.0,348.2365178560515,123.0,62.0,0.1780399148880433,0.0964382872310234,,22,52747,3.47438327107176,3.5702822429278696,3.699639916620777,1.2988312595251306,1.4281376985777134,1.6386546525265324,0.599354953541768,0.6569212782924345,0.7950831482891223,170.03767038883728,94.7241193495398,45.9606,115057,2,medium,False
A112 - Site 34.tif,train,,,False,,0.9954996975985406,0.5493881374784534,0.6398663393339881,0.9973174574404272,0.5911854582110729,0.4196332737028534,0.6097410403869059,0.619462599854675,9383.0,7696.0,5281.0,2861224.0,matched_unique_sample,A112,34.0,Asbyg,NF,Indoor,1.9,493.9999999999999,8192.0,5632.0,50.0,9.0,9.0573879031108,5.6,2.698516845703125,0.5085338245738636,3.0,289.0,348.2365178560515,123.0,62.0,0.1780399148880433,0.0964382872310234,,5,14664,5.985898838759592,6.148161724095599,5.737203801776897,0.776073922815575,0.5886378921603203,0.7783197332687959,0.1506043333709253,0.1462600436296032,0.1569546136705999,153.10761047463174,132.33674740905084,26.6868,32903,3,medium,True
A33 - 218.tif,train,,,False,,0.9966936978426844,0.623836437279361,0.8245067863725394,0.997544225440392,0.7102700074453241,0.5507121735134909,0.7519431968805597,0.77466901108516,186980.0,112746.0,39798.0,45797820.0,ambiguous_no_site_in_filename,A33,,,,,,,,,,,,,2.052768793973056,0.4915280775590376,,,,,,,,,64,226778,3.6358029985175695,3.603306538166224,3.59452801233166,1.389474918625239,1.3407267347418206,1.4659165245949326,0.6202173016366075,0.5972750843354101,0.6886726549395211,47936.578843626805,28387.135128528946,13335.987,466393,2,very high,True
A31_Site3.tif,train,,,False,,0.9964223558252506,0.5077514852481922,0.7463176091692273,0.99734137113922,0.6043428965907229,0.4330167453842702,0.6541169120733322,0.6822105305312165,126062.0,122213.0,42850.0,45846219.0,matched_unique_sample,A31,3.0,Asbyg,Personal,Indoor,1.9,186.2000000000001,8192.0,5632.0,50.0,23.0,3.413938517326382,80.0,3.821700269525701,0.3661069003018466,5.0,83.0,218.7639663454684,14.0,14.0,0.0639959141072229,0.013065832463558,,19,168912,2.9208882385234967,2.925359424801126,2.6590604951618557,0.6734241132484443,0.6195654783460883,0.7555280223361178,0.2992936947254593,0.2815427969720479,0.3969083969522062,27383.3761840485,19602.843138311684,10298.1396,204097,2,very high,False
A33_10.00kV_0.10nA_33.7nm_500.00ns_004.tif,train,,,False,,0.997948797852118,0.4621598262564863,0.9304229499417932,0.998069208257244,0.6175634457638205,0.4467210042091481,0.7135354295684276,0.7736496512835445,41709.0,48539.0,3119.0,25090889.0,ambiguous_no_site_in_filename,A33,,,,,,,,,,,,,0.1627167385846141,0.1780000965682687,,,,,,,,,3,44828,3.5964214614331715,3.8609527377752944,1.617886013208253,0.9547580308499866,0.9313725631235564,0.3532658743139914,0.3985888661370804,0.3852641399150412,0.2793454440761617,167.9074462389578,131.24480726737048,103.782,40730,3,low,False
A74 - Site 15.tif,train,,,False,,0.9995154467496004,0.5310925441672447,0.9881333807994191,0.9995216869824278,0.6908653447273583,0.5277267253944002,0.7853733989773624,0.8430356166601978,24981.0,22056.0,300.0,46090007.0,matched_unique_sample,A74,15.0,Asbyg,NF,Indoor,1.9,237.4999999999999,8192.0,5632.0,50.0,18.0,4.354513414957115,6.5,0.3872459585016424,0.0547950918024236,15.0,147.0,837.1070140770465,5.0,0.0,0.0011945903966681,0.0003110912491323,,5,25281,3.8651063123896576,3.885365552327336,3.8920937186202,1.5470809956933214,1.37199728297852,1.509512811961801,0.694052879837803,0.6200057322686816,0.6335620367571814,46108.52620545073,28225.757680421742,11846.7153,44008,3,low,True
A51_20.00kV_0.40nA_28.1nm_400.00ns_080.tif,train,,,False,,0.9881659398633807,0.6391848446450317,0.7081758291738147,0.9930404069111548,0.6719140110700546,0.5059265865845205,0.6859637955185696,0.6932113524369875,305182.0,172273.0,125759.0,24581042.0,matched_unique_sample,A51,,Asbyg,Personal,Outdoor,1.9,146.3000000000001,8192.0,5632.0,50.0,30.0,2.6823802636135863,4.3,9.791490366044563,1.7111523961636983,15.0,94.0,515.6579206714612,4.0,3.0,0.0058178103733839,0.000933273747397,,30,430941,3.5413607197331034,3.221090255472601,2.602942408419951,1.076850122845803,0.927475326042551,0.7111683152897782,0.4318384179346388,0.409766965734703,0.3759266594390037,212.25173283581745,154.26093489503137,81.54299999999999,376684,3,medium,False
a_E200175-12116-L_22.tif,train,,,False,,0.9960894550278356,0.4413754640786637,0.9423498122652498,0.9962580589779532,0.6011743701206362,0.4297707714809902,0.7029791173907174,0.7680075141101961,108423.0,137225.0,6633.0,36534919.0,no_sample_prefix_match,,,,,,,,,,,,,,1.3324172538274182,0.3127609603340292,,,,,,,,,19,115056,4.554972453630962,4.604198530397261,3.5935852157368657,2.163505056288729,2.39728204168301,1.9806040734906167,1.0305868232108968,1.066603706134903,1.22791520696637,117.21268773466834,52.61092852900416,32.6172,126275,4,medium,True
A51_10.00kV_50pA_42.2nm_50.00ns_084.tif,train,,,False,,0.985265397556314,0.5182157273516818,0.5768966248325712,0.9916347178686226,0.545983986844932,0.3755006698036301,0.5579427903840973,0.5641208196089627,223124.0,207438.0,163642.0,24590052.0,matched_unique_sample,A51,,Asbyg,Personal,Outdoor,1.9,146.3000000000001,8192.0,5632.0,50.0,30.0,2.6823802636135863,4.3,1.914128414196552,1.5357451893754577,15.0,94.0,515.6579206714612,4.0,3.0,0.0058178103733839,0.000933273747397,,7,386766,2.023070954200036,1.5046836490348772,1.15303369622931,0.4378783474357804,0.3831775045882353,0.1388539544724499,0.291796412068551,0.3163629869054475,0.1369125695829749,165.8203125403991,145.8514198676277,143.8122,237663,4,high,True
A51_20.00kV_0.10nA_28.1nm_400.00ns_078.tif,train,,,False,,0.991108174885134,0.5665751422627187,0.7617930321482891,0.9936190486245116,0.6498394103058764,0.4813052723254916,0.6904255750389686,0.7126810667167823,207792.0,158959.0,64975.0,24752530.0,matched_unique_sample,A51,,Asbyg,Personal,Outdoor,1.9,146.3000000000001,8192.0,5632.0,50.0,30.0,2.6823802636135863,4.3,6.942809825313084,1.083085400656664,15.0,94.0,515.6579206714612,4.0,3.0,0.0058178103733839,0.000933273747397,,17,272767,2.510006579232041,2.398891655996428,2.2273193430667373,0.5915908117682974,0.611670670296955,0.609736012498995,0.3367538763800705,0.3316384360049671,0.3769425666900655,211.3423141362408,153.48665895375882,94.8864,248069,3,medium,True
A61 - Site 3.tif,train,,,False,,0.9996643716638736,0.4938178595167322,0.7328028409833403,0.9997523531975034,0.5900293876252708,0.418469280456505,0.6398984707439315,0.6681336866972061,11143.0,11422.0,4063.0,46110716.0,matched_unique_sample,A61,3.0,Asbyg,Personal,Indoor,1.9,254.5999999999998,8192.0,5632.0,50.0,17.0,4.668038380834025,23.7,1.0374069213867188,0.0329581173983487,5.0,72.0,299.1262396968645,5.0,5.0,0.0167153506996478,0.004666368736985,,10,15206,3.175330042455472,2.7757745321051948,2.762337350183916,1.1750969786993426,0.5579713190377396,0.8591121568199236,0.578844964819438,0.302476084188396,0.4513980583143994,33680.90970669473,23205.839027927315,12192.9024,45511,2,high,False
A37 - Site 3.tif,train,,,False,,0.9974423321810634,0.160263811118155,0.9316275167781328,0.9974763574678688,0.2734817514652838,0.1584007303122257,0.3812011698635878,0.4746862497007628,22210.0,116374.0,1630.0,45997130.0,matched_sample_and_site,A37,3.0,Asbyg,Personal,Indoor,1.9,153.9000000000002,8192.0,5632.0,50.0,28.0,2.821724692892216,41.0,3.456664085388184,0.0516718084161931,5.0,155.0,180.8151150406424,15.0,13.0,0.071896644243917,0.012132558716161,,9,23840,3.7382209952588727,3.7989944960459,3.402111847278765,1.528787935555044,1.577206202769743,1.495204370417377,0.6661594792273065,0.7511450898305537,0.7840990654027787,33703.814387583894,18891.223610370016,9906.7332,54349,1,high,False
A89 - Site 3.tif,train,,,False,,0.9990112781524656,0.6195983032406367,0.7775681148746967,0.9993245812655625,0.6896528264403865,0.5263130568419632,0.7223203177438806,0.7398427624299498,50685.0,31118.0,14499.0,46041042.0,matched_unique_sample,A89,3.0,Asbyg,Personal,Indoor,1.9,91.20000000000012,8192.0,5632.0,50.0,47.0,1.6721331513435354,6.0,0.3541469573974609,0.1412825150923295,5.0,52.0,107.14969780186216,8.0,8.0,0.07466189979176,0.007466189979176,,20,65184,3.7458648791975593,3.8914931952262255,3.771343310699012,1.3239869601193628,1.2401503621975696,1.6164057424902318,0.5585599119477613,0.5035417305389291,0.750094000954869,195.69877577319588,111.8218653734712,51.891,131148,3,low,False
b_E200175-12116-L_23.tif,train,,,False,,0.9977151563587332,0.4473112226548101,0.81065533120782,0.9980747141111144,0.5765101245987909,0.4049976993593314,0.6518170145522202,0.6973637378657174,57212.0,70690.0,13363.0,36645935.0,no_sample_prefix_match,,,,,,,,,,,,,,0.8527531315240083,0.1918466205636743,,,,,,,,,5,70575,5.83800285504483,5.497051016281764,5.396304534270252,2.351208219118985,2.3928321245267066,2.107547295220731,0.6892936684138805,0.6830863098728073,0.6408339508858708,160.01122210414454,97.51822968518395,29.652,90402,3,medium,False
A44 - Site 8.tif,train,,,False,,0.9843878312544356,0.8075609240736711,0.5736245043962611,0.996101840791456,0.6707813814032929,0.5046433837282955,0.6282198269425628,0.6089021890367439,45863.0,10929.0,34090.0,2792702.0,ambiguous_site_not_found,A44,8.0,,,,,,,,,,,,2.8370597145774146,2.7726953679865054,,,,,,,,,1,79953,2.564454403402684,2.564454403402684,2.564454403402684,0.5280478755456081,0.5280478755456081,0.5280478755456081,0.2593037629145167,0.2593037629145167,0.2593037629145167,136.87416357109802,108.69034747559648,53.3736,52349,4,medium,True
A110 - Site 37.tif,train,,,False,,0.9968476728959484,0.8782289904115664,0.9470259092565896,0.9977147457994262,0.9113309141986704,0.8371055319604973,0.9252810724725417,0.9324175429351228,46713.0,6477.0,2613.0,2827781.0,matched_unique_sample,A110,37.0,Asbyg,NF,Indoor,1.9,94.99999999999996,8192.0,5632.0,50.0,45.0,1.741805365982846,31.9,9.574508666992188,1.7105796120383523,5.0,157.0,111.6142685436062,46.0,38.0,0.3404582630504263,0.035464402401086,,3,49326,5.954024791783486,5.806721271690089,4.95625355157557,1.5772040762536133,2.013922051545316,0.9630259033846924,0.3562407288595882,0.3759684160958474,0.2411647890159232,102.8739812674857,82.88503039684142,20.7564,44577,4,medium,True
A33 - Site 1.tif,train,,,False,,0.9974264231595124,0.5695343055881479,0.9188756646590204,0.997687926159426,0.7032084224839353,0.5422678822690178,0.7760681025731133,0.8184690398333491,140667.0,106319.0,12419.0,45877939.0,ambiguous_site_not_found,A33,1.0,,,,,,,,,,,,1.7633047970858486,0.3318049690940163,,,,,,,,,26,153086,3.583951062074308,3.670301529638314,3.622989383105297,1.129526836191563,1.1623619244483745,1.335009840569944,0.4635203787172214,0.4954633350265439,0.5834885390146891,42794.29482121161,27025.326528624024,11811.8742,246349,2,high,True
A44_15.00kV_0.10nA_37.5nm_750.00ns_062.tif,train,,,False,,0.998495806268805,0.4854070146681688,0.8031103854772663,0.9987765685377896,0.6050914246397635,0.433785722826672,0.6712989734596876,0.7101503888184366,29022.0,30767.0,7115.0,25117352.0,ambiguous_no_site_in_filename,A44,,,,,,,,,,,,,0.0417085976254371,0.1434904410120354,,,,,,,,,2,36137,3.431301669660276,3.431301669660276,3.5313489602520898,1.1275590337528762,1.1275590337528762,1.0997333492356105,0.4995862046315465,0.4995862046315465,0.4522644714776474,193.71638486869412,133.38919230535834,54.8562,32958,2,low,True
A104 - Site 5.tif,train,,,False,,0.9945609352805364,0.8058170424356916,0.9763952394313438,0.9949507669669464,0.8829429940440879,0.7904189216274751,0.9180917672694692,0.9367368851134696,59151.0,14254.0,1430.0,2808749.0,matched_unique_sample,A104,5.0,Asbyg,Personal,Indoor,1.9,121.6000000000002,8192.0,5632.0,50.0,35.0,2.229510868458048,17.9,4.843278364701704,2.100892500443892,10.0,166.0,285.73252747163247,45.0,36.0,0.125991955898595,0.0167989274531459,,1,60581,4.619202699780683,4.619202699780683,4.619202699780683,2.23592041143746,2.23592041143746,2.23592041143746,0.9381685174062782,0.9381685174062782,0.9381685174062782,102.72644888661462,53.00181483429774,22.239,38020,5,medium,True
A112_005.tif,train,,,False,,0.9992523193359374,0.6882211698792006,0.9056612053831328,0.9993911956035322,0.7821094253337724,0.6421836588628791,0.827251421042816,0.8518346275983673,61911.0,28047.0,6449.0,46040937.0,matched_unique_sample,A112,,Asbyg,NF,Indoor,1.9,493.9999999999999,8192.0,5632.0,50.0,9.0,9.0573879031108,5.6,0.3833554007790306,0.1481663097034801,3.0,289.0,348.2365178560515,123.0,62.0,0.1780399148880433,0.0964382872310234,,34,68360,3.413730767524596,3.390331564011675,3.330687860635535,1.27001734315905,1.1937185541296318,1.214613579240502,0.5916985949193703,0.6032374786751535,0.5739938289456976,148.1423346986542,94.11875190904902,44.478,193159,2,medium,True
A44_20.00kV_0.10nA_33.7nm_250.00ns_055.tif,train,,,False,,0.9981652823097092,0.6312080001417906,0.9392264464553018,0.9983432270809224,0.7550104981866368,0.6064392487542604,0.8192871181400059,0.8557119575406864,71199.0,41599.0,4607.0,25066851.0,ambiguous_no_site_in_filename,A44,,,,,,,,,,,,,0.3751709004228674,0.3010055170976661,,,,,,,,,2,75806,2.156112574223686,2.156112574223686,2.51417036004671,0.703077078421872,0.703077078421872,1.0980563787401103,0.5248041321044861,0.5248041321044861,0.7754011281153234,205.0129936944305,115.47418239184516,81.54299999999999,32962,1,low,False
A37 - Site 2.tif,train,,,False,,0.9957644939422606,0.2518269037015,0.8195749350891594,0.9960502903156236,0.3852728468112962,0.2385993485341926,0.488902940347527,0.5648721595888044,61237.0,181934.0,13481.0,45880692.0,ambiguous_site_not_found,A37,2.0,,,,,,,,,,,,2.8915340250188657,0.1619469035755504,,,,,,,,,18,74718,3.1908465219931745,3.233273894253924,3.204341836007273,1.1092814881677886,1.0633645872095898,1.184304549328025,0.5237153826249691,0.4959927305194485,0.5862785588845832,31744.559650954256,20011.970453203427,9906.7332,135480,2,very high,True
A37 - Site 5.tif,train,,,False,,0.9967391057447952,0.4615075172693839,0.8636837182421037,0.9971194309870348,0.6015683138110501,0.4301735435146375,0.6846850865765091,0.7354956275773368,113577.0,132523.0,17926.0,45873318.0,ambiguous_site_not_found,A37,5.0,,,,,,,,,,,,3.607903827320446,0.2850250764326615,,,,,,,,,34,132129,3.4423557812698413,3.110322715358389,3.3010387346805765,1.21130432876215,1.0306632442550698,1.2913636534956148,0.5437054108498206,0.5631153881425408,0.6425733520731945,33960.29887458469,20675.057726776613,10287.7614,199734,2,high,True
b_E200175-12116-L_24.tif,train,,,False,,0.9963964368041056,0.6985497908832502,0.6163334313436922,0.998516420405684,0.654871219438519,0.4868464855574377,0.6388918944867188,0.6311911374579248,125769.0,54274.0,78291.0,36528866.0,no_sample_prefix_match,,,,,,,,,,,,,,0.5938179584203201,0.5547038100208768,,,,,,,,,6,204060,5.106499467950678,5.007898782561272,4.912609655410903,2.459066627925631,2.284121112459046,1.9384930082410567,0.9551145605894492,0.9682498769093788,0.651787820721952,152.9521366264824,92.59793219271543,31.1346,171486,4,medium,True
A126 - Site 47.tif,train,,,False,,0.9888309131969072,0.3431761557625858,0.7993122346994791,0.9900620354886382,0.4801885117576978,0.3159526793109369,0.5714483272572818,0.6314520510730244,14876.0,28472.0,3735.0,2836501.0,matched_unique_sample,A126,47.0,Asbyg,Personal,Indoor,1.9,151.9999999999999,8192.0,5632.0,50.0,28.0,2.786888585572553,21.4,8.234197443181818,0.6454120982776989,3.0,141.0,107.14969780186192,60.0,37.0,0.3453112865368908,0.0575518810894817,,2,18611,5.002919780892425,5.002919780892425,4.8256814314537895,0.923649927026812,0.923649927026812,1.0639202972649493,0.230711042153978,0.230711042153978,0.2828250543234203,100.16377411208424,78.08061884329486,20.7564,16547,3,medium,False
A75 - Site 7.tif,train,,,False,,0.9992674697529184,0.4143310107256686,0.8453060735531505,0.999351084215034,0.5560911538713396,0.3851289888293882,0.6442629885839105,0.6997368838586379,21169.0,29923.0,3874.0,46082378.0,matched_unique_sample,A75,7.0,Asbyg,FF,Indoor,1.9,227.9999999999999,8192.0,5632.0,50.0,19.0,4.18033287835883,5.5,0.236036560752175,0.0542792406949129,16.0,117.0,857.1975824148957,5.0,5.0,0.0058329609212312,0.0014582402303078,,7,25043,3.582961814529015,3.377731450355097,3.91106057206861,1.1967996015266245,1.1254818900915835,1.5372937274738003,0.5034731077981254,0.5967970380544908,0.6476178277465385,45631.59797148904,27695.49904293844,11667.3207,77320,4,medium,True
A61 - Site 2.tif,train,,,False,,0.9997916221618652,0.2932347839201348,0.941176470585957,0.9997968708574448,0.4471535365149814,0.2879573396531714,0.5659882959202173,0.6527213511061166,3888.0,9371.0,243.0,46123842.0,matched_unique_sample,A61,2.0,Asbyg,Personal,Indoor,1.9,254.5999999999998,8192.0,5632.0,50.0,17.0,4.668038380834025,23.7,0.9418509223244408,0.0089537013660777,5.0,72.0,299.1262396968645,5.0,5.0,0.0167153506996478,0.004666368736985,,4,4131,3.4873500600130205,3.223132141407408,3.084278281381343,1.1170623483962776,0.9950572437917082,0.926009208963704,0.4414187147879235,0.4404681624347993,0.4290517900652472,29064.40522875817,20338.24486334877,9423.4056,15331,3,medium,True
A51_15.00kV_0.10nA_25.0nm_500.00ns_072.tif,train,,,False,,0.9951020590006704,0.5142158866955234,0.8640883124902838,0.995779437292364,0.6447458232412211,0.475737934844955,0.7176098221778119,0.7605875741840163,111934.0,105745.0,17606.0,24948971.0,matched_unique_sample,A51,,Asbyg,Personal,Outdoor,1.9,146.3000000000001,8192.0,5632.0,50.0,30.0,2.6823802636135863,4.3,14.855936184892656,0.5143689771895584,15.0,94.0,515.6579206714612,4.0,3.0,0.0058178103733839,0.000933273747397,,15,129540,3.181468291352957,2.9727455867072097,2.600064249716789,0.8864342857983036,0.8161970025360001,0.7229672432507561,0.4050279787183404,0.3608921174151832,0.3851517746376746,231.2913154238073,166.97904132596338,88.95599999999999,126821,3,medium,True
SEMS R15B Sample 2_20.00kV_0.10nA_15.0nm_500.00ns_021.tif,train,,,False,,0.9729361931482946,0.8892784276302819,0.7400194908090716,0.9923286746888788,0.8078122015067809,0.6775880465542071,0.7792572971243177,0.7657237259933469,1431379.0,178217.0,502866.0,23053362.0,no_sample_prefix_match,,,,,,,,,,,,,,3.338948885599772,7.685999075571696,,,,,,,,,3,1934245,3.615095771360872,3.730906984417081,4.173910424568358,0.9076864660768584,0.8546200225809801,1.573193116561845,0.3379598756887423,0.2971261330406315,0.6049073890242471,136.14127114197012,84.8281166047172,32.6172,634657,4,very low,True
A33_10.00kV_0.10nA_22.5nm_500.00ns_006.tif,train,,,False,,0.9982583166244812,0.8405853972661584,0.9320763137341888,0.9987327732425948,0.8839698331618072,0.7920662536086888,0.9026039728101164,0.9122187875009046,167084.0,31687.0,12176.0,24973309.0,ambiguous_no_site_in_filename,A33,,,,,,,,,,,,,0.8080564301760592,0.7117939080670082,,,,,,,,,2,179260,4.509468255456589,4.509468255456589,4.62269333418646,1.3912185154250596,1.3912185154250596,1.5734255256895646,0.4478374387485381,0.4478374387485381,0.5160010941661858,239.8761798504965,158.22955588120504,51.891,135797,4,very low,True
A51_15.00kV_50pA_28.1nm_400.00ns_076.tif,train,,,False,,0.9843410899253878,0.533286526441008,0.6381434469174376,0.9903333619731288,0.5810220156857183,0.4094651376613825,0.6025978879984071,0.6139980967496067,273440.0,239305.0,155053.0,24516458.0,matched_unique_sample,A51,,Asbyg,Personal,Outdoor,1.9,146.3000000000001,8192.0,5632.0,50.0,30.0,2.6823802636135863,4.3,7.74444160669269,1.701432037539644,15.0,94.0,515.6579206714612,4.0,3.0,0.0058178103733839,0.000933273747397,,11,428493,2.016210173292285,2.002749363964494,1.9408854859465927,0.5085927677441056,0.4990083821437144,0.3978383411366394,0.3505766429057212,0.3741544036319194,0.2578264328791347,192.79630705752487,153.27735370741132,99.3342,285199,3,medium,False
a_E200175-12116-L_24.tif,train,,,False,,0.9975355286621432,0.6454058541415253,0.8672418890949071,0.9980647347257744,0.7400572865445221,0.5873737580614796,0.7861756480240656,0.811459628852279,129056.0,70905.0,19756.0,36567483.0,no_sample_prefix_match,,,,,,,,,,,,,,1.6882556976339596,0.4045211377870564,,,,,,,,,8,148812,6.097399818822444,5.464659902763652,4.092956353146511,2.6020453671900268,2.392365866084175,1.95304975268555,0.7867949426660972,0.7434439042232236,0.912679904813224,139.56899309195495,72.97038711579775,34.099799999999995,71219,3,medium,False
A33_20.00kV_0.20nA_33.7nm_500.00ns_015.tif,train,,,False,,0.996940270937525,0.8301784662914328,0.9180601596930434,0.997845299067822,0.8719104634907192,0.7729089183724965,0.8898021444277181,0.8990261935025572,262265.0,53649.0,23408.0,24844934.0,ambiguous_no_site_in_filename,A33,,,,,,,,,,,,,1.155499689965032,1.1343317031084816,,,,,,,,,8,285673,4.182495729521492,4.231871549088789,3.670842569084624,1.415530652610862,1.5205035743582749,1.3698666909699095,0.5843574601853776,0.5264851204507481,0.5953416130526146,223.1380389466278,139.86850033561765,60.7866,192183,4,low,True
A52_20.00kV_0.40nA_45.0nm_200.00ns_036.tif,train,,,False,,0.9982480721288725,0.2736429572094352,0.8299806368326,0.9983723854852384,0.4115866263019069,0.2591180816764745,0.515540380265566,0.5900549866547932,15431.0,40960.0,3161.0,25124704.0,matched_unique_sample,A52,,Asbyg,Personal,Outdoor,1.9,152.0000000000001,8192.0,5632.0,50.0,28.0,2.786888585572557,0.9,2.917493373637879,0.0738239001382451,35.0,33.0,1250.079807688391,6.0,6.0,0.0047996935580417,0.0007999489263402,,1,18592,2.989554961778414,2.989554961778414,2.989554961778414,0.5981717955390966,0.5981717955390966,0.5981717955390966,0.250136324426265,0.250136324426265,0.250136324426265,181.72488166953528,145.3640519968367,60.7866,40464,4,low,True
A139 - Site 20.tif,train,,,False,,0.9875956448641656,0.7956273363203811,0.8908804021239167,0.9912807002512074,0.8405639478129486,0.7249765489242703,0.8599927215878923,0.8700478536008152,94289.0,24220.0,11549.0,2753526.0,matched_unique_sample,A139,20.0,Asbyg,Personal,Indoor,1.9,265.99999999999994,8192.0,5632.0,50.0,16.0,4.877055024751969,18.0,8.792287653142756,3.6703629927201695,16.0,164.0,1000.0638461507118,8.0,8.0,0.0079994892634028,0.0023331843684925,,4,105838,5.3874430494823216,4.973306623823828,3.9324831340095474,0.7054435029316222,0.703526277379527,0.4470004885174763,0.1618577664561532,0.1248520850850066,0.1282463675595719,122.43628942345848,108.51910800919228,31.1346,93992,4,high,False
A94 - Site 12.tif,train,,,False,,0.9954469854181428,0.8712649402388889,0.8926508373269507,0.9974412337509648,0.8818282463703404,0.7886339853496276,0.886125637876076,0.8882900787721089,48986.0,7238.0,5891.0,2821469.0,matched_unique_sample,A94,12.0,Asbyg,Personal,Indoor,1.9,75.99999999999987,8192.0,5632.0,50.0,56.0,1.393444292786275,12.2,21.9085693359375,1.9030831076882104,10.0,154.0,178.5828296697697,19.0,18.0,0.1007935647188763,0.008399463726573,,1,54877,3.1851106931789688,3.1851106931789688,3.1851106931789688,0.7631265302521764,0.7631265302521764,0.7631265302521764,0.3150832040377333,0.3150832040377333,0.3150832040377333,146.38959855677243,111.315845342833,45.9606,55581,5,high,True
A33 - Site 5.tif,train,,,False,,0.9928967519239944,0.7454523811166726,0.705723735249672,0.9967589944784048,0.7250442353884725,0.568681875491884,0.7171904660973577,0.7133270424968214,432097.0,147547.0,180178.0,45377522.0,ambiguous_site_not_found,A33,5.0,,,,,,,,,,,,3.180720589377664,1.32707032290372,,,,,,,,,30,612275,3.653071887168933,3.716309137237096,3.6011735875587374,1.2446610088976406,1.1659429651753772,1.4445174540256875,0.5252943364227282,0.5114717021738184,0.6697949810194201,48025.2041484627,28761.138160288585,13335.987,414989,3,high,True
A112_002.tif,train,,,False,,0.9992685101249,0.58325331025054,0.9362570560136916,0.999331478810614,0.7187513021158264,0.5609771961546237,0.7923841163034094,0.8351634731211209,43124.0,30813.0,2936.0,46060471.0,matched_unique_sample,A112,,Asbyg,NF,Indoor,1.9,493.9999999999999,8192.0,5632.0,50.0,9.0,9.0573879031108,5.6,0.1999399878761985,0.0998323613947088,3.0,289.0,348.2365178560515,123.0,62.0,0.1780399148880433,0.0964382872310234,,16,46060,3.5921948714465723,3.7319173968296377,3.930848968860424,1.3134915945035917,1.3387264495316835,1.7098679098605922,0.5809412300585517,0.5654064706261823,0.7698705501124508,169.00842379504994,95.49196904633116,42.9954,90587,2,high,False
A44_15.00kV_50pA_16.9nm_500.00ns_066.tif,train,,,False,,0.9985442095251886,0.5298567654011223,0.930292746050509,0.998655387266404,0.6751663462304593,0.5096234869256324,0.7583559070036248,0.8081429383467744,38102.0,33808.0,2855.0,25109491.0,ambiguous_no_site_in_filename,A44,,,,,,,,,,,,,0.5940536817923071,0.162629382420509,,,,,,,,,1,40957,2.542152658444917,2.542152658444917,2.542152658444917,0.6371637479505485,0.6371637479505485,0.6371637479505485,0.3344711060505923,0.3344711060505923,0.3344711060505923,195.98776765876408,146.8655010713953,77.09519999999999,32201,4,low,False
A126 - Site 4.tif,train,,,False,,0.9883322282270918,0.6448039575368777,0.9375043017411836,0.9893776889350686,0.7640818158231882,0.6182300945204623,0.8251363389230664,0.8594748249784402,54484.0,30013.0,3632.0,2795455.0,matched_unique_sample,A126,4.0,Asbyg,Personal,Indoor,1.9,151.9999999999999,8192.0,5632.0,50.0,28.0,2.786888585572553,21.4,19.08857172185725,2.015408602627841,3.0,141.0,107.14969780186192,60.0,37.0,0.3453112865368908,0.0575518810894817,,3,58116,5.670552374724607,6.072729666889797,4.900307499148897,1.6236481416426234,1.4060750065184842,1.5579617598615203,0.4020613371400109,0.4009114100457173,0.4661282468034546,116.24313442081356,79.28578872250289,23.7216,44141,4,high,True
A44_15.00kV_50pA_16.9nm_50.00ns_065.tif,train,,,False,,0.9986497119470192,0.4916982006331586,0.7683581729316454,0.9989532072341932,0.5996562360198018,0.428220735111069,0.65739139413008,0.6906388979281542,25468.0,26328.0,7678.0,25124782.0,ambiguous_no_site_in_filename,A44,,,,,,,,,,,,,0.5732510025311052,0.1316139734284785,,,,,,,,,1,33146,1.1749795793113589,1.1749795793113589,1.1749795793113589,0.3233299105224049,0.3233299105224049,0.3233299105224049,0.3796513077452544,0.3796513077452544,0.3796513077452544,172.46044771616485,125.00292410422033,146.7774,22913,3,low,False
A52_20.00kV_0.10nA_28.1nm_500.00ns_043.tif,train,,,False,,0.9978560414887772,0.8767218986145879,0.9892364484165258,0.9979811445117186,0.9295869424035308,0.8684375959415587,0.9525621830578742,0.96448101627547,356412.0,50116.0,3878.0,24773850.0,matched_unique_sample,A52,,Asbyg,Personal,Outdoor,1.9,152.0000000000001,8192.0,5632.0,50.0,28.0,2.786888585572557,0.9,4.61331873373587,1.430616016609742,35.0,33.0,1250.079807688391,6.0,6.0,0.0047996935580417,0.0007999489263402,,2,360290,3.0219084766244064,3.0219084766244064,1.843164243631528,1.0115099348239842,1.0115099348239842,0.8423394458787712,0.6516165761860204,0.6516165761860204,0.8416452586850982,204.9506480890394,111.28671339612605,111.195,63914,4,low,True
A100 - Site 19.tif,train,,,False,,0.9974365234374968,0.9852209581086576,0.9643341561999182,0.9992204323475586,0.974665670475465,0.9505832804090684,0.9705066130108227,0.9684403664725926,142193.0,2133.0,5259.0,2733999.0,matched_unique_sample,A100,19.0,Asbyg,Personal,Indoor,1.9,113.9999999999999,8192.0,5632.0,50.0,38.0,2.090166439179414,23.1,19.12453391335228,5.113497647372159,48.0,79.0,1285.7963736223428,8.0,7.0,0.0054440968598158,0.0006805121074769,,1,147452,7.751736801727442,7.751736801727442,7.751736801727442,1.6061106504536458,1.6061106504536458,1.6061106504536458,0.261342068434952,0.261342068434952,0.261342068434952,80.44907495320511,63.78053738460598,10.3782,65428,5,low,True
A89 - Site 5.tif,train,,,False,,0.9984664266759696,0.4172405122054608,0.8042542085343666,0.9986924878844912,0.5494373937351994,0.3787753740253934,0.629175629853702,0.6784029437664901,43141.0,60255.0,10500.0,46023448.0,matched_unique_sample,A89,5.0,Asbyg,Personal,Indoor,1.9,91.20000000000012,8192.0,5632.0,50.0,47.0,1.6721331513435354,6.0,0.478872385892001,0.1162637363780628,5.0,52.0,107.14969780186216,8.0,8.0,0.07466189979176,0.007466189979176,,15,53641,3.953506786937172,4.330309918316041,3.880894330611016,1.2973630759836154,1.469340405751904,1.400261578522536,0.4962521913304334,0.509602805815728,0.5644775822687677,172.61441807572567,110.33358357219772,44.478,131874,4,low,True
A77 - Site 6.tif,train,,,False,,0.9984318993308324,0.25092609396515,0.915125559664818,0.99847830241805,0.3938571356758329,0.2452192419642322,0.5100756487432001,0.5983565242626201,23505.0,70168.0,2180.0,46041491.0,ambiguous_site_not_found,A77,6.0,,,,,,,,,,,,1.331207968971946,0.0556707382202148,,,,,,,,,10,25685,4.123386761079719,4.163831866664268,4.101751987366844,1.5817957330885946,1.609762672374798,1.964856063799148,0.6402952816880352,0.60239983705241,0.9194907632739324,40440.36235156706,21068.276610293116,9859.29,43874,3,medium,False
b_E200175-12116-L_6.tif,train,,,False,,0.9968937837073762,0.7923623191004433,0.7222846587356107,0.9987325992713086,0.7557023591914236,0.6073324696656572,0.7419709513867615,0.7352906914822741,176738.0,46314.0,67955.0,36496193.0,no_sample_prefix_match,,,,,,,,,,,,,,2.566022964509395,0.6651579897355602,,,,,,,,,12,244693,4.031583859219745,3.9752334155931,3.930708909435359,1.796681867870025,1.5490947534871655,1.867668152557166,0.9172983279612142,0.9239859842506704,0.9052987179496068,128.20871868014206,67.29061299587778,32.6172,142399,3,medium,False
A33 - Site 4.tif,train,,,False,,0.9977268088947642,0.4806598656600037,0.8968707510809867,0.9979410951785448,0.6258877581231206,0.4554851773012587,0.7119294911380507,0.7644763488196061,87731.0,94791.0,10088.0,45944734.0,ambiguous_site_not_found,A33,4.0,,,,,,,,,,,,2.657413482666016,0.2120169726285067,,,,,,,,,35,97819,3.4970009064325214,3.4018555349577446,3.6260360026797103,1.0681979688252088,1.0274066403644138,1.3397780907460104,0.4518329499633939,0.4943481927596789,0.5860135393090095,41061.58994673837,25889.810477041778,11324.0988,170048,2,high,True
a_E200175-12116-L_2.tif,train,,,False,,0.99797774769485,0.4019128781561321,0.947549491811794,0.998047573229478,0.5644208418476052,0.3931659488383913,0.6733199132208586,0.745210147437143,48199.0,71725.0,2668.0,36664608.0,no_sample_prefix_match,,,,,,,,,,,,,,3.2368296581419624,0.1382736386569241,,,,,,,,,2,50867,5.164944468756945,5.164944468756945,5.179932432246686,2.5052900930575293,2.5052900930575293,2.42988462664185,0.9825127408072812,0.9825127408072812,0.8835790495993157,215.0334991251696,114.16218457201292,41.5128,36181,2,low,False
A33_15.00kV_0.20nA_33.7nm_500.00ns_016.tif,train,,,False,,0.9950035847793156,0.8411865696971156,0.945474007418762,0.9960888279326532,0.8902866579417434,0.8022672380332668,0.9115700066688583,0.922597900139144,510538.0,96388.0,29443.0,24547887.0,ambiguous_no_site_in_filename,A33,,,,,,,,,,,,,0.7902635678417501,2.144121311346263,,,,,,,,,5,539981,4.114903889559022,4.040446411604347,3.598787235928168,1.8987037508525035,1.4779719337834545,1.858661673612116,0.918056690001721,0.8077296778555241,1.0681192861413886,197.41579240751065,95.45667588892304,54.8562,195180,4,low,True
A56 - Site 4.tif,train,,,False,,0.9964088960127396,0.6871637038751544,0.897454960513299,0.9971090636267498,0.7783556871904669,0.6371377323407722,0.8219894518713851,0.8456937840769904,290919.0,132443.0,33241.0,45680741.0,matched_unique_sample,A56,4.0,Asbyg,Personal,Indoor,1.9,210.9,8192.0,5632.0,50.0,21.0,3.86680791248192,22.4,0.8143706755204634,0.7025978781960227,5.0,290.0,247.7836761668059,11.0,10.0,0.0403577836712216,0.00933273747397,,43,324160,3.655919002181789,3.5088016979807564,4.072380201846585,1.271963696141422,1.1839436490011988,1.6821400861837534,0.52697425645704,0.5115864530293605,0.703753599966897,38544.746304294174,22623.42765117916,9464.9184,666279,3,low,True
A52_20.00kV_0.20nA_28.1nm_25.00ns_040.tif,train,,,False,,0.9897005891299704,0.2390428023053067,0.5937848605577164,0.9914842489657296,0.3408628300031169,0.205445840263923,0.4108660054142316,0.4578839355570694,67068.0,213501.0,45882.0,24857805.0,matched_unique_sample,A52,,Asbyg,Personal,Outdoor,1.9,152.0000000000001,8192.0,5632.0,50.0,28.0,2.786888585572557,0.9,4.134944466892331,0.4484944879848743,35.0,33.0,1250.079807688391,6.0,6.0,0.0047996935580417,0.0007999489263402,,3,112950,7976458336.170993,160.98739233266485,22.790961271244427,1051549970.0768512,23.33456775234722,3.5993166154895992,0.1734968520239949,0.1695175367621213,0.1875460222336699,236.52915449313852,199.1747267582712,10.3782,54073,2,low,False
A112_004.tif,train,,,False,,0.9992329857566138,0.6681704699749608,0.9230908870868748,0.9993422360674468,0.775211525268645,0.632935026138844,0.8282883127459172,0.8576488446618076,61020.0,30304.0,5084.0,46040936.0,matched_unique_sample,A112,,Asbyg,NF,Indoor,1.9,493.9999999999999,8192.0,5632.0,50.0,9.0,9.0573879031108,5.6,0.5311489105224609,0.1432765613902698,3.0,289.0,348.2365178560515,123.0,62.0,0.1780399148880433,0.0964382872310234,,33,66104,3.245068991420778,3.297462368992208,3.6948971172592335,1.16018252416774,1.0933572151405175,1.5978499856617572,0.5555125733969842,0.5486501696288345,0.7619523478635186,175.29774295050225,99.49062649477584,47.4432,173521,2,medium,True
A100 - Site 3.tif,train,,,False,,0.9980846751819924,0.957488588407462,0.994747720582225,0.9982192225116792,0.97576260252507,0.9526723052005662,0.9832690196937725,0.9870657049403716,111174.0,4936.0,587.0,2766887.0,matched_unique_sample,A100,3.0,Asbyg,Personal,Indoor,1.9,113.9999999999999,8192.0,5632.0,50.0,38.0,2.090166439179414,23.1,3.292673284357244,3.8757671009410513,48.0,79.0,1285.7963736223428,8.0,7.0,0.0054440968598158,0.0006805121074769,,1,111761,7.975995100385585,7.975995100385585,7.975995100385585,1.4953519456092437,1.4953519456092437,1.4953519456092437,0.2307412875115981,0.2307412875115981,0.2307412875115981,106.42689310224496,86.47381393624907,13.3434,53960,3,low,False
A51_10.00kV_0.10nA_14.4nm_50.00ns_086.tif,train,,,False,,0.9885917217486984,0.5479308524949669,0.6529567182446625,0.9929709673328034,0.5958511687314147,0.4243504359812699,0.617451311881769,0.6288494929892575,211795.0,174741.0,112568.0,24685152.0,matched_unique_sample,A51,,Asbyg,Personal,Outdoor,1.9,146.3000000000001,8192.0,5632.0,50.0,30.0,2.6823802636135863,4.3,3.269673719962186,1.287959429891437,15.0,94.0,515.6579206714612,4.0,3.0,0.0058178103733839,0.000933273747397,,9,324363,1.6485622866756424,1.6965506935522623,1.3006850438050428,0.4592656889899661,0.563735988456971,0.178807736143335,0.3835042863779045,0.4018724019812273,0.1593826124353383,127.27411264540036,109.77748956960912,97.8516,145728,4,medium,True
A32 - Site 2.tif,train,,,False,,0.9983224435286088,0.4967581603555273,0.814347644416482,0.998628333531622,0.617088012665086,0.4462236341260663,0.6832937814852778,0.7220259237476736,62366.0,63180.0,14218.0,45997580.0,ambiguous_site_not_found,A32,2.0,,,,,,,,,,,,1.3660040768710051,0.1659913496537642,,,,,,,,,30,76584,3.631852622591438,3.6739290408998713,3.3240641985972728,1.2234300183686386,1.1720585727176491,1.1749318051355706,0.5136491898328651,0.4560713115866044,0.5467005237599829,35463.74155176016,22928.64132840881,10668.7896,164889,1,high,False
a_E200175-12116-L_8.tif,train,,,False,,0.9983156097773136,0.1943971026842519,0.909090909090343,0.9983545791618098,0.3203018735465402,0.1906901415808747,0.4322954295120296,0.5238833390744829,14600.0,60504.0,1460.0,36710636.0,no_sample_prefix_match,,,,,,,,,,,,,,0.5730688935281838,0.0436564892136395,,,,,,,,,2,16060,4.8997902893829615,4.8997902893829615,3.3542203647785644,2.253352418120913,2.253352418120913,1.425662418348982,0.841097142736592,0.841097142736592,0.7392375327916376,134.2701120797011,77.20056032645107,40.0302,16419,1,low,False
b_E200175-12116-L_5.tif,train,,,False,,0.9980914285403616,0.3386276938320199,0.9080184919493842,0.9981836790326916,0.4932918600203161,0.3273970896758861,0.6035592618689563,0.6795054816145938,34176.0,66749.0,3462.0,36682813.0,no_sample_prefix_match,,,,,,,,,,,,,,1.9111239779053584,0.102312760960334,,,,,,,,,4,37638,4.489527170524647,4.218951761906888,3.05404392014065,1.5195776995767911,1.4959579363595474,1.051123749336973,0.5192559770309828,0.5043945781345462,0.5247956281792016,149.42154205855783,97.99447171273572,48.9258,38710,3,high,False
A75 - Site 16.tif,train,,,False,,0.9993898001584138,0.5023462676440265,0.9385254559534756,0.999427291131512,0.6544160068740374,0.4863434837343344,0.7445747661330369,0.7996592088605216,26656.0,26407.0,1746.0,46082535.0,matched_unique_sample,A75,16.0,Asbyg,FF,Indoor,1.9,227.9999999999999,8192.0,5632.0,50.0,19.0,4.18033287835883,5.5,0.1682498238303444,0.0615596771240234,16.0,117.0,857.1975824148957,5.0,5.0,0.0058329609212312,0.0014582402303078,,8,28402,3.753814811304796,3.866989663614216,4.0993713502339375,1.5617019853822116,1.6757228232270442,1.8244543092585264,0.7143333451052059,0.7892172319055644,0.801987183003157,42173.354341243576,23403.8037223718,10287.7614,63884,3,medium,True
A75 - Site 3.tif,train,,,False,,0.9989174062555484,0.3403402756458386,0.6978300480368733,0.9991145192875578,0.457535079716706,0.2966259223792744,0.5306221156363913,0.5766819433721232,21064.0,40827.0,9121.0,46066332.0,matched_unique_sample,A75,3.0,Asbyg,FF,Indoor,1.9,227.9999999999999,8192.0,5632.0,50.0,19.0,4.18033287835883,5.5,0.3674810582941228,0.0654242255470969,16.0,117.0,857.1975824148957,5.0,5.0,0.0058329609212312,0.0014582402303078,,7,30185,3.4416872762717885,3.1442289910529704,3.46809335227347,1.4678129179544417,1.3034562268376113,1.229233281000904,0.8025084407109766,0.6771926876973929,0.5490442644330984,44929.00649329137,29004.33998232354,12954.9588,65624,3,medium,True
A36 - Site 1.tif,train,,,False,,0.9975408857518976,0.3453133332924457,0.8943290785545034,0.997681986048812,0.4982465140344992,0.3317764990664688,0.6055153362032639,0.6785598130503228,56332.0,106801.0,6656.0,45967555.0,ambiguous_site_not_found,A36,1.0,,,,,,,,,,,,1.6679135235873137,0.136522813276811,,,,,,,,,25,62988,3.655635097787677,3.618862061576548,3.3515687095061217,1.1773827658802392,1.1096748114719288,1.078691370329235,0.4690110638666677,0.4532245684563274,0.4745928659394742,40865.35016193561,27712.97156377821,12192.9024,163559,2,high,False
b_E200175-12116-L_12.tif,train,,,False,,0.9988987473903964,0.2719658958010578,0.882698665360057,0.9989503646718572,0.4158158851011686,0.2624795193882646,0.5273977613576241,0.6091254752851196,14418.0,38596.0,1916.0,36732270.0,no_sample_prefix_match,,,,,,,,,,,,,,0.8712758785664579,0.0444013135003479,,,,,,,,,7,16334,3.961552216253101,3.207365923965279,2.915909483080869,1.6029254241630455,1.438716066764278,1.1079834902138563,0.6999125897970997,0.8302734037864433,0.6128478125942077,116.72443981878293,72.37163909774436,40.0302,33250,2,medium,False
A51_15.00kV_0.20nA_22.5nm_500.00ns_070.tif,train,,,False,,0.9923898486419448,0.4472605331040258,0.8077682808656044,0.993577617439896,0.5757363781660924,0.4042344193448989,0.6504762485956318,0.6956281253276371,130041.0,160709.0,30947.0,24862559.0,matched_unique_sample,A51,,Asbyg,Personal,Outdoor,1.9,146.3000000000001,8192.0,5632.0,50.0,30.0,2.6823802636135863,4.3,9.412027101376353,0.6392406430430186,15.0,94.0,515.6579206714612,4.0,3.0,0.0058178103733839,0.000933273747397,,24,160988,3.4034718144802807,2.981145430386783,2.6206796830379795,1.139564830218479,0.9877655795248326,0.9347018878917166,0.5429180287714478,0.5374461420532589,0.5543975077938998,217.58350311824483,139.97931804555532,83.0256,181801,2,medium,False
A41 - Site 12.tif,train,,,False,,0.9880752563476528,0.9573620423797324,0.8291406575742608,0.9977517358651992,0.88864997895143,0.7996130491030897,0.8638497889040981,0.8519616377592034,137212.0,6111.0,28275.0,2711986.0,ambiguous_site_not_found,A41,12.0,,,,,,,,,,,,3.579781272194602,5.738934603604403,,,,,,,,,3,165487,4.325436179694017,4.545174048467971,4.734541536935049,0.8528920547197912,1.1934495369128182,1.822927349261784,0.2787355860460174,0.3114830940747898,0.6260882217168238,168.46635083118312,103.60222070058136,35.5824,74481,4,very low,True
a_E200175-12116-L_26.tif,train,,,False,,0.9969061521398744,0.4526797113293882,0.8818485488619955,0.9972074974142912,0.5982562654429722,0.4267943210261825,0.6865739600481665,0.7412905381645137,84743.0,102460.0,11354.0,36588643.0,no_sample_prefix_match,,,,,,,,,,,,,,1.518321590118302,0.2612240127000696,,,,,,,,,8,96097,5.348780131428975,4.86855016208777,3.8371864013832,1.99842451633004,1.7558240451282958,1.5278018312590902,0.603950938370028,0.6378234885586314,0.6615623274033122,142.22531400564014,85.59733911474395,37.065,74261,2,medium,False
a_E200175-12116-L_23.tif,train,,,False,,0.9963058618215028,0.2957137919114945,0.9087619711528974,0.9964494738482372,0.4462247505103709,0.2871874491867102,0.5602952929750685,0.642405924702201,54752.0,130400.0,5497.0,36596551.0,no_sample_prefix_match,,,,,,,,,,,,,,1.1673462508698678,0.1637770746346555,,,,,,,,,16,60249,4.662777271809474,3.773007972648216,2.666455181992249,2.3729843708930813,1.755020979283913,1.3151847017831326,1.0617038453498917,0.8877342124884149,0.973294925629146,106.73873425285068,54.09162759037967,40.0302,79332,2,medium,False
A125 - Site 10.tif,train,,,False,,0.9954872131347624,0.7941428101347386,0.9088877730351724,0.9967001365096948,0.8476497102381494,0.7355833705854563,0.8711272604764908,0.8833605817329551,36201.0,9384.0,3629.0,2834370.0,matched_unique_sample,A125,10.0,Asbyg,NF,Indoor,1.9,408.4999999999999,8192.0,5632.0,50.0,11.0,7.489763073726238,20.7,10.84688360040838,1.3812672008167617,3.0,206.0,287.96481284250405,63.0,39.0,0.1354332135757509,0.0606627935808051,,2,39830,4.87286049802835,4.87286049802835,5.108546383798239,0.5373282393327016,0.5373282393327016,1.4282942019073035,0.1584770223251481,0.1584770223251481,0.3880968289937397,90.8871704745167,65.47610265526053,17.7912,45005,4,medium,True
A112_003.tif,train,,,False,,0.9992026198994028,0.4559661277905379,0.9532009398432671,0.9992336184174496,0.616857080369446,0.4459821697487431,0.7182301683346426,0.7825298848994967,29615.0,35335.0,1454.0,46070940.0,matched_unique_sample,A112,,Asbyg,NF,Indoor,1.9,493.9999999999999,8192.0,5632.0,50.0,9.0,9.0573879031108,5.6,0.2235694365067915,0.0673402439464222,3.0,289.0,348.2365178560515,123.0,62.0,0.1780399148880433,0.0964382872310234,,24,31069,3.3259101647010234,3.17416307216268,3.378828138930748,1.1606797801248714,1.0255764712123845,1.2261683273085968,0.5378766102874172,0.51054463572683,0.5696061776951783,145.27406739837136,92.55446968614564,42.9954,104985,2,medium,False
SEMS R15B Sample 2_20.00kV_0.10nA_33.7nm_500.00ns_017.tif,train,,,False,,0.999299804369608,0.5021988559334384,0.8554691900411988,0.9994013457096306,0.6328728878886946,0.462921759273229,0.7063956057241362,0.7499580284220909,15188.0,15055.0,2566.0,25133015.0,no_sample_prefix_match,,,,,,,,,,,,,,1.65482759475708,0.0705480575561523,,,,,,,,,4,17754,3.085848929168746,3.062927284488082,3.024496560852878,0.6339346480329643,0.6572444213287548,0.5777774033766526,0.2593094107326177,0.26596331386771,0.2361437362129705,107.6188464571364,87.06013977344924,35.5824,64533,4,low,True
A112 - Site 46.tif,train,,,False,,0.9966274608265236,0.3305380333949309,0.8635129895291518,0.996865995512822,0.4780765308858057,0.3141265251425952,0.5819863846015576,0.6529451432255394,4454.0,9021.0,704.0,2869405.0,matched_unique_sample,A112,46.0,Asbyg,NF,Indoor,1.9,493.9999999999999,8192.0,5632.0,50.0,9.0,9.0573879031108,5.6,5.934108387340198,0.1788746226917613,3.0,289.0,348.2365178560515,123.0,62.0,0.1780399148880433,0.0964382872310234,,3,5158,5.051285184106628,5.384115409650535,4.611698165454837,0.3956096675594718,0.5252418045908224,0.4341475772898308,0.0985204167806145,0.1080994994370266,0.1039239545000269,109.39685924777044,99.09818407399052,23.7216,17732,3,medium,False
A44_15.00kV_0.20nA_45.0nm_750.00ns_061.tif,train,,,False,,0.9982839278635028,0.3383896526037214,0.828483793417546,0.9984467488840476,0.4805154217851671,0.3162358003986463,0.5775443097956643,0.6424035173424111,19988.0,39080.0,4138.0,25121050.0,ambiguous_no_site_in_filename,A44,,,,,,,,,,,,,0.0534143236155159,0.0957979461454013,,,,,,,,,2,24126,4.58620415201621,4.58620415201621,4.704295519067379,1.8460106040868605,1.8460106040868605,1.8995335085033944,0.6734800724966012,0.6734800724966012,0.6772530079818577,181.33930199784464,108.11684410646389,38.5476,26300,4,low,True
A44_15.00kV_50pA_37.5nm_50.00ns_064.tif,train,,,False,,0.9991663839503532,0.5218809395310506,0.972964696617974,0.9991901880487792,0.6793634308753316,0.514421186538565,0.7726217936244989,0.829559950168901,22241.0,20376.0,618.0,25141021.0,ambiguous_no_site_in_filename,A44,,,,,,,,,,,,,0.1330910867488005,0.0907670252398959,,,,,,,,,2,22859,1.5282710085334017,1.5282710085334017,1.4417251206369084,0.4759239486444786,0.4759239486444786,0.5046041983474708,0.4675917729639807,0.4675917729639807,0.5384622051502626,198.78765475305133,129.21191959229898,137.8818,28256,3,low,False
A52_20.00kV_0.40nA_16.9nm_200.00ns_035.tif,train,,,False,,0.9995057626479016,0.0,0.0,0.9995057626479016,0.0,0.0,0.0,0.0,0.0,12447.0,0.0,25171809.0,matched_unique_sample,A52,,Asbyg,Personal,Outdoor,1.9,152.0000000000001,8192.0,5632.0,50.0,28.0,2.786888585572557,0.9,8.006994528645198,0.0,35.0,33.0,1250.079807688391,6.0,6.0,0.0047996935580417,0.0007999489263402,,1,5060,4.358556216940469,4.358556216940469,4.358556216940469,0.9528812920642258,0.9528812920642258,0.9528812920642258,0.2797922036089997,0.2797922036089997,0.2797922036089997,213.24584980237157,166.62537027356683,48.9258,5739,0,very low,False
A74 - Site 7.tif,train,,,False,,0.9986236312172628,0.5317662849119611,0.8518324681385558,0.9988489068891858,0.6547791199590828,0.4867446897933718,0.7215447397995364,0.7603077490234306,60222.0,53027.0,10475.0,46013620.0,matched_unique_sample,A74,7.0,Asbyg,NF,Indoor,1.9,237.4999999999999,8192.0,5632.0,50.0,18.0,4.354513414957115,6.5,0.8603204380382191,0.1532316207885742,15.0,147.0,837.1070140770465,5.0,0.0,0.0011945903966681,0.0003110912491323,,9,70697,3.847574551824176,3.642140664813236,3.857143962922596,1.411848833309345,1.4061402605571405,1.4452488759808289,0.5902185949367645,0.7084390838865146,0.599217140001266,48285.01294255768,30192.90610061461,12518.3331,105432,2,medium,False
a_E200175-12116-L_19.tif,train,,,False,,0.9998496487908836,0.2920818744946242,0.8878428162059442,0.999857087543082,0.4395582125844162,0.2816883116879458,0.5508011884492984,0.6305965809974238,2169.0,5257.0,274.0,36779500.0,no_sample_prefix_match,,,,,,,,,,,,,,0.3797108776965901,0.0066408968336812,,,,,,,,,1,2443,6.401833620992786,6.401833620992786,6.401833620992786,3.705958058547348,3.705958058547348,3.705958058547348,1.3746769730983228,1.3746769730983228,1.3746769730983228,170.8444535407286,71.94429198682766,26.6868,3644,1,low,False
A61 - Site 4.tif,train,,,False,,0.999738888307051,0.1961353962568771,0.9511795543874472,0.9997421007349584,0.3252114490559988,0.194180602006559,0.4414067845569337,0.5374134547741355,2903.0,11898.0,149.0,46122394.0,matched_unique_sample,A61,4.0,Asbyg,Personal,Indoor,1.9,254.5999999999998,8192.0,5632.0,50.0,17.0,4.668038380834025,23.7,1.1721589348532937,0.0066150318492542,5.0,72.0,299.1262396968645,5.0,5.0,0.0167153506996478,0.004666368736985,,4,3052,3.329753060665151,3.4633415433195216,3.091111060737357,1.0607630765800644,1.044830996784459,0.9359115004424742,0.4685417553796327,0.4854399327091641,0.4342574663080856,25927.6507208388,18077.4033462588,8387.8095,13926,1,high,False
A75 - Site 12.tif,train,,,False,,0.9992329857566138,0.6819837097051498,0.9151221627872032,0.9993592756682736,0.7815366760089895,0.6414117360948615,0.8300006031694159,0.8565586636932238,63299.0,29517.0,5871.0,46038657.0,matched_unique_sample,A75,12.0,Asbyg,FF,Indoor,1.9,227.9999999999999,8192.0,5632.0,50.0,19.0,4.18033287835883,5.5,0.2193515950983221,0.1499219374223188,16.0,117.0,857.1975824148957,5.0,5.0,0.0058329609212312,0.0014582402303078,,11,69170,3.945727805982023,3.739693332996828,4.026727795159957,1.7349503974871292,1.6739929685335846,1.877098429629397,0.7777590848153043,0.6689692826509388,0.8732195697212028,47563.20215411305,25391.151642294288,11811.8742,105584,3,medium,False
A41 - Site 5.tif,train,,,False,,0.9958027926358276,0.9753018721004936,0.9590255423089472,0.998330693847988,0.96709522890332,0.936286922052372,0.963851112429735,0.9622372023068744,177858.0,4504.0,7599.0,2693623.0,ambiguous_site_not_found,A41,5.0,,,,,,,,,,,,2.7370799671519888,6.431475552645597,,,,,,,,,4,185457,3.3929753165238927,3.592497332869557,3.263026662467458,0.4953930771853189,0.7436887962618055,1.16923728904228,0.2433673148866109,0.2590479134503676,0.5584311888019811,130.61960993653514,83.81480739702249,40.0302,59916,5,very low,True
A51_15.00kV_0.10nA_22.5nm_500.00ns_069.tif,train,,,False,,0.9928039168598028,0.4132003506005269,0.7489209520285558,0.9941462253082805,0.532568156611887,0.362925309963463,0.6021491453693988,0.6442343332888125,103241.0,146616.0,34612.0,24899787.0,matched_unique_sample,A51,,Asbyg,Personal,Outdoor,1.9,146.3000000000001,8192.0,5632.0,50.0,30.0,2.6823802636135863,4.3,9.98125177888916,0.5473776950170773,15.0,94.0,515.6579206714612,4.0,3.0,0.0058178103733839,0.000933273747397,,21,137853,2.7651772342867704,2.78736909084446,2.6040779496068223,0.9415651534606015,0.8874575096484397,0.898112380713227,0.5221451506018638,0.5159326389089206,0.5264539900590965,208.4835223027428,136.58028584890843,80.0604,159175,3,medium,False
A52_20.00kV_0.40nA_28.1nm_25.00ns_038.tif,train,,,False,,0.9986017851788034,0.7382427391419583,0.9591397384163312,0.9987471613755856,0.8343174942243871,0.7157330491712709,0.8801336580144796,0.9049819942675442,88660.0,31436.0,3777.0,25060383.0,matched_unique_sample,A52,,Asbyg,Personal,Outdoor,1.9,152.0000000000001,8192.0,5632.0,50.0,28.0,2.786888585572557,0.9,4.173929140491584,0.3670428064263641,35.0,33.0,1250.079807688391,6.0,6.0,0.0047996935580417,0.0007999489263402,,2,92437,2.401234746828032,2.401234746828032,2.4445321715173622,0.3965906657856665,0.3965906657856665,0.4184450781384783,0.197588071556164,0.197588071556164,0.2065286726720945,202.9587502839772,168.2170966002987,83.0256,113157,4,low,True
A51 - Site 11.tif,train,,,False,,0.9676229303533348,0.974363350062418,0.8187050140891404,0.9959084736068652,0.8897777420977093,0.801441095028035,0.8599175671586486,0.845726638248055,376836.0,9915.0,83447.0,2413386.0,matched_unique_sample,A51,11.0,Asbyg,Personal,Outdoor,1.9,146.3000000000001,8192.0,5632.0,50.0,30.0,2.6823802636135863,4.3,8.356857299804688,15.962184559215196,15.0,94.0,515.6579206714612,4.0,3.0,0.0058178103733839,0.000933273747397,,1,460283,6.883976318446196,6.883976318446196,6.883976318446196,2.2350846534983853,2.2350846534983853,2.2350846534983853,0.4807779604739757,0.4807779604739757,0.4807779604739757,91.85564967639472,62.032021088553535,13.3434,97873,4,low,True
A51_10.00kV_0.10nA_42.2nm_50.00ns_085.tif,train,,,False,,0.9897385096466612,0.4989408217788431,0.7561500149455648,0.9921524969956856,0.6011901271300127,0.4297868772519669,0.6548720110758327,0.6854760096593352,194785.0,195612.0,62816.0,24731043.0,matched_unique_sample,A51,,Asbyg,Personal,Outdoor,1.9,146.3000000000001,8192.0,5632.0,50.0,30.0,2.6823802636135863,4.3,2.0729578034784906,1.0228652377104173,15.0,94.0,515.6579206714612,4.0,3.0,0.0058178103733839,0.000933273747397,,16,257601,2.965316943420869,1.8274107272052156,1.521407625591202,0.5588204400035002,0.5297260383328526,0.1399585674597123,0.28622718523027,0.2888505565223641,0.1013128689959559,178.19547672563382,161.80277352708845,117.1254,262049,4,medium,True
b_E200175-12116-L_4.tif,train,,,False,,0.9962589161447458,0.31174548995381,0.9063222939241286,0.9964198354010412,0.4639181682909737,0.3020139674296023,0.5764766472212898,0.65606587430645,59549.0,131469.0,6155.0,36590027.0,no_sample_prefix_match,,,,,,,,,,,,,,1.834504936499652,0.1786056019485038,,,,,,,,,10,65704,6.1298202810995,5.810357038102863,4.487971266805556,3.1630762390442837,3.30282251122725,2.3456574179407803,1.129228318062088,1.264737920170255,1.0949177305286937,106.4618592475344,50.8191122186538,23.7216,75041,3,high,False
A112_010.tif,train,,,False,,0.9992811679840088,0.6576057557069326,0.861048642714065,0.9994505746212998,0.7457003304783314,0.5945152889681512,0.7879211139070219,0.8108766125481659,48626.0,25318.0,7847.0,46055553.0,matched_unique_sample,A112,,Asbyg,NF,Indoor,1.9,493.9999999999999,8192.0,5632.0,50.0,9.0,9.0573879031108,5.6,0.2518025311556729,0.122401931069114,3.0,289.0,348.2365178560515,123.0,62.0,0.1780399148880433,0.0964382872310234,,47,56473,3.4465723034715183,3.4109981036306567,3.638615266450581,1.3179701945333826,1.1760253496133248,1.5147939033494109,0.620311398225973,0.5443865614441182,0.71323979015679,41592.45076408195,24277.074933140804,11430.846,196682,1,medium,False
A32 - Site 5.tif,train,,,False,,0.9978683211586692,0.3692195841992517,0.8014442159627626,0.9981357628825124,0.505540361179237,0.3382763562474962,0.5931381570564302,0.6494008054703619,50277.0,85894.0,12456.0,45988717.0,ambiguous_site_not_found,A32,5.0,,,,,,,,,,,,2.024409987709739,0.1359701156616211,,,,,,,,,33,62733,3.3940434570788267,3.223505583740692,3.11078081388053,1.093988682114224,1.1390088541725152,0.9655201516012064,0.469523136009477,0.4110006749599175,0.4500712517494049,35558.85642325411,24522.14426039441,11430.846,186302,1,very high,False
A113 - Site 15.tif,train,,,False,,0.9981380809437111,0.8265611990001444,0.7513055324296137,0.9992743098365996,0.7871387225941453,0.6489932008363958,0.7724029536023121,0.7652400481020065,9927.0,2083.0,3286.0,2868288.0,matched_unique_sample,A113,15.0,Asbyg,Personal,Indoor,1.9,113.9999999999999,8192.0,5632.0,50.0,38.0,2.090166439179414,14.6,5.4099343039772725,0.4582144997336648,5.0,110.0,133.93712225232738,32.0,12.0,0.0895942797501122,0.011199284968764,,3,13213,4.541629192844513,4.71695247397353,4.779246620643349,0.4612750852142748,0.5984549458611609,0.5896187909872548,0.1343878206502591,0.1585918175945697,0.1407329755560154,141.71422084310905,124.23084444685878,29.652,36817,4,very low,True
A44_10.00kV_0.10nA_33.7nm_250.00ns_050.tif,train,,,False,,0.9990273685273844,0.4037693389590988,0.8131195830732378,0.9991577727037688,0.5395936319379472,0.369481839944305,0.6234878660067399,0.6760422750135947,14354.0,21196.0,3299.0,25145407.0,ambiguous_no_site_in_filename,A44,,,,,,,,,,,,,0.0172449009412864,0.0700953802248516,,,,,,,,,1,17653,2.699801014976109,2.699801014976109,2.699801014976109,0.8740566341243056,0.8740566341243056,0.8740566341243056,0.4787398735683038,0.4787398735683038,0.4787398735683038,192.1307992975698,129.92873373269987,71.1648,19364,4,low,False
A52 - Site 6.tif,train,,,False,,0.9928307966752452,0.9808717731695336,0.7477932066899716,0.999597305295325,0.8486193185562085,0.7370449515377221,0.8051931449152,0.7851051549073432,57945.0,1130.0,19543.0,2804966.0,matched_unique_sample,A52,6.0,Asbyg,Personal,Outdoor,1.9,152.0000000000001,8192.0,5632.0,50.0,28.0,2.786888585572557,0.9,1.111880215731534,2.6872114701704546,35.0,33.0,1250.079807688391,6.0,6.0,0.0047996935580417,0.0007999489263402,,1,77488,3.5457678390175564,3.5457678390175564,3.5457678390175564,0.7327165936622916,0.7327165936622916,0.7327165936622916,0.2604704037304097,0.2604704037304097,0.2604704037304097,131.4238849886434,104.2657444372234,37.065,32313,1,very low,False
b_E200175-12116-L_27.tif,train,,,False,,0.9987915090031312,0.2301701455884529,0.9584398509963052,0.9988065321696658,0.3711970127720441,0.2278955869326963,0.4917056061631855,0.5869880294164487,13122.0,43888.0,569.0,36729621.0,no_sample_prefix_match,,,,,,,,,,,,,,0.771366127348643,0.0372167493041057,,,,,,,,,3,13691,4.473136257945257,4.256339970910843,4.042899119528977,2.1689241944120323,1.7849184950951291,1.6647756278415802,0.9394465870665772,0.7222234298520762,0.7000375016180239,155.8440581403842,91.67095313195034,38.5476,24729,4,low,False
A44_15.00kV_0.40nA_45.0nm_250.00ns_059.tif,train,,,False,,0.9983155746193172,0.7213992602542443,0.8659149392027493,0.998793323059576,0.7870784458397561,0.6489112532794286,0.816825313812895,0.8325581790457568,78406.0,30280.0,12141.0,25063429.0,ambiguous_no_site_in_filename,A44,,,,,,,,,,,,,0.0236536667988127,0.3595381177827925,,,,,,,,,5,90547,3.890815801649657,3.918165007155268,4.4511849907791685,1.6941485752078258,1.747350411322804,2.137779862834342,0.7790426875396971,0.8922386857147517,0.9240836534804832,184.7811523297293,96.03592441848204,41.5128,94838,4,low,False
A52_10.00kV_0.10nA_28.1nm_500.00ns_044.tif,train,,,False,,0.9933223359864192,0.8787251201904168,0.9530140074814032,0.9948887451908214,0.9143631160313228,0.8422365981973249,0.9294410582950854,0.9371680573463274,897804.0,123908.0,44264.0,24118280.0,matched_unique_sample,A52,,Asbyg,Personal,Outdoor,1.9,152.0000000000001,8192.0,5632.0,50.0,28.0,2.786888585572557,0.9,1.5889292103765145,3.7407021275514354,35.0,33.0,1250.079807688391,6.0,6.0,0.0047996935580417,0.0007999489263402,,2,942068,2.420084237235879,2.420084237235879,1.4177507559748246,0.6679463679726276,0.6679463679726276,0.5871939320202072,0.5246780145659847,0.5246780145659847,0.7069882698311215,178.66636803288085,104.6676015198904,126.021,154748,4,low,True
a_E200175-12116-L_3.tif,train,,,False,,0.9971876359168405,0.3226963549495942,0.7769714562166,0.9975222283305304,0.4560029024675993,0.2953392225907537,0.5462688259414645,0.6062749923100414,43362.0,91012.0,12447.0,36640379.0,no_sample_prefix_match,,,,,,,,,,,,,,2.439166340466249,0.1517076591858037,,,,,,,,,1,55809,3.983653173755961,3.983653173755961,3.983653173755961,2.3266894145087296,2.3266894145087296,2.3266894145087296,1.4041884750015272,1.4041884750015272,1.4041884750015272,200.8095826837965,83.52489197820778,50.4084,21292,1,low,False
A94 - Site 5.tif,train,,,False,,0.9875228188254584,0.7048851854206627,0.7178648355384525,0.9934234330331588,0.7113158042541012,0.5519706120415228,0.7139210251238621,0.715230804977516,44326.0,18558.0,17421.0,2803279.0,matched_unique_sample,A94,5.0,Asbyg,Personal,Indoor,1.9,75.99999999999987,8192.0,5632.0,50.0,56.0,1.393444292786275,12.2,20.21820761940696,2.141328291459517,10.0,154.0,178.5828296697697,19.0,18.0,0.1007935647188763,0.008399463726573,,1,61747,3.1391235004755,3.1391235004755,3.1391235004755,0.7742505309071136,0.7742505309071136,0.7742505309071136,0.3273962453054791,0.3273962453054791,0.3273962453054791,223.39509611803004,168.29571192838898,71.1648,44239,5,medium,True
b_E200175-12116-L_10.tif,train,,,False,,0.996465944676409,0.6148382472290477,0.6149402473056117,0.9982244455597906,0.6148892430373115,0.4439278519399118,0.614909643729294,0.6149198445829701,103789.0,65018.0,64990.0,36553403.0,no_sample_prefix_match,,,,,,,,,,,,,,1.8592445198329848,0.4587981689283229,,,,,,,,,6,168779,4.985586968596234,4.89722735443708,3.262273052025632,2.4205836845787414,2.2187568379397304,1.372376991546894,0.9421123261415024,0.9238191728364884,0.7261653273161143,120.91615070595276,70.04899750054336,37.065,73616,2,medium,False
A51_10.00kV_0.40nA_14.4nm_700.00ns_089.tif,train,,,False,,0.9824166733375006,0.6885565570065013,0.7304883253063365,0.9900234887980792,0.7089029141722294,0.5490701837636983,0.7173821675651827,0.7216983177652133,539199.0,243887.0,198936.0,24202234.0,matched_unique_sample,A51,,Asbyg,Personal,Outdoor,1.9,146.3000000000001,8192.0,5632.0,50.0,30.0,2.6823802636135863,4.3,6.344765555115068,2.9309382814405955,15.0,94.0,515.6579206714612,4.0,3.0,0.0058178103733839,0.000933273747397,,7,738135,3.647114551021217,4.150174267571379,2.172517804713585,0.968869783553658,0.5071766456079022,0.2698191090276445,0.3422121310546332,0.2730478881269142,0.1418086371845922,157.82776998787486,138.22611324400177,72.64739999999999,240154,4,medium,True
A30_Site2.tif,train,,,False,,0.9975270357998932,0.4290898255139933,0.6991767282770963,0.9981275572316574,0.5318062816482748,0.3622180608736766,0.5881205084779072,0.6210000939181183,64799.0,86216.0,27880.0,45958449.0,ambiguous_site_not_found,A30,2.0,,,,,,,,,,,,3.95501743663441,0.2008763226595792,,,,,,,,,20,92679,3.2687346746734347,3.2157958316047197,2.9221262435798887,0.9218548053828431,0.7595915905818058,0.8663934951964932,0.3962060484509672,0.3475439604020552,0.4214523973884588,35629.20008847743,25065.348761543057,12192.9024,169041,3,very high,True
SEMS R15B Sample 2_10.00kV_0.10nA_16.9nm_500.00ns_005.tif,train,,,False,,0.99679950873057,0.8612095924880586,0.917883847529149,0.997912933982352,0.8886440211643015,0.7996034016888818,0.90011351723328,0.9059600117496373,321375.0,51792.0,28751.0,24763906.0,no_sample_prefix_match,,,,,,,,,,,,,,2.9345273971557617,1.391275723775228,,,,,,,,,4,350126,4.3811644006863215,4.23691354596153,5.566382676812877,1.0273284400017757,0.6832796289326166,2.164835005668349,0.3062044201599644,0.1979522829909119,0.6364264784074906,189.81253605844756,115.99209531050964,34.099799999999995,202538,5,very low,True
A82 - Site 2.tif,train,,,False,,0.9974733265963466,0.559918942065266,0.9513523114653774,0.9976201195169528,0.7049431775038421,0.544333781544117,0.786419138167978,0.834652918210501,139258.0,109453.0,7121.0,45881512.0,ambiguous_site_not_found,A82,2.0,,,,,,,,,,,,1.526433771306818,0.3172679380937056,,,,,,,,,13,146379,3.650400098672924,3.583321800620197,3.934394467626383,1.2812202156764347,1.1240715150670153,1.933049591529112,0.5601981464764035,0.4888208175900332,0.9658753044592148,49284.142725390935,25069.821373507035,12526.4874,238033,4,medium,True
A36 - Site 5.tif,train,,,False,,0.9981843124736436,0.3283518073099483,0.9090125957484322,0.9982674031524832,0.4824382016223899,0.3179034963440391,0.5939227990111285,0.6715111279281527,39043.0,79863.0,3908.0,46014530.0,ambiguous_site_not_found,A36,5.0,,,,,,,,,,,,2.3359710519964048,0.0930937853726473,,,,,,,,,26,42951,3.606726914802908,3.4648254403871954,3.426756702204465,1.2355917928989255,1.0833205741866847,1.1886028651753089,0.5192197647404333,0.50704769802803,0.5310639713454642,35253.655328164656,23025.592651872823,10287.7614,124331,1,very high,False
A33_004.tif,train,,,False,,0.9964259104295208,0.4348036614229487,0.855278196863648,0.9968285514101104,0.576518597084135,0.4050060618306582,0.6629480857517597,0.7166681777492779,112245.0,145906.0,18993.0,45860200.0,ambiguous_no_site_in_filename,A33,,,,,,,,,,,,,2.0447405901822178,0.2844507044011896,,,,,,,,,52,131238,3.534212475319823,3.389464558661862,3.346358463048912,1.4408060086374035,1.3976894479502977,1.394891795760184,0.6934878588330874,0.6800182412730411,0.7147915048416743,47177.10684405432,27511.86176910936,14098.0434,295889,2,high,True
A106 - Site 6.tif,train,,,False,,0.9977926774458418,0.8528304255049414,0.9419471112186109,0.998357113157068,0.8951762981504101,0.8102435679573056,0.913315970763366,0.9226643128733756,27178.0,4690.0,1675.0,2850041.0,matched_unique_sample,A106,6.0,Asbyg,FF,Indoor,1.9,2251.499999993364,8192.0,5632.0,50.0,2.0,41.2807871736718,3.5,2.4222287264737217,1.0005950927734375,10.0,37.0,5290.516328951344,1.0,1.0,0.0001890174678277,0.0004666368736998,,1,28853,5.833079211913761,5.833079211913761,5.833079211913761,0.9704343330172231,0.9704343330172231,0.9704343330172231,0.1995692379458384,0.1995692379458384,0.1995692379458384,86.48123245416421,72.09357302314652,14.826,42555,5,low,False
A94 - Site 9.tif,train,,,False,,0.9966312755237892,0.7434484309974291,0.9781724010355242,0.996805941704582,0.8448094066522599,0.731316036952832,0.8935390771265845,0.92007460816786,26440.0,9124.0,590.0,2847430.0,matched_unique_sample,A94,9.0,Asbyg,Personal,Indoor,1.9,75.99999999999987,8192.0,5632.0,50.0,56.0,1.393444292786275,12.2,2.0445390181107954,0.937375155362216,10.0,154.0,178.5828296697697,19.0,18.0,0.1007935647188763,0.008399463726573,,1,27030,3.993188665072545,3.993188665072545,3.993188665072545,1.025465915704145,1.025465915704145,1.025465915704145,0.3455396619532119,0.3455396619532119,0.3455396619532119,118.40603033666297,87.998914993949,29.652,47926,5,low,True
A112 - 222.tif,train,,,False,,0.9993137663060968,0.7079043746574519,0.8115175457444237,0.9995603431615162,0.7561781398965941,0.6079472986861068,0.7773828090980552,0.7884374498152951,49096.0,20258.0,11403.0,46056587.0,matched_unique_sample,A112,,Asbyg,NF,Indoor,1.9,493.9999999999999,8192.0,5632.0,50.0,9.0,9.0573879031108,5.6,0.2819928255948153,0.1311280510642311,3.0,289.0,348.2365178560515,123.0,62.0,0.1780399148880433,0.0964382872310234,,21,60499,3.499324261362545,3.4827926542302605,3.862985906497373,1.0519372595872651,1.0052153580237806,1.483380604800734,0.4414213748065779,0.3997449799881338,0.6233725414853176,160.363361377874,98.7840789920683,41.5128,135406,2,high,False
A60 - Site 5.tif,train,,,False,,0.999792770905928,0.1444751381214139,0.8531810766674651,0.9997986149712677,0.2471060713440057,0.140970350404186,0.3451917365182823,0.4306653491433735,1569.0,9291.0,270.0,46126214.0,matched_unique_sample,A60,5.0,Asbyg,Personal,Indoor,1.9,277.4000000000001,8192.0,5632.0,50.0,16.0,5.086071668669915,2.7,0.1940250396728515,0.0039859251542524,10.0,75.0,651.8273282946609,6.0,2.0,0.0030682972517161,0.000933273747397,,3,1717,3.887240552814415,3.96043378553088,3.9036111152431134,1.1336476481521298,1.2747390764988622,1.2148422788640476,0.4258459617766266,0.4726207542426007,0.4518210202478755,31235.10425160163,21514.431748800696,8001.592199999999,9172,0,low,False
A56 - Site 5.tif,train,,,False,,0.9950779351321132,0.6682820090806767,0.9170181907804092,0.9957984592141128,0.7731365440463138,0.6301732603530246,0.8249083277675714,0.8534843988691222,386956.0,192075.0,35016.0,45523297.0,matched_unique_sample,A56,5.0,Asbyg,Personal,Indoor,1.9,210.9,8192.0,5632.0,50.0,21.0,3.86680791248192,22.4,0.6663365797563033,0.9145996787331322,5.0,290.0,247.7836761668059,11.0,10.0,0.0403577836712216,0.00933273747397,,32,421972,3.8388429012558727,3.816807376396608,3.799898136567496,1.4543331546038183,1.4405841413545302,1.5617089315965242,0.6203295783159749,0.6186499888210086,0.6977555462902734,146.47695344714816,86.2768222199209,38.5476,762847,4,medium,True
A33_10.00kV_0.10nA_33.7nm_50.00ns_003.tif,train,,,False,,0.9986736951848008,0.6316101838617486,0.9458229041968756,0.9987896513057636,0.7574221473390107,0.6095570959332536,0.8229959723746539,0.8602333238754178,52147.0,30415.0,2987.0,25098707.0,ambiguous_no_site_in_filename,A33,,,,,,,,,,,,,0.2415040571379198,0.2189224887167602,,,,,,,,,4,55134,3.382807910550177,3.6778811569595566,2.063267953707726,0.8374053908199574,0.8649409802790173,0.4042956884827586,0.361979299371958,0.3420745373731405,0.2437024999927264,174.3630609061559,140.1967600006743,84.5082,59321,3,very low,False
A30_Site4.tif,train,,,False,,0.9971377199346368,0.493080914856787,0.7133764849457994,0.9979362230094592,0.5831160385637526,0.4115481962070257,0.6290619853342403,0.6548615089651794,92358.0,94950.0,37108.0,45912928.0,ambiguous_site_not_found,A30,4.0,,,,,,,,,,,,2.6458740234375,0.2806099978360263,,,,,,,,,32,129466,3.572783292681185,3.381208648483625,2.684079596980229,1.1327996031459198,1.101307688700827,0.68755791301996,0.4633519089917816,0.4067045466104798,0.3443778840687814,32726.720559838104,24343.394032031167,12192.9024,221784,2,very high,True
b_E200175-12116-L_18.tif,train,,,False,,0.998677637874043,0.4887530455968839,0.9647043668682715,0.9987207075590608,0.6488008432360158,0.4801667022867621,0.7465930275447623,0.8074451568384747,44934.0,47002.0,1644.0,36693620.0,no_sample_prefix_match,,,,,,,,,,,,,,0.5493350948155881,0.1266146920668058,,,,,,,,,9,46578,6.090720697355093,6.648551765577314,5.466778882430301,2.8264119239670533,3.1254918170678354,2.9468370252597014,0.9741028471619833,0.9094833338502578,1.1694067529693106,162.10092747649105,74.72131597402202,29.652,65594,4,medium,True
b_E200175-12116-L_1.tif,train,,,False,,0.9946623282011132,0.1153599774659096,0.9393659132104104,0.9947029895319576,0.205485105728682,0.1145073280721481,0.2988876464010007,0.386796045516158,25392.0,194719.0,1639.0,36565450.0,no_sample_prefix_match,,,,,,,,,,,,,,1.4719168623869172,0.0734793623869171,,,,,,,,,10,27031,6.047466659547593,6.135025202290731,4.310558420050391,3.249158615583056,3.046436123810591,2.457343335337328,1.1952675309543384,1.1510808959708934,1.3259892794619053,121.42584440087307,52.20395702584831,28.1694,47005,2,medium,False
A52 - Site 4.tif,train,,,False,,0.992751381613988,0.8390640325064204,0.6638877186757137,0.9979767361650538,0.7412670512216546,0.588899378490955,0.7082471934561981,0.6928163858409871,29942.0,5743.0,15159.0,2832740.0,matched_unique_sample,A52,4.0,Asbyg,Personal,Outdoor,1.9,152.0000000000001,8192.0,5632.0,50.0,28.0,2.786888585572557,0.9,5.894331498579546,1.564060557972301,35.0,33.0,1250.079807688391,6.0,6.0,0.0047996935580417,0.0007999489263402,,1,45101,2.812067593639956,2.812067593639956,2.812067593639956,0.3026603493833457,0.3026603493833457,0.3026603493833457,0.1206102955384945,0.1206102955384945,0.1206102955384945,125.07514245803864,111.61341543513956,44.478,60900,5,very low,True
A33 - 217.tif,val,,,False,,0.994754206050526,0.5372747334274383,0.5423349966758414,0.9973352731871404,0.5397930060143382,0.3696688265688711,0.5408069373984169,0.5413153328375528,141941.0,122246.0,119781.0,45753376.0,ambiguous_no_site_in_filename,A33,,,,,,,,,,,,,2.0632635463367808,0.5672671578147195,,,,,,,,,61,261722,3.246308543835196,3.165692238006292,2.957670944947275,1.0727889663690868,1.0608988902272196,1.103229017255359,0.5010965768224258,0.503153573263172,0.5949116015377995,188.5568465776664,118.22401090437393,63.7518,394704,2,very high,True
A91 - Site 11.tif,val,,,False,,0.9997222640297628,0.7304892950112282,0.9115619199148396,0.9997799474858317,0.8110419677351564,0.6821451604899832,0.8484668974494011,0.8685051604996987,27500.0,10146.0,2668.0,46097030.0,matched_unique_sample,A91,11.0,Asbyg,Personal,Indoor,1.9,37.99999999999986,8192.0,5632.0,50.0,112.0,0.6967221463931359,5.4,0.2947894009676846,0.0653873790394176,10.0,53.0,89.29141483488466,5.0,5.0,0.0559964248438203,0.0023331843684925,,3,30168,4.356430672928613,4.452208460509866,4.3152726960671615,2.129743398375807,2.112326175858188,2.123556484022388,0.9615906155228234,0.9375318712542002,0.9689012072522688,191.9346990188279,97.48315370124456,44.478,32381,4,medium,True
A44_10.00kV_0.10nA_33.7nm_250.00ns_053.tif,val,,,False,,0.9996144416575176,0.4945772528530494,0.9150120810999948,0.999646431261625,0.6420936232950084,0.4728555917478431,0.7290777292277895,0.7820496704795048,8710.0,8901.0,809.0,25165836.0,ambiguous_no_site_in_filename,A44,,,,,,,,,,,,,0.0521635421749207,0.0377974239143693,,,,,,,,,1,9519,2.677114403965561,2.677114403965561,2.677114403965561,0.7367704530468284,0.7367704530468284,0.7367704530468284,0.3797112633785795,0.3797112633785795,0.3797112633785795,186.54722134678013,135.20743527611273,69.6822,15682,4,very low,False
A86 - Site 2.tif,val,,,False,,0.998030229048292,0.7364966697453758,0.9831267441099466,0.9981102966171836,0.8421257435096887,0.7273032790816999,0.8933773662788858,0.9214159722643488,15149.0,5420.0,260.0,2862755.0,matched_unique_sample,A86,2.0,Asbyg,NF,Indoor,1.9,412.2999999999998,8192.0,5632.0,50.0,11.0,7.559435288365552,1.5,0.0751148570667613,0.5343697287819602,38.0,9.0,3681.4850336423074,2.0,2.0,0.0005432590331682,0.0002455983545781,,2,15409,3.7370122834575055,3.7370122834575055,3.597150080099219,1.1864148456956147,1.1864148456956147,1.0617268884752884,0.4646684771359001,0.4646684771359001,0.4187572678133162,45230.315464988,31880.23525313516,12573.9306,34448,5,very low,True
A31_Site5.tif,val,,,False,,0.9960195584730668,0.4645883446315117,0.6066531430508678,0.9974433992745976,0.5262006424065601,0.3570368243787205,0.5556775512894888,0.5716901294752309,101979.0,117525.0,66122.0,45851718.0,matched_unique_sample,A31,5.0,Asbyg,Personal,Indoor,1.9,186.2000000000001,8192.0,5632.0,50.0,23.0,3.413938517326382,80.0,3.3951607617464936,0.3643491051413796,5.0,83.0,218.7639663454684,14.0,14.0,0.0639959141072229,0.013065832463558,,46,168101,3.081964562353179,3.0719816235134982,2.448205015076857,0.7259919991153024,0.6699522406255785,0.474962498517181,0.3199655853718647,0.2637714781715282,0.2407015328987775,26119.384203544298,21052.10923896943,10668.7896,435449,2,very high,True
A52_20.00kV_0.40nA_56.2nm_25.00ns_037.tif,val,,,False,,0.9979019828896272,0.4575980052638236,0.7071390345711855,0.9984423297410032,0.5556368529497872,0.3846933190482952,0.6077174262980072,0.637598919127557,33034.0,39156.0,13681.0,25098385.0,matched_unique_sample,A52,,Asbyg,Personal,Outdoor,1.9,152.0000000000001,8192.0,5632.0,50.0,28.0,2.786888585572557,0.9,4.23492359671058,0.1854928730076441,35.0,33.0,1250.079807688391,6.0,6.0,0.0047996935580417,0.0007999489263402,,3,46715,2.564436232157113,2.452314416917005,2.4682427057112077,0.463031570673712,0.3793212688416498,0.3896039550273046,0.2188023541264043,0.1869310738371148,0.1874322581909472,197.60849834100395,166.4166498560399,80.0604,109058,4,low,True
A50 - Site 4.tif,val,,,False,,0.9976501464843716,0.9166869300909068,0.8819968415508914,0.9990380397207788,0.8990073628042897,0.8165425747933353,0.892125019966724,0.8887232136542063,30159.0,2741.0,4035.0,2846649.0,matched_unique_sample,A50,4.0,Asbyg,Personal,Outdoor,1.9,146.3000000000001,8192.0,5632.0,50.0,30.0,2.6823802636135863,1.6,9.716033935546877,1.1858159845525569,30.0,5.0,1031.3158413429223,1.0,1.0,0.0009696350622306,0.0001555456245661,,1,34194,3.0493507790397447,3.0493507790397447,3.0493507790397447,0.7492668732484724,0.7492668732484724,0.7492668732484724,0.3257563218791372,0.3257563218791372,0.3257563218791372,117.54515412060596,88.66271438988048,38.5476,31543,4,low,False
A125 - Site 4.tif,val,,,False,,0.9939811012961614,0.7007646691633633,0.8215832164417817,0.9959642765689476,0.7563796636814301,0.6082078602224411,0.7811784216963715,0.794197755034618,26943.0,11505.0,5851.0,2839285.0,matched_unique_sample,A125,4.0,Asbyg,NF,Indoor,1.9,408.4999999999999,8192.0,5632.0,50.0,11.0,7.489763073726238,20.7,7.0053794167258525,1.137265292080966,3.0,206.0,287.96481284250405,63.0,39.0,0.1354332135757509,0.0606627935808051,,4,32794,5.757173788487874,4.7053500654491724,4.4124585010082695,1.392345033254964,1.1700503909966256,0.9563851940413602,0.2898478946634718,0.3310751537846439,0.2767259571665088,91.58675367445264,71.7356400232887,20.7564,60115,4,medium,True
A89 - Site 4.tif,val,,,False,,0.9993017370050602,0.4425583220101348,0.8821958570171738,0.9993683087061992,0.5894272678611642,0.4178637899567377,0.6796473181482205,0.735972757073248,23125.0,29128.0,3088.0,46082003.0,matched_unique_sample,A89,4.0,Asbyg,Personal,Indoor,1.9,91.20000000000012,8192.0,5632.0,50.0,47.0,1.6721331513435354,6.0,0.5010409788651901,0.0568151473999023,5.0,52.0,107.14969780186216,8.0,8.0,0.07466189979176,0.007466189979176,,8,26213,3.777055051430137,3.629417711546432,3.5951847585583394,1.5275046945097663,1.212327305232081,1.4384640789120793,0.675287613342635,0.5648365795903905,0.6669681857116646,197.2181741883798,118.30950096837836,54.8562,55247,3,medium,True
A51_15.00kV_50pA_28.1nm_1.00µs_075.tif,val,,,False,,0.976613603356001,0.00847431600007,0.0274269242511358,0.98195193793305,0.012947988503339,0.0065161799632947,0.0164140400166045,0.0189504687824996,3863.0,451985.0,136984.0,24591424.0,matched_unique_sample,A51,,Asbyg,Personal,Outdoor,1.9,146.3000000000001,8192.0,5632.0,50.0,30.0,2.6823802636135863,4.3,10.161245184292916,0.5592660748048305,15.0,94.0,515.6579206714612,4.0,3.0,0.0058178103733839,0.000933273747397,,14,327669,3.701603730993296,3.7137039234172233,3.112069565932652,1.3232632849777688,1.2703966405348162,1.0134265789714243,0.5987275334795639,0.5905179601724548,0.48289613106993,212.24189959990116,143.1266122745473,68.19959999999999,225768,0,very low,False
A112 - Site 2.tif,val,,,False,,0.9985857876864312,0.3964280262549283,0.9544285189233576,0.9986274946083832,0.5601811906810179,0.3890636704114021,0.6710594315228138,0.7447662747343018,2597.0,3954.0,124.0,2876909.0,matched_unique_sample,A112,2.0,Asbyg,NF,Indoor,1.9,493.9999999999999,8192.0,5632.0,50.0,9.0,9.0573879031108,5.6,2.919353138316761,0.094361738725142,3.0,289.0,348.2365178560515,123.0,62.0,0.1780399148880433,0.0964382872310234,,1,2721,4.705381218306871,4.705381218306871,4.705381218306871,1.0670219373395098,1.0670219373395098,1.0670219373395098,0.2932700854489153,0.2932700854489153,0.2932700854489153,118.59536934950386,91.70193502574116,25.2042,5633,2,medium,False
A52 - Site 9.tif,val,,,False,,0.9964942932128872,0.642648279845261,0.9883411059288316,0.9965455413439236,0.7788594054206072,0.6378130486185956,0.8510089059067479,0.8923397728297133,17802.0,9899.0,210.0,2855673.0,matched_unique_sample,A52,9.0,Asbyg,Personal,Outdoor,1.9,152.0000000000001,8192.0,5632.0,50.0,28.0,2.786888585572557,0.9,0.3627777099609375,0.6246393377130682,35.0,33.0,1250.079807688391,6.0,6.0,0.0047996935580417,0.0007999489263402,,1,18012,3.218299953428902,3.218299953428902,3.218299953428902,0.6752975060944154,0.6752975060944154,0.6752975060944154,0.2655512607948835,0.2655512607948835,0.2655512607948835,31882.83899622474,25192.84677271524,9906.7332,49097,5,low,True
b_E200175-12116-L_19.tif,val,,,False,,0.9978522149008348,0.1932498639085263,0.9045915617185748,0.9979039781903196,0.3184652940110653,0.1893896646181747,0.4298811655693527,0.5210214956647105,18460.0,77064.0,1947.0,36689729.0,no_sample_prefix_match,,,,,,,,,,,,,,0.4453614300626305,0.0554730993389004,,,,,,,,,8,20407,5.226784688646367,5.4089564906921686,4.458813850645344,2.64046168968959,2.5023730517953093,2.355955445389942,1.1449732249108535,1.3061717691429269,1.1203585743491762,118.9914735139903,56.118561710398446,26.6868,44247,1,medium,False
A52_20.00kV_0.20nA_28.1nm_25.00ns_041.tif,val,,,False,,0.9975672896590628,0.2844501773621045,0.791955467767717,0.997794876224593,0.4185631583941901,0.2646726997767271,0.5158483239372815,0.5836796273258736,22052.0,55473.0,5793.0,25100938.0,matched_unique_sample,A52,,Asbyg,Personal,Outdoor,1.9,152.0000000000001,8192.0,5632.0,50.0,28.0,2.786888585572557,0.9,1.9006358575770512,0.1105651086138895,35.0,33.0,1250.079807688391,6.0,6.0,0.0047996935580417,0.0007999489263402,,2,27845,3.383002427228828,3.383002427228828,2.0059940036980977,0.5878014853494773,0.5878014853494773,0.4156713379106168,0.252024445761251,0.252024445761251,0.2613754723041083,214.13424313162147,169.76249168525257,106.7472,25557,2,low,False
A33 - 216.tif,val,,,False,,0.9963316917419432,0.4942312839560434,0.6310428145740647,0.997657021978525,0.5543202334179362,0.3834322415181082,0.5826561116031563,0.5979389057111787,105251.0,107708.0,61538.0,45862847.0,ambiguous_no_site_in_filename,A33,,,,,,,,,,,,,1.799397035078569,0.3615054217251864,,,,,,,,,66,166789,3.488778842495165,3.4204645348478704,3.396289631486844,1.4160891783848144,1.331609418462986,1.429458941941018,0.6809466274448166,0.6670209021468728,0.7267829149758191,191.3428823243739,110.8088808718527,56.3388,332625,2,very high,True
A52_10.00kV_50pA_16.9nm_200.00ns_030.tif,val,,,False,,0.9989315546983,0.7904255807897839,0.7960578064992526,0.9994552023675384,0.7932316960717408,0.6573189679324702,0.79435972888272,0.7949249492525483,51614.0,13685.0,13223.0,25105734.0,matched_unique_sample,A52,,Asbyg,Personal,Outdoor,1.9,152.0000000000001,8192.0,5632.0,50.0,28.0,2.786888585572557,0.9,5.260453197426202,0.2574505278218265,35.0,33.0,1250.079807688391,6.0,6.0,0.0047996935580417,0.0007999489263402,,1,64837,3.4072277472754067,3.4072277472754067,3.4072277472754067,2.1865434178751526,2.1865434178751526,2.1865434178751526,1.7912439478929605,1.7912439478929605,1.7912439478929605,111.13422891250366,39.81530492112079,32.6172,21235,1,low,False
A30_Site1.tif,val,,,False,,0.9974524324590508,0.5445194997472724,0.5882411743446148,0.9986091336772076,0.565536564449812,0.3942495503434708,0.5744047887213526,0.5789440225707785,76499.0,63990.0,53548.0,45943307.0,ambiguous_site_not_found,A30,1.0,,,,,,,,,,,,3.634318438443271,0.2818692814220082,,,,,,,,,28,130047,3.379750992549442,3.3063992801850945,3.083747958128394,1.054863532426545,0.9969998162120052,1.0827397349260606,0.4625939035137555,0.4595547063446182,0.5410970941402535,31724.86321099295,20585.895159763564,10287.7614,237695,4,very high,True
A33_15.00kV_0.20nA_39.7nm_50.00ns_009.tif,val,,,False,,0.996652948572314,0.7086787184919644,0.9257704592540936,0.9971784772073276,0.8028072473769594,0.6705747638532013,0.8478528450105842,0.8723259959105023,171586.0,70535.0,13758.0,24928377.0,ambiguous_no_site_in_filename,A33,,,,,,,,,,,,,0.1946851239123363,0.7359518581767911,,,,,,,,,4,185344,3.2507486593476367,3.58270969824564,2.353832226965366,1.130146597024022,0.9432603476087104,0.991408132899028,0.6189333276601016,0.4691447814215332,0.727679536150009,191.93854130697517,111.09614791607564,81.54299999999999,81073,4,low,True
A33_20.00kV_0.20nA_33.7nm_500.00ns_014.tif,val,,,False,,0.99632091573402,0.7803557667199282,0.9118790770020462,0.9972316856443266,0.84100631650475,0.7256349439010525,0.8679909988951979,0.8821433045491592,245052.0,68974.0,23681.0,24846549.0,ambiguous_no_site_in_filename,A33,,,,,,,,,,,,,1.16154314822721,1.0670674567475809,,,,,,,,,6,268733,4.071275768348308,4.200244705941143,3.8130064494391886,1.5503978138865022,1.597727272403231,1.4435200463035442,0.6668903036196475,0.579418041517735,0.6092122091481699,226.1265345156717,140.52002167525112,59.304,179006,4,low,True
A125 - Site 29.tif,val,,,False,,0.9877277721058204,0.4759643469575299,0.7691932880589674,0.9902450129737892,0.5880517787296764,0.4164825380073844,0.649205778028929,0.6848141420166101,25258.0,27809.0,7579.0,2822938.0,matched_unique_sample,A125,29.0,Asbyg,NF,Indoor,1.9,408.4999999999999,8192.0,5632.0,50.0,11.0,7.489763073726238,20.7,11.057697642933238,1.1387564919211648,3.0,206.0,287.96481284250405,63.0,39.0,0.1354332135757509,0.0606627935808051,,1,32837,3.993248076988277,3.993248076988277,3.993248076988277,0.8164757957214994,0.8164757957214994,0.8164757957214994,0.2570142658445797,0.2570142658445797,0.2570142658445797,106.56701282090324,84.77788654747798,26.6868,19409,4,high,True
A33_20.00kV_0.20nA_33.7nm_50.00ns_017.tif,val,,,False,,0.9965069049488692,0.6260491413181537,0.9517516492914916,0.9967618307745992,0.7552833112180962,0.6067913429820134,0.8232610123402235,0.8620547325855373,135755.0,81089.0,6882.0,24960530.0,ambiguous_no_site_in_filename,A33,,,,,,,,,,,,,0.4286646387330243,0.5663736899751972,,,,,,,,,5,142637,3.6835561002237447,4.06474285555222,3.6774612305932872,1.256687952982756,1.286106629220081,1.4475768808933935,0.528519935744447,0.4628553449897689,0.6491712814517707,218.0881608558789,132.24106149690132,59.304,113274,4,low,True
A77 - Site 18.tif,val,,,False,,0.9970113580877096,0.92999231496794,0.9419081547118696,0.9983182901302732,0.9359123088820768,0.8795443427212413,0.9383014636588884,0.9395006210883098,62927.0,4737.0,3881.0,2812039.0,ambiguous_site_not_found,A77,18.0,,,,,,,,,,,,11.00495078346946,2.316839044744318,,,,,,,,,1,66808,6.709971088098845,6.709971088098845,6.709971088098845,1.3669273599597969,1.3669273599597969,1.3669273599597969,0.2558330849079837,0.2558330849079837,0.2558330849079837,89.53382828403784,71.29436973548101,13.3434,40602,4,low,True
A52 - Site 3.tif,val,,,False,,0.992276625199748,0.7885626435362066,0.7886973689204624,0.9960648640399894,0.7886300004744661,0.6510232222882806,0.7886569464717081,0.7886704201610185,41547.0,11140.0,11131.0,2819766.0,matched_unique_sample,A52,3.0,Asbyg,Personal,Outdoor,1.9,152.0000000000001,8192.0,5632.0,50.0,28.0,2.786888585572557,0.9,0.6823453036221591,1.8268238414417608,35.0,33.0,1250.079807688391,6.0,6.0,0.0047996935580417,0.0007999489263402,,1,52678,3.240023835913498,3.240023835913498,3.240023835913498,0.7731041634640264,0.7731041634640264,0.7731041634640264,0.3133884625826167,0.3133884625826167,0.3133884625826167,37036.21350468887,28198.97887016502,11430.846,80171,5,very low,True
A44_10.00kV_0.10nA_28.1nm_500.00ns_048.tif,val,,,False,,0.9994678818385576,0.8240329892927502,0.8484419615143766,0.999709791381086,0.8360593567643914,0.718300681072749,0.8409687716109752,0.8434451640930036,34171.0,7297.0,6104.0,25136684.0,ambiguous_no_site_in_filename,A44,,,,,,,,,,,,,0.1442409098763926,0.159921341333252,,,,,,,,,1,40275,3.4842885708083275,3.4842885708083275,3.4842885708083275,1.224161653472983,1.224161653472983,1.224161653472983,0.541634031252801,0.541634031252801,0.541634031252801,201.46644320297952,130.6837025606152,57.8214,38233,4,low,True
SEMS R15B Sample 2_20.00kV_0.10nA_15.0nm_500.00ns_019.tif,val,,,False,,0.9984380404154456,0.7627010637750385,0.820628794497128,0.9990792568508482,0.7906052567093472,0.6537197727172045,0.8023471305279636,0.8083498364934257,74207.0,23088.0,16220.0,25052309.0,no_sample_prefix_match,,,,,,,,,,,,,,15.004869302113852,0.3593246142069498,,,,,,,,,2,90427,3.278004239866245,3.278004239866245,3.206549725444272,0.5958504490277623,0.5958504490277623,0.6655843789960146,0.225635454143634,0.225635454143634,0.2619415411729466,104.5886737368264,82.87917492358174,32.6172,124643,5,very low,True
A33_20.00kV_50pA_89.9nm_15.00µs_021.tif,val,,,False,,0.9927702145214458,0.8255374095222738,0.9654798366511474,0.9936231340703922,0.8900413717377218,0.8018689607658144,0.9187564515147816,0.9338202016045696,45393.0,9593.0,1623.0,1494751.0,ambiguous_no_site_in_filename,A33,,,,,,,,,,,,,0.7753197194719472,3.030631188118812,,,,,,,,,4,47016,8.44344695599137,8.281533725541351,8.335361728416572,4.745187965499314,5.313295962603044,5.476796545339164,1.525237186895139,1.2096601582205984,1.9159250161019687,173.01210226305938,59.33352239461358,20.7564,54656,4,low,True
A78 - Site 8.tif,val,,,False,,0.9931224476207352,0.8022728765681749,0.7723066545813174,0.996816098483042,0.78700461819345,0.6488108940871158,0.7810588069766867,0.778119464985759,36639.0,9030.0,10802.0,2827113.0,ambiguous_site_not_found,A78,8.0,,,,,,,,,,,,3.855341131036932,1.6452095725319602,,,,,,,,,1,47441,3.370575594224459,3.370575594224459,3.370575594224459,0.3251484183972459,0.3251484183972459,0.3251484183972459,0.1067661118086089,0.1067661118086089,0.1067661118086089,94.94709217765224,85.78785631720137,28.1694,45851,4,low,True
A31_Site2.tif,val,,,False,,0.9942338900132612,0.5237853843801589,0.4685503694346203,0.9974189419083556,0.4946306417204648,0.3285775939306822,0.48385772003743,0.4786453370039612,130190.0,118366.0,147667.0,45741121.0,matched_unique_sample,A31,2.0,Asbyg,Personal,Indoor,1.9,186.2000000000001,8192.0,5632.0,50.0,23.0,3.413938517326382,80.0,3.283459489995783,0.6022388284856622,5.0,83.0,218.7639663454684,14.0,14.0,0.0639959141072229,0.013065832463558,,30,277857,3.240719054256913,3.159899038959679,2.859447131562956,0.9670353402648256,0.8975069563118001,0.9137522099004408,0.4183279827702217,0.3803550903080026,0.4696276891750598,31604.8486451664,21505.34375335724,11052.783,400255,3,very high,True
A77 - Site 7.tif,val,,,False,,0.9982273578643798,0.3577228847245544,0.7308145942495542,0.9985274583994466,0.4803309208979291,0.3160759980598822,0.5566461908681342,0.6046823405943441,37797.0,67863.0,13922.0,46017762.0,matched_sample_and_site,A77,7.0,Asbyg,Personal,Indoor,1.9,399.0000000000001,8192.0,5632.0,50.0,11.0,7.315582537127958,23.6,1.4341029253872957,0.1120979135686701,10.0,266.0,937.5598557662928,8.0,7.0,0.007466189979176,0.0032664581158895,,12,51719,3.4810860537835238,3.591769882315337,3.734639122290946,1.22547395675187,1.258994314642783,1.7031956008659277,0.5567850248911536,0.5797688387611293,0.8384164181293179,41433.19112898548,22537.435327703104,11094.2958,84070,3,medium,True
A112 - Site 21.tif,val,,,False,,0.9927049116654796,0.3512710576954352,0.8511247443755818,0.9933076985497078,0.4972996224249636,0.3309373111541201,0.596487003978149,0.6625616077226905,10405.0,19216.0,1820.0,2852143.0,matched_unique_sample,A112,21.0,Asbyg,NF,Indoor,1.9,493.9999999999999,8192.0,5632.0,50.0,9.0,9.0573879031108,5.6,0.8711034601384943,0.423951582475142,3.0,289.0,348.2365178560515,123.0,62.0,0.1780399148880433,0.0964382872310234,,3,12225,3.6753282846452784,3.7131972019702575,3.4895862201217787,0.94876276476095,0.8530551326290069,1.218980088235032,0.3805694230219726,0.22889589215034,0.5368522840379529,103.47321063394683,67.32801304541186,29.652,20237,3,medium,True
A33 - Site 3.tif,val,,,False,,0.9961589249697596,0.4822248591707515,0.6462419749582847,0.9974465818598974,0.5523138756754296,0.3815149336553295,0.5864063920694251,0.6050812276865956,109317.0,117376.0,59841.0,45850810.0,matched_sample_and_site,A33,3.0,Asbyg,Personal,Indoor,1.9,43.70000000000014,8192.0,5632.0,50.0,98.0,0.801230468352112,22.15,1.6817591407082295,0.3666400909423828,5.0,64.0,51.34256353005904,18.0,15.0,0.2921552600547126,0.0139991062109549,,20,169158,3.938069659281816,3.9438991516557,3.644232728975436,1.4509624452405212,1.4608323403723855,1.2276472545982855,0.5729517525795622,0.5886205356916375,0.5080090349025231,37490.99680180659,24861.2547631221,10287.7614,207322,1,high,False
A60 - Site 2.tif,val,,,False,,0.99811315536499,0.0132065811826565,0.3356002365454299,0.9981617230273868,0.0254131028614901,0.0128700858383684,0.0403197158081561,0.057052377601281,1135.0,84807.0,2247.0,46049155.0,matched_unique_sample,A60,2.0,Asbyg,Personal,Indoor,1.9,277.4000000000001,8192.0,5632.0,50.0,16.0,5.086071668669915,2.7,0.1506328582763672,0.0073302875865589,10.0,75.0,651.8273282946609,6.0,2.0,0.0030682972517161,0.000933273747397,,6,3382,4.256729239241606,4.1733511335635285,4.669855066122745,1.4153607353653943,1.3466352918181603,1.7651587504291992,0.502566833905529,0.5105825050910033,0.6076913241813295,37366.27587226493,23242.19538305125,8001.592199999999,16721,0,very low,False
A31_Site1.tif,val,,,False,,0.9966472712430086,0.2200096915604415,0.7060248806594992,0.9969960531261202,0.3354784386840536,0.2015464662523381,0.4246207384046083,0.4896786977350701,39046.0,138428.0,16258.0,45943612.0,matched_unique_sample,A31,1.0,Asbyg,Personal,Indoor,1.9,186.2000000000001,8192.0,5632.0,50.0,23.0,3.413938517326382,80.0,3.464638103138317,0.1198681918057528,5.0,83.0,218.7639663454684,14.0,14.0,0.0639959141072229,0.013065832463558,,20,55304,2.9345921153358896,2.69558230789384,2.7268615860701426,0.679217939754529,0.6085902160419876,0.6634776760724945,0.3073455835566149,0.2646010282787091,0.3215483424375928,24936.267882974105,18868.97897126941,9144.6768,165155,2,very high,True
A52_10.00kV_0.20nA_28.1nm_500.00ns_046.tif,val,,,False,,0.982009236246645,0.8603419709113369,0.9362582446437446,0.9861719091179916,0.8966961670211309,0.812737289781812,0.912112888248163,0.9200217650765956,1966426.0,319207.0,133877.0,22764746.0,matched_unique_sample,A52,,Asbyg,Personal,Outdoor,1.9,152.0000000000001,8192.0,5632.0,50.0,28.0,2.786888585572557,0.9,1.6446108235240304,8.33974606992559,35.0,33.0,1250.079807688391,6.0,6.0,0.0047996935580417,0.0007999489263402,,9,2100303,2.6981087083096167,2.232918819437005,2.1496689269260685,0.93924966890816,1.0370699009506152,1.049730832329734,0.5370254030532203,0.5917946690936667,0.9543544653737418,175.29045332982906,89.69225205866827,81.54299999999999,430011,4,low,True
A112 - 219.tif,val,,,False,,0.9984801682558924,0.7078071974468921,0.6674240321908677,0.9993096567313672,0.6870226963332952,0.5232555767831413,0.6790467123646041,0.6751277674167968,76962.0,31771.0,38350.0,45990261.0,matched_unique_sample,A112,,Asbyg,NF,Indoor,1.9,493.9999999999999,8192.0,5632.0,50.0,9.0,9.0573879031108,5.6,0.4273978146639737,0.2499320290305397,3.0,289.0,348.2365178560515,123.0,62.0,0.1780399148880433,0.0964382872310234,,52,115312,3.449678887205293,3.436770415811212,3.718198162224623,1.1046565895340636,0.9604154680080468,1.323931940038604,0.4720708615049401,0.4591970142437334,0.5529593691952195,154.3528167059803,99.39269485230642,41.5128,272219,1,medium,False
A112 - Site 13.tif,val,,,False,,0.9948910799893432,0.6179596512439961,0.8769077937321065,0.9958042075348096,0.725005599940132,0.5686343405948207,0.7789811472118816,0.8090992417297884,19420.0,12006.0,2726.0,2849432.0,matched_unique_sample,A112,13.0,Asbyg,NF,Indoor,1.9,493.9999999999999,8192.0,5632.0,50.0,9.0,9.0573879031108,5.6,3.007056496360085,0.7680025967684659,3.0,289.0,348.2365178560515,123.0,62.0,0.1780399148880433,0.0964382872310234,,5,22146,5.833223547575055,5.653826115938228,4.506921709902637,1.42102277745392,1.0052646796016729,0.9307322626613916,0.3324163908616001,0.1923424521309942,0.2602580976973555,100.22943195159397,79.53087715295996,22.239,43835,3,medium,True
A52_20.00kV_0.20nA_28.1nm_500.00ns_042.tif,val,,,False,,0.9982243271351748,0.3078590256760113,0.6297228213113548,0.9985910531877418,0.4135443851388911,0.2606718910160598,0.4793697991248455,0.5208202580482852,15767.0,35448.0,9271.0,25123770.0,matched_unique_sample,A52,,Asbyg,Personal,Outdoor,1.9,152.0000000000001,8192.0,5632.0,50.0,28.0,2.786888585572557,0.9,1.8091461586159223,0.0994192562210295,35.0,33.0,1250.079807688391,6.0,6.0,0.0047996935580417,0.0007999489263402,,2,25038,4.000769139078931,4.000769139078931,3.074422160969396,1.000263963601215,1.000263963601215,0.755666246168468,0.3360462165784482,0.3360462165784482,0.3258929675615486,232.46505311925876,175.32716350666416,75.6126,26635,2,low,False
b_E200175-12116-L_11.tif,val,,,False,,0.9978574884742516,0.5692224442223969,0.7163661508480397,0.9985897375903516,0.6343735358380163,0.4645293222457426,0.6648102215968607,0.6811507288188138,68375.0,51745.0,27072.0,36640008.0,no_sample_prefix_match,,,,,,,,,,,,,,1.0972457811412666,0.2594570937717467,,,,,,,,,4,95447,3.905289384592772,3.3025043899525515,2.8514870129649426,1.5270738413808027,1.5348554866310709,1.256404434018659,0.7188412413465877,0.5240035722971066,0.7876735978804653,156.42174190912235,87.50016898314394,54.8562,47342,2,medium,False
A51_10.00kV_0.40nA_42.2nm_50.00ns_083.tif,val,,,False,,0.984618882527242,0.3783016276764619,0.5548829404490212,0.9895456018508194,0.4498855354272049,0.2902272997956905,0.4867256909105956,0.5075049326917437,158393.0,260302.0,127060.0,24638501.0,matched_unique_sample,A51,,Asbyg,Personal,Outdoor,1.9,146.3000000000001,8192.0,5632.0,50.0,30.0,2.6823802636135863,4.3,0.7233447754025372,1.133458141467431,15.0,94.0,515.6579206714612,4.0,3.0,0.0058178103733839,0.000933273747397,,10,285453,2.6644801112016303,2.631097726180785,2.1750852872188107,0.6280470677413945,0.5765226586419385,0.3783886674003259,0.3073109377466962,0.2868504713290956,0.2106024262522608,167.68863525694246,138.51668526219697,77.09519999999999,187321,4,high,True
A33_20.00kV_0.20nA_22.5nm_50.00ns_018.tif,val,,,False,,0.9980124090225254,0.8762597407060185,0.9056483980961452,0.9988459083976996,0.890711718753392,0.8029578368505059,0.8966268744103953,0.8996140119994911,203981.0,28805.0,21251.0,24930219.0,ambiguous_no_site_in_filename,A33,,,,,,,,,,,,,0.9671637708892412,0.8943365251687404,,,,,,,,,3,225232,3.712536126594721,4.016388568122031,3.90977401610961,1.4111100678499104,1.5988535432387188,1.7786757393779191,0.6159044689354672,0.6146732570963681,0.8346286788582998,214.4753454216097,116.90395330935996,54.8562,87041,4,low,True
A78 - Site 5.tif,val,,,False,,0.9976574290882424,0.8466168212698643,0.9377663230237328,0.998267988189806,0.889863531866876,0.8015803078366815,0.9084251279129064,0.917999367569724,27289.0,4944.0,1811.0,2849540.0,ambiguous_site_not_found,A78,5.0,,,,,,,,,,,,3.2655195756392046,1.009160822088068,,,,,,,,,2,29100,4.487949309680705,4.487949309680705,3.200016976273632,2.026396573040182,2.026396573040182,1.0512803955719907,0.7701985699025419,0.7701985699025419,0.489255130164463,170.7964261168385,114.68580678522449,53.3736,44479,5,low,True
A82 - Site 5.tif,val,,,False,,0.9965407848358152,0.3571966774090891,0.8139888494677313,0.9969241105911866,0.4965124752749956,0.3302405022388265,0.5882920214193056,0.6482015360335172,78694.0,141616.0,17983.0,45899051.0,ambiguous_site_not_found,A82,5.0,,,,,,,,,,,,1.2029756199229846,0.2095417542891069,,,,,,,,,12,96677,3.250637988310194,3.324075529748145,3.5060500552579605,1.0203623668612216,1.0189030214988406,1.4216032653051254,0.4636913013318225,0.4489459507593369,0.6820050634810501,50764.34978329903,30180.854318138103,14479.0716,155970,3,medium,True
A51_20.00kV_0.20nA_28.1nm_400.00ns_079.tif,val,,,False,,0.9831791735280958,0.5804657757327704,0.6678092534138017,0.989826504072694,0.6210817444443991,0.4504123010498179,0.6389654522538959,0.6482991614477318,347176.0,250923.0,172697.0,24413460.0,matched_unique_sample,A51,,Asbyg,Personal,Outdoor,1.9,146.3000000000001,8192.0,5632.0,50.0,30.0,2.6823802636135863,4.3,7.692210562027324,2.0642777773542327,15.0,94.0,515.6579206714612,4.0,3.0,0.0058178103733839,0.000933273747397,,28,519873,2.919575641450575,2.864232603949262,2.365399001403633,0.8896301995246099,0.8480571308680904,0.6467998464518593,0.4343500415354182,0.4424630155044844,0.3763529410260104,217.4303147114776,157.97569665933898,91.9212,393485,3,medium,False
A51_20.00kV_0.40nA_42.2nm_400.00ns_081.tif,val,,,False,,0.988457232963324,0.4109374999999894,0.7269794880610595,0.9907725423497146,0.5250701703366456,0.3559967123700321,0.5906931812584192,0.6300658402393913,160693.0,230347.0,60349.0,24732867.0,matched_unique_sample,A51,,Asbyg,Personal,Outdoor,1.9,146.3000000000001,8192.0,5632.0,50.0,30.0,2.6823802636135863,4.3,1.8516250787793769,0.8776991466414573,15.0,94.0,515.6579206714612,4.0,3.0,0.0058178103733839,0.000933273747397,,8,221042,3.437366030868588,2.883259178019652,2.3917787062196414,1.1826066294847353,0.8121933140080216,0.6961775517780946,0.4813589187392743,0.4437157506007677,0.4105786021135288,216.3091177242334,153.34779458303325,90.4386,229095,3,medium,False
A77 - Site 12.tif,test,,,False,,0.9943969032981144,0.6843004769473998,0.9921913268978556,0.9944237715957716,0.8099735371948474,0.6806348955346444,0.874192360908142,0.9102781008776086,34434.0,15886.0,271.0,2832993.0,ambiguous_site_not_found,A77,12.0,,,,,,,,,,,,2.5459636341441763,1.2035369873046875,,,,,,,,,1,34705,4.369012935317939,4.369012935317939,4.369012935317939,1.2005070343823911,1.2005070343823911,1.2005070343823911,0.3788874225790763,0.3788874225790763,0.3788874225790763,110.11747586803054,79.8596564600448,25.2042,33475,4,low,False
A51_15.00kV_0.10nA_25.0nm_1.00µs_073.tif,test,,,False,,0.991598679746584,0.4567563840589512,0.5726252593197663,0.9947985409891866,0.5081696269796321,0.3406349918662596,0.5321285287197256,0.5449756342717599,109305.0,130002.0,81579.0,24863370.0,matched_unique_sample,A51,,Asbyg,Personal,Outdoor,1.9,146.3000000000001,8192.0,5632.0,50.0,30.0,2.6823802636135863,4.3,13.43064492355859,0.7579497285923397,15.0,94.0,515.6579206714612,4.0,3.0,0.0058178103733839,0.000933273747397,,21,190884,4.352466099153782,4.024362829968366,2.929370791001244,1.0233924422346703,0.973507045791151,0.7659678481665987,0.3967103764118766,0.3349250459211769,0.3540569502594598,234.52659730516964,173.20290498615282,80.0604,171154,3,medium,True
A125 - Site 19.tif,test,,,False,,0.9910739551890948,0.5417583591495477,0.8552684835399166,0.9924847649001204,0.6633356441211381,0.4962619383120995,0.7287520369245301,0.7665495746597116,25357.0,21448.0,4291.0,2832488.0,matched_unique_sample,A125,19.0,Asbyg,NF,Indoor,1.9,408.4999999999999,8192.0,5632.0,50.0,11.0,7.489763073726238,20.7,1.0105479847301135,1.028164950284091,3.0,206.0,287.96481284250405,63.0,39.0,0.1354332135757509,0.0606627935808051,,3,29648,6.05550426624733,5.976332813771445,5.6352115552183415,2.07618136870281,2.316047131907983,2.0091944476414088,0.5330865420017928,0.5750578907130041,0.554105065640591,133.67623448461953,86.01492745535714,23.7216,35840,3,medium,True
A56 - Site 1.tif,test,,,False,,0.9941031716086646,0.7425902478100103,0.8479473207962722,0.9960615509213456,0.7917793625355247,0.6553267987518587,0.8133293081571011,0.8245502453207316,517275.0,179307.0,92757.0,45348005.0,matched_unique_sample,A56,1.0,Asbyg,Personal,Indoor,1.9,210.9,8192.0,5632.0,50.0,21.0,3.86680791248192,22.4,1.0586110028353606,1.322208751331676,5.0,290.0,247.7836761668059,11.0,10.0,0.0403577836712216,0.00933273747397,,45,610032,3.582004338208687,3.5124529084602414,4.077426395284507,1.273832264895771,1.1770857033667703,1.82060789458594,0.5562401763642375,0.4728490468381826,0.8067143609561639,38840.36100073439,21497.78727621942,9525.705,892392,4,medium,True
A32 - Site 1.tif,test,,,False,,0.9947896220467306,0.645458512436456,0.431265373968631,0.998457948971344,0.5170571773540529,0.3486696651132451,0.4789463752899564,0.4619228701122549,128687.0,70686.0,169707.0,45768264.0,ambiguous_site_not_found,A32,1.0,,,,,,,,,,,,3.0752073634754526,0.646751577203924,,,,,,,,,25,298394,3.1028184162253183,3.0288104235063646,2.587364958267289,0.8832363313499211,0.8474738254015549,0.7467390259446143,0.4044403707784563,0.420372309965816,0.4056984164088291,37462.64248610897,26650.55466293517,14479.0716,361607,3,very high,True
A91 - Site 7.tif,test,,,False,,0.9997132474725896,0.6669489850651684,0.942810392305167,0.999744167969808,0.7812427659643538,0.6410159005804957,0.8387357897050939,0.8707767842003353,23624.0,11797.0,1433.0,46100490.0,matched_unique_sample,A91,7.0,Asbyg,Personal,Indoor,1.9,37.99999999999986,8192.0,5632.0,50.0,112.0,0.6967221463931359,5.4,0.0849767164750532,0.0543095848777077,10.0,53.0,89.29141483488466,5.0,5.0,0.0559964248438203,0.0023331843684925,,5,25057,3.930217243156259,4.124215389258058,4.050784613570769,1.470180328615243,1.4428005787038451,1.6513274289813118,0.5987964569678836,0.5591190259154434,0.6882087496463463,192.1821846190685,113.83792712390908,47.4432,40562,4,low,True
A112 - Site 4.tif,test,,,False,,0.9976934953169356,0.7697649042746059,0.641852770884498,0.9991917099600384,0.7000135311890758,0.5384775518697256,0.6755286272660456,0.6639174552111251,7760.0,2321.0,4330.0,2869173.0,matched_unique_sample,A112,4.0,Asbyg,NF,Indoor,1.9,493.9999999999999,8192.0,5632.0,50.0,9.0,9.0573879031108,5.6,1.5326066450639204,0.4192699085582386,3.0,289.0,348.2365178560515,123.0,62.0,0.1780399148880433,0.0964382872310234,,4,12090,5.07548864192035,4.911795902389908,4.838792702873697,0.9091905700051836,0.9470950039273518,0.7315088110632008,0.225110935433291,0.227288494108539,0.1781003773445248,121.95789909015716,103.52080470704294,25.2042,28383,4,medium,True
A44_20.00kV_0.40nA_45.0nm_250.00ns_058.tif,test,,,False,,0.9968464027684594,0.645481670332088,0.761869331944416,0.9979804728772068,0.6988628823410936,0.5371170131542591,0.72277212969079,0.7353509110697491,92158.0,50616.0,28805.0,25012677.0,ambiguous_no_site_in_filename,A44,,,,,,,,,,,,,0.0355539587907619,0.4803119853927787,,,,,,,,,5,120963,3.262648582165516,3.0073764608389357,3.449830533292163,1.191908326578004,0.8748353176700217,1.452768998575668,0.5803212559988373,0.5003525585907738,0.7274532973330297,148.32684374560816,85.8644595297202,42.9954,136557,4,low,True
A52_15.00kV_50pA_33.7nm_1.00µs_028.tif,test,,,False,,0.9994240052197686,0.8198853615518892,0.9256203093887032,0.9995773917771202,0.869550359712152,0.7692075159497925,0.8911429456173892,0.902346432944094,48347.0,10621.0,3885.0,25121403.0,matched_unique_sample,A52,,Asbyg,Personal,Outdoor,1.9,152.0000000000001,8192.0,5632.0,50.0,28.0,2.786888585572557,0.9,0.3493214173172319,0.2073994165243555,35.0,33.0,1250.079807688391,6.0,6.0,0.0047996935580417,0.0007999489263402,,1,52232,3.390286746986208,3.390286746986208,3.390286746986208,1.812763100991448,1.812763100991448,1.812763100991448,1.1491194476556588,1.1491194476556588,1.1491194476556588,160.84605222851891,74.84276985743381,47.4432,17185,2,low,False
A52_20.00kV_0.40nA_28.1nm_25.00ns_039.tif,test,,,False,,0.996823809287834,0.6506840725831325,0.8104002998734277,0.9977765584744244,0.7218126173749488,0.5647158055124444,0.7548173018454015,0.7724779738633981,103775.0,55711.0,24279.0,25000491.0,matched_unique_sample,A52,,Asbyg,Personal,Outdoor,1.9,152.0000000000001,8192.0,5632.0,50.0,28.0,2.786888585572557,0.9,3.818258518337806,0.5084684653777344,35.0,33.0,1250.079807688391,6.0,6.0,0.0047996935580417,0.0007999489263402,,2,128054,2.400229403878428,2.400229403878428,2.4054427832492977,0.4120035877166423,0.4120035877166423,0.4174987218871236,0.2069806332820853,0.2069806332820853,0.2100153268780585,203.27963983944272,167.9975743462863,84.5082,164904,4,low,True
A139 - Site 18.tif,test,,,False,,0.9365095658735764,0.916658496496386,0.4852170355920516,0.9943462684628472,0.6345475160089938,0.4647159263677267,0.5649944049401263,0.5356385814528231,158944.0,14451.0,168629.0,2541560.0,matched_unique_sample,A139,18.0,Asbyg,Personal,Indoor,1.9,265.99999999999994,8192.0,5632.0,50.0,16.0,4.877055024751969,18.0,4.003975608132103,11.359925703568893,16.0,164.0,1000.0638461507118,8.0,8.0,0.0079994892634028,0.0023331843684925,,2,327573,7.530453094529654,7.530453094529654,5.280787846514491,1.3388045982468657,1.3388045982468657,0.9893106870457192,0.2194982662511525,0.2194982662511525,0.2305291744925832,101.78084884895884,82.71307251908397,19.2738,83840,4,high,True
A56 - Site 2.tif,test,,,False,,0.9956439841877328,0.7670165287241848,0.932924128550736,0.9964333805330072,0.8418743602392728,0.7269283498577985,0.8760749646010906,0.8942389047510612,535004.0,162509.0,38466.0,45401365.0,matched_unique_sample,A56,2.0,Asbyg,Personal,Indoor,1.9,210.9,8192.0,5632.0,50.0,21.0,3.86680791248192,22.4,0.7104461843317206,1.242962750521573,5.0,290.0,247.7836761668059,11.0,10.0,0.0403577836712216,0.00933273747397,,37,573470,4.088926364333539,3.893453717620557,4.253611722814666,1.7749660731436712,1.5616585533195677,1.992555500163241,0.7702877911294838,0.7148701566688351,0.8812498690659328,39068.17736586047,20767.13891560272,9184.707,723720,4,medium,True
b_E200175-12116-L_7.tif,test,,,False,,0.9951225154401528,0.53940794630115,0.6742531576884477,0.9968680307034824,0.5993394859244272,0.4278977524543036,0.6272144382424691,0.6421474007772582,134202.0,114593.0,64836.0,36473569.0,no_sample_prefix_match,,,,,,,,,,,,,,1.7087193371607516,0.5410523225469729,,,,,,,,,8,199038,5.014930155188575,4.426784099221763,3.658825322981485,2.5482863384190355,2.2947020694115032,1.9453047048550327,1.079345575167665,1.0727453940447604,1.1352677545826146,146.4635094806017,68.59257306486069,40.0302,110005,4,medium,True
SEMS R15B Sample 2_20.00kV_0.10nA_15.0nm_500.00ns_018.tif,test,,,False,,0.997241099675496,0.5478896607330718,0.864093221167849,0.9976752149972647,0.6705856676535019,0.5044218731039832,0.7365650796297073,0.7746755239848993,70669.0,58315.0,11115.0,25025725.0,no_sample_prefix_match,,,,,,,,,,,,,,12.710575262705484,0.3249804178873697,,,,,,,,,1,81784,3.1851533991839176,3.1851533991839176,3.1851533991839176,0.5903709477225899,0.5903709477225899,0.5903709477225899,0.2275223294038966,0.2275223294038966,0.2275223294038966,103.8907854837132,84.63453820175224,32.6172,81724,4,very low,True
A52_10.00kV_50pA_33.7nm_200.00ns_029.tif,test,,,False,,0.999548686290355,0.6399173224061211,0.9247497772882016,0.9996054070440918,0.7564080582938799,0.6082445800156453,0.8158123451307298,0.849156473452651,17647.0,9930.0,1436.0,25155243.0,matched_unique_sample,A52,,Asbyg,Personal,Outdoor,1.9,152.0000000000001,8192.0,5632.0,50.0,28.0,2.786888585572557,0.9,0.0798475047267626,0.0757735308916809,35.0,33.0,1250.079807688391,6.0,6.0,0.0047996935580417,0.0007999489263402,,3,19083,2.2867320845430323,2.193363955549104,1.7061649074076897,1.0209056544205728,1.0022987835719408,0.6126549752062844,0.8466648178848897,0.8431434752162528,0.560264664339116,106.24152386941256,68.09198868117085,62.2692,21557,0,very low,False
A44 - Site 13.tif,test,,,False,,0.995240298184478,0.8839819365118594,0.7223835237292154,0.9987726272696612,0.7950544281681383,0.6598260093685628,0.7642993922235755,0.7497972150871552,26622.0,3494.0,10231.0,2843237.0,ambiguous_site_not_found,A44,13.0,,,,,,,,,,,,2.2621501575816763,1.2780276211825286,,,,,,,,,1,36853,3.597144153623803,3.597144153623803,3.597144153623803,1.0500594815791455,1.0500594815791455,1.0500594815791455,0.4122593540011105,0.4122593540011105,0.4122593540011105,154.6606517786883,109.51292433389972,42.9954,27661,4,very low,True
A33_003.tif,test,,,False,,0.9962606646797872,0.2816906172385998,0.7095286199383287,0.9967721981159946,0.403276182306803,0.2525647690841238,0.4874318877126155,0.5442153373935217,58297.0,148657.0,23866.0,45906524.0,ambiguous_no_site_in_filename,A33,,,,,,,,,,,,,1.7603722485628994,0.1780835064974698,,,,,,,,,56,82163,3.4793922487600875,3.3890013241206134,3.2809412923743326,1.294234230721368,1.1790779044813735,1.2794093588875726,0.5966529212890073,0.5910603577779984,0.6392150619642212,45004.72157783918,27455.04395494329,13717.0152,259584,1,very high,True
b_E200175-12116-L_22.tif,test,,,False,,0.9982734483733472,0.6713884439865211,0.7861909070345334,0.9988869198455792,0.724268616155314,0.5677281482035643,0.747828940113912,0.7601934156303457,83418.0,40829.0,22686.0,36640267.0,no_sample_prefix_match,,,,,,,,,,,,,,0.4609429366736255,0.2884264091858037,,,,,,,,,9,106104,4.724882699451198,4.855967571477373,3.724326629717601,2.0084544266988837,2.391097853311718,1.1732439788084366,0.788952636813849,0.7538971891430979,0.4599004184600064,132.52047990650684,90.77364334322108,35.5824,91696,3,low,False
SEMS R15B Sample 2_10.00kV_0.10nA_33.7nm_1.00µs_002.tif,test,,,False,,0.9984831220125872,0.1404229774657969,0.6312402698488518,0.9986147754531658,0.2297391731353561,0.1297770190973797,0.308135028194047,0.3715242144357656,6082.0,37230.0,3553.0,26839279.0,no_sample_prefix_match,,,,,,,,,,,,,,3.7576843609922577,0.0383422155154849,,,,,,,,,6,9635,5.385035402402722,5.183531580034317,5.014963052807972,1.3372000023491537,1.1672940073727744,1.3704770467282226,0.3454311502052441,0.2587094388774641,0.376041242670792,178.44442138038403,129.67955889917695,35.5824,31104,1,very low,True
A33_005.tif,test,,,False,,0.9968910867517644,0.4507843466980348,0.7631069540462982,0.9975157556133412,0.5667668423516449,0.3954463649735777,0.6317880482540624,0.6702336645545562,93824.0,114311.0,29126.0,45900083.0,ambiguous_no_site_in_filename,A33,,,,,,,,,,,,,2.256972139531916,0.266486948186701,,,,,,,,,53,122950,3.789519126953943,3.850039080363567,3.858734833712016,1.6084970474610223,1.6922300724757655,1.6770796617437398,0.7254906414697171,0.7670434180743874,0.7687189448138304,45578.89042700284,25769.436439090463,11811.8742,312291,1,high,False
A104 - Site 17.tif,test,,,False,,0.9954275651411544,0.8759698116396686,0.8498994954258421,0.9979303873600852,0.8627377494611675,0.7586093260832357,0.8575561842514685,0.8549886719571781,41436.0,5867.0,7318.0,2828963.0,matched_unique_sample,A104,17.0,Asbyg,Personal,Indoor,1.9,121.6000000000002,8192.0,5632.0,50.0,35.0,2.229510868458048,17.9,6.530345569957387,1.6907431862571023,10.0,166.0,285.73252747163247,45.0,36.0,0.125991955898595,0.0167989274531459,,4,48754,5.027071168804398,4.875132926659978,4.235475194864282,1.30484817081003,1.1834176642619885,0.8640752866233883,0.3177279343520475,0.320570573642812,0.2562956961551209,87.91321737703574,69.97812508912529,20.7564,70126,4,medium,True
A51_10.00kV_0.10nA_14.4nm_700.00ns_087.tif,test,,,False,,0.989970519677055,0.6085496574597636,0.7652288793202479,0.9931143370021864,0.6779546483236878,0.5128074066930174,0.7103612845685232,0.7277548421639817,265865.0,171018.0,81567.0,24665806.0,matched_unique_sample,A51,,Asbyg,Personal,Outdoor,1.9,146.3000000000001,8192.0,5632.0,50.0,30.0,2.6823802636135863,4.3,4.897150823117427,1.379560309425063,15.0,94.0,515.6579206714612,4.0,3.0,0.0058178103733839,0.000933273747397,,8,347432,3.0693089161134384,2.9321927778817454,2.2226718178031595,0.7929218814321731,0.6423814505188399,0.4864912960900495,0.3379502456969898,0.2997526492337025,0.2802077836750157,151.58532892767505,118.4068171259872,68.19959999999999,133458,4,medium,True
A89 - Site 2.tif,test,,,False,,0.9991094849326392,0.2155980803597888,0.8415236303778967,0.9991530763908226,0.3432544757032699,0.2071859984948368,0.4497813301159328,0.5323938633635935,10737.0,39064.0,2022.0,46085521.0,matched_unique_sample,A89,2.0,Asbyg,Personal,Indoor,1.9,91.20000000000012,8192.0,5632.0,50.0,47.0,1.6721331513435354,6.0,0.3243988210504705,0.027654387734153,5.0,52.0,107.14969780186216,8.0,8.0,0.07466189979176,0.007466189979176,,5,12759,3.338577648765452,3.101530479369085,3.3498902189825377,1.1220081425601969,0.9422216599016784,1.177429670413896,0.5006764729390114,0.4248652069906402,0.5419797709050533,45714.58405831178,29646.682090696,13646.5917,44368,4,low,False
A44 - Site 5.tif,test,,,False,,0.9948453036221556,0.6914772848971467,0.9859511956751104,0.9949474558560054,0.8128666750596988,0.6847307357836798,0.8742573024029351,0.9085664109332536,32283.0,14404.0,460.0,2836437.0,ambiguous_site_not_found,A44,5.0,,,,,,,,,,,,1.9213589754971592,1.135496659712358,,,,,,,,,1,32743,3.963164850845546,3.963164850845546,3.963164850845546,1.443885951860289,1.443885951860289,1.443885951860289,0.5731346189233018,0.5731346189233018,0.5731346189233018,176.27364627553982,112.05248689425903,44.478,31284,5,very low,True
A77 - Site 4.tif,test,,,False,,0.9968224005265668,0.2493594807523833,0.8866051772563414,0.9969484200509964,0.3892434594234132,0.2416525710856834,0.5018541435703864,0.586725979362784,46717.0,140631.0,5975.0,45944021.0,ambiguous_site_not_found,A77,4.0,,,,,,,,,,,,1.808955452658913,0.1142068342729048,,,,,,,,,10,52692,3.53871374494089,3.3495088892464806,3.5734832941207446,1.2969908911683812,1.010959869529955,1.3026337735253135,0.597228460602541,0.4183560573074673,0.5736328020463141,32683.647821301147,20769.551688802105,9146.1594,123934,4,medium,True
SEMS R15B Sample 2_10.00kV_0.10nA_33.7nm_500.00ns_004.tif,test,,,False,,0.9982958634694412,0.5232940570839497,0.7930608529817976,0.9986728732213144,0.630535166614922,0.4604245039694442,0.6868379366519984,0.718936143461081,36595.0,33337.0,9549.0,25086343.0,no_sample_prefix_match,,,,,,,,,,,,,,0.7507880528767903,0.1833597819010416,,,,,,,,,5,46144,4.539378921463884,4.457557118434164,4.349329312692022,1.1906787890887425,1.1523211727711635,1.173909389773962,0.3575790596907565,0.3815956480065852,0.3696863464279368,167.65620665742026,122.4048170524304,38.5476,123478,4,very low,True
A36 - Site 4.tif,test,,,False,,0.9977954300967128,0.3690724098894236,0.822138509674379,0.9980403533923032,0.5094457010846515,0.3417827189894166,0.6008580273107293,0.660078587033123,52815.0,90287.0,11426.0,45982816.0,ambiguous_site_not_found,A36,4.0,,,,,,,,,,,,2.0807613026012075,0.1392386176369407,,,,,,,,,33,64241,3.5761038329486854,3.6377505504117065,3.239577023445805,1.1714623631406982,1.1694595022292815,1.1235540206070649,0.4885078335322402,0.4893938318644714,0.5309743887941466,41968.58686819944,27412.990821649328,12954.9588,165825,1,very high,False
A112 - 221.tif,test,,,False,,0.9990769082849674,0.7540690332537574,0.8553211383326017,0.9993908353035138,0.8015100319250202,0.6687665756705579,0.8222009950019629,0.8329523174804745,85988.0,28044.0,14545.0,46008767.0,matched_unique_sample,A112,,Asbyg,NF,Indoor,1.9,493.9999999999999,8192.0,5632.0,50.0,9.0,9.0573879031108,5.6,0.2523617310957475,0.2178994092074307,3.0,289.0,348.2365178560515,123.0,62.0,0.1780399148880433,0.0964382872310234,,21,100533,3.531696001262688,3.6125835585345296,3.7393916667529217,1.2557434801134206,1.227244145548697,1.399925219168784,0.5640899692321847,0.5637094880995178,0.5983950829793896,160.77664050610247,100.58629572385368,42.9954,186336,2,high,True
a_E200175-12116-L_4.tif,test,,,False,,0.9986831017310368,0.2272548698640976,0.9181271079948956,0.9987162270591226,0.364330608442303,0.2227409831856913,0.4801862221866995,0.5709691216871559,13883.0,47207.0,1238.0,36724872.0,no_sample_prefix_match,,,,,,,,,,,,,,2.126889244084899,0.0411039709464161,,,,,,,,,1,15121,6.710802945858915,6.710802945858915,6.710802945858915,4.515214720068465,4.515214720068465,4.515214720068465,2.056494321826849,2.056494321826849,2.056494321826849,208.938165465247,68.35876119665124,31.1346,17081,2,low,False
A44_10.00kV_0.20nA_30.7nm_500.00ns_047.tif,test,,,False,,0.998618104898552,0.7086538045281017,0.7706878423124605,0.999196275079332,0.7383701698992077,0.585251039792091,0.7509664436097355,0.7574271322061688,49109.0,20190.0,14612.0,25100345.0,ambiguous_no_site_in_filename,A44,,,,,,,,,,,,,0.1258722910059364,0.2530191878608603,,,,,,,,,2,63721,2.940213001820325,2.940213001820325,2.494903905438956,1.1125907353531497,1.1125907353531497,0.852927492466709,0.5968402639870733,0.5968402639870733,0.5194517324672838,166.45250388411984,109.54774036068916,66.717,42197,3,low,False
A44 - Site 16.tif,test,,,False,,0.9563352411443504,0.9221429707983616,0.5375801572897545,0.9957300596365012,0.6792051913772416,0.5142397493865637,0.6144542156861106,0.5864977863275866,133293.0,11254.0,114657.0,2624380.0,ambiguous_site_not_found,A44,16.0,,,,,,,,,,,,5.220205133611506,8.598674427379262,,,,,,,,,3,247950,3.14187547366344,2.8306056641348785,2.830598276175868,0.102093707829285,0.8937374702885977,0.8935784678659983,0.0987525343145499,0.2490985143257225,0.4613161228048105,130.09599516031457,89.02659262117679,45.9606,59603,4,very low,True
A126 - Site 48.tif,test,,,False,,0.9970623363148048,0.5310631857733401,0.7552733534214858,0.9978439907984262,0.6236282045583047,0.4530957453673877,0.6703665141507986,0.6964650775061635,7018.0,6197.0,2274.0,2868095.0,matched_unique_sample,A126,48.0,Asbyg,Personal,Indoor,1.9,151.9999999999999,8192.0,5632.0,50.0,28.0,2.786888585572553,21.4,1.476773348721591,0.3222378817471591,3.0,141.0,107.14969780186192,60.0,37.0,0.3453112865368908,0.0575518810894817,,7,9292,4.776201183876238,4.937889737273172,4.187040031674293,1.0863798368834208,1.3862303696916527,1.1398944967157496,0.2851596103167809,0.2993520657836412,0.3740860039356339,117.94640551011624,85.83626146293265,28.1694,32387,4,medium,True
A112 - 223.tif,test,,,False,,0.9989287636496802,0.7986755100394325,0.7290267375742295,0.9995660746832984,0.7622634611869143,0.6158527580658473,0.74861161762837,0.741967442766377,79235.0,19973.0,29451.0,46008685.0,matched_unique_sample,A112,,Asbyg,NF,Indoor,1.9,493.9999999999999,8192.0,5632.0,50.0,9.0,9.0573879031108,5.6,0.4739761352539062,0.2355705608021129,3.0,289.0,348.2365178560515,123.0,62.0,0.1780399148880433,0.0964382872310234,,31,108686,3.4161653013273643,3.4190979442251592,3.4682044803517846,1.0300334744388375,0.82445333276793,1.2859824451651514,0.4382079358913645,0.333022103128623,0.589299541618239,169.68467879947738,106.7669588709564,48.9258,213207,2,high,True
A112 - 224.tif,test,,,False,,0.9992415904998778,0.7312190496258074,0.6094562315581338,0.9997232012355444,0.6648082689120073,0.4979122124807367,0.6415032250787753,0.6304528722851235,34700.0,12755.0,22236.0,46067653.0,matched_unique_sample,A112,,Asbyg,NF,Indoor,1.9,493.9999999999999,8192.0,5632.0,50.0,9.0,9.0573879031108,5.6,0.3606622869318182,0.1234054565429687,3.0,289.0,348.2365178560515,123.0,62.0,0.1780399148880433,0.0964382872310234,,30,56936,3.255061954311701,3.1873673766691697,3.263059520629552,1.001551857091767,0.9643233675567856,1.0959845035178648,0.4380773198208212,0.4410373798785078,0.5057436843488885,159.6477975270479,106.02587889387372,48.9258,157812,2,high,False
A77 - Site 6 zoom v2.tif,test,,,False,,0.9983059276233986,0.7637544926729584,0.8827993928250516,0.9988095018332872,0.818973503798103,0.6934421085656144,0.8433633789480905,0.8561113177140114,11050.0,3418.0,1467.0,2867649.0,ambiguous_site_not_found,A77,6.0,,,,,,,,,,,,2.686830000443892,0.4340778697620739,,,,,,,,,2,12517,4.368681252034224,4.368681252034224,3.212250791234409,1.6269439460635111,1.6269439460635111,0.7937503920910244,0.5570679111131308,0.5570679111131308,0.3281994050411806,34270.82783414556,25802.471906000977,10668.7896,24596,5,low,True
A126 - Site 19.tif,test,,,False,,0.9871250499378518,0.886844263756484,0.617715733518727,0.9977360520686585,0.7282097834521202,0.5725864014182759,0.6795853840498185,0.6576295928027625,49736.0,6346.0,30780.0,2796722.0,matched_unique_sample,A126,19.0,Asbyg,Personal,Indoor,1.9,151.9999999999999,8192.0,5632.0,50.0,28.0,2.786888585572553,21.4,5.357291481711648,2.7922196821732954,3.0,141.0,107.14969780186192,60.0,37.0,0.3453112865368908,0.0575518810894817,,1,80516,6.654222108291081,6.654222108291081,6.654222108291081,0.5309348053825649,0.5309348053825649,0.5309348053825649,0.0867074790157064,0.0867074790157064,0.0867074790157064,98.65549704406578,90.78385761415451,14.826,47589,4,low,True
b_E200175-12116-L_25.tif,test,,,False,,0.9968698895267916,0.7252606003604919,0.6892948835730721,0.9985628041939406,0.7068205196101216,0.5465757308467526,0.6997043985336524,0.6961998015787361,138804.0,52581.0,62567.0,36533248.0,no_sample_prefix_match,,,,,,,,,,,,,,0.6057813587334725,0.5473942023312457,,,,,,,,,4,140773,4.406945096360033,4.268384434003364,4.048981871767244,1.5443167946184366,1.4694259672994243,1.1096299158898102,0.6239749392505562,0.4455744891032649,0.3775083530112602,144.07249259446058,104.5891970642067,35.5824,163363,3,medium,True
A140 - Site 11.tif,test,,,False,,0.954367550936609,0.0,0.0,0.954367550936609,0.0,0.0,0.0,0.0,0.0,131585.0,0.0,2751999.0,matched_unique_sample,A140,11.0,Asbyg,Personal,Indoor,1.9,275.49999999999994,8192.0,5632.0,50.0,16.0,5.051235561350254,23.0,17.85586964000355,0.0,5.0,79.0,323.681378776458,7.0,6.0,0.0185367475345059,0.005599642484382,,3,142222,4.494215672468308,5.087571173549415,4.655419427859688,0.8895114606216467,0.943836820671856,0.8292322084633663,0.2629710524012527,0.229849800392716,0.2167254660606453,96.62974785898103,79.4178724389397,20.7564,86390,0,medium,True
A33 - 225.tif,test,,,False,,0.9966106198050756,0.4359961969380794,0.6082935763221102,0.9977305561394938,0.5079312135181325,0.3404207755835291,0.543821242240257,0.5637378848286824,80709.0,104405.0,51972.0,45900258.0,ambiguous_no_site_in_filename,A33,,,,,,,,,,,,,1.932347904552113,0.2875783226706764,,,,,,,,,47,132681,3.476044881328209,3.2200087802136337,3.5262751608378307,1.1997561973298438,1.0325196663544067,1.4309637890928828,0.5251647589913261,0.4855302739164003,0.6829361060073362,48369.96998063023,28741.41793497925,13717.0152,259794,2,very high,True
A44_10.00kV_0.10nA_16.9nm_250.00ns_054.tif,test,,,False,,0.9910944758503086,0.2836022535992856,0.7344914324620102,0.9921764883301666,0.4092028628553107,0.2572313296903376,0.4972996853100641,0.5572887144568811,77671.0,196202.0,28077.0,24882306.0,ambiguous_no_site_in_filename,A44,,,,,,,,,,,,,1.629339377744572,0.4198972564446613,,,,,,,,,2,105748,2.196451814083627,2.196451814083627,2.2331891026855337,0.7281678076464502,0.7281678076464502,0.8095393731968179,0.4776289322692275,0.4776289322692275,0.5686366220227814,165.54630820441048,105.53515446123498,74.13,56778,3,low,False
A44_15.00kV_0.20nA_45.0nm_250.00ns_060.tif,test,,,False,,0.997572769272993,0.4966305763960087,0.7305379328573999,0.998216108692149,0.5912920221443267,0.4197406640973155,0.6400947301983428,0.6676470943505421,44218.0,44818.0,16310.0,25078910.0,ambiguous_no_site_in_filename,A44,,,,,,,,,,,,,0.0235702813694397,0.2403406318614296,,,,,,,,,5,60528,3.186176695271741,2.9760459507852577,3.1215092965113604,1.2427446933601425,1.107629881444968,1.1613644536219845,0.638326857805322,0.6771373019129915,0.5924890998399851,180.49003766851703,113.33831903824522,57.8214,56896,4,low,True
A51 - Site 9.tif,test,,,False,,0.9479304226961972,0.8428414096914444,0.2110857968743849,0.9973596634283188,0.3376169615796778,0.2030921597350379,0.2723218130021106,0.2483102057343953,38265.0,7135.0,143012.0,2695172.0,matched_unique_sample,A51,9.0,Asbyg,Personal,Outdoor,1.9,146.3000000000001,8192.0,5632.0,50.0,30.0,2.6823802636135863,4.3,12.714732776988637,6.286517056551847,15.0,94.0,515.6579206714612,4.0,3.0,0.0058178103733839,0.000933273747397,,1,181277,7.428363286415565,7.428363286415565,7.428363286415565,1.2363817939720436,1.2363817939720436,1.2363817939720436,0.1996746591197798,0.1996746591197798,0.1996746591197798,77.09303993336165,64.26162238679717,10.3782,57927,4,low,True
A112 - 220.tif,test,,,False,,0.9993176460266112,0.7383234467685391,0.7626580237356871,0.9996361827310268,0.7502934737776619,0.6003757346500209,0.755190869434584,0.7576636208686048,47297.0,16763.0,14719.0,46058565.0,matched_unique_sample,A112,,Asbyg,NF,Indoor,1.9,493.9999999999999,8192.0,5632.0,50.0,9.0,9.0573879031108,5.6,0.3496646881103515,0.1344160600142045,3.0,289.0,348.2365178560515,123.0,62.0,0.1780399148880433,0.0964382872310234,,30,62016,3.4310201089079686,3.308339558177401,3.738613613995194,0.9993297298582592,0.9532734721069028,1.2675255694376473,0.4086922729701675,0.3854352058049488,0.5129422936207187,155.20031927244582,102.5817838008194,41.5128,184034,2,high,False
A30_Site5.tif,test,,,False,,0.9983492114327168,0.416921986902032,0.7404478906288595,0.998678365099932,0.5334664600343924,0.3637601496975671,0.6006248318953096,0.6409709138012057,43545.0,60899.0,15264.0,46017636.0,ambiguous_site_not_found,A30,5.0,,,,,,,,,,,,3.2692128961736504,0.1274650747125799,,,,,,,,,16,58809,3.613107152564724,3.4563518971125147,2.8803165238394923,1.13642948874802,1.1007495231835254,0.8207151137516547,0.4667604990297071,0.4856386965160013,0.3984824975024392,37314.38189732864,26682.051412130437,12954.9588,151190,3,very high,True
