image,object_id,area_px,mu_F,mu_B,sigma_B_mad,n_bg_px,snr,cnr,weber_contrast
A100 - Site 19.tif,1,147452,80.44907495320511,63.78053738460598,10.3782,65428,7.751736801727442,1.6061106504536458,0.26134206843495206
A100 - Site 20.tif,1,52652,88.65900630555345,71.09865589869003,17.7912,52749,4.983306705321754,0.9870245063285881,0.24698568745681604
A100 - Site 3.tif,1,111761,106.42689310224497,86.47381393624907,13.343399999999999,53960,7.975995100385585,1.4953519456092437,0.23074128751159814
A104 - Site 17.tif,1,25484,87.72986972217862,66.47564878243912,17.7912,39998,4.931082202036276,1.194647967972538,0.31972942462138004
A104 - Site 17.tif,2,8108,105.89072520966947,93.72903820256573,38.547599999999996,14109,2.7470121403718872,0.3154979039926937,0.12975367334424742
A104 - Site 17.tif,3,14638,78.59413854351688,59.4774037435058,16.3086,14051,4.819183651283681,1.1721873605514392,0.321411722664244
A104 - Site 17.tif,4,524,78.9885496183206,52.658439201451905,10.3782,2755,7.611006681525749,2.5370594507234494,0.5000169167783186
A104 - Site 2.tif,1,103117,131.43244081965148,111.91516688141652,38.547599999999996,48118,3.4096141078966093,0.5063161891576075,0.1743934667690859
A104 - Site 2.tif,2,12307,102.36995205980337,88.63883476227592,26.686799999999998,10264,3.835977038140339,0.5145284295000586,0.15491085067627952
A104 - Site 22.tif,1,9206,84.02444058222898,65.30663878724516,16.3086,9565,5.152155337104805,1.1477258491536095,0.28661407384777843
A104 - Site 22.tif,2,18561,95.38747912289209,66.04944286213961,19.273799999999998,40026,4.94907486190587,1.522171872984609,0.44418294818240756
A104 - Site 22.tif,3,1,78.0,74.46960667461263,11.8608,839,6.576284899352249,0.2976522091604987,0.047407170288128256
A104 - Site 22.tif,4,1524,95.08792650918635,79.41125163541213,26.686799999999998,4586,3.5631070969001635,0.5874317965398587,0.1974112553190051
A104 - Site 22.tif,5,811,80.74352651048089,57.96909139355183,11.8608,3753,6.807595309119531,1.9201432532145917,0.39287203862459796
A104 - Site 44.tif,1,50705,98.53858593827039,75.47076612903226,16.3086,59520,6.042124147863651,1.4144573902783537,0.30565238686914337
A104 - Site 5.tif,1,60581,102.72644888661462,53.00181483429774,22.238999999999997,38020,4.619202699780683,2.2359204114374602,0.9381685174062782
A106 - Site 6.tif,1,28853,86.48123245416421,72.09357302314652,14.825999999999999,42555,5.833079211913761,0.9704343330172233,0.19956923794583842
A110 - Site 29.tif,1,30950,94.33712439418417,82.71397980289574,29.651999999999997,41095,3.1814759329006277,0.3919851810120257,0.140522129603493
A110 - Site 29.tif,2,11991,121.30898173630223,81.40035754610463,29.651999999999997,10628,4.091089359752845,1.3458999115317214,0.49027578487835094
A110 - Site 37.tif,1,13165,111.91758450436764,73.10165364715431,19.273799999999998,9857,5.806721271690089,2.013922051545316,0.5309856742675
A110 - Site 37.tif,2,4616,126.46425476603119,91.9092715231788,16.3086,12080,7.754451926498086,2.1188197160801168,0.3759684160958474
A110 - Site 37.tif,3,31545,95.64774132192106,82.32946113074205,22.238999999999997,22640,4.300901177162285,0.5988704611354068,0.16176809621541724
A112 - 219.tif,1,844,132.38625592417063,100.54746835443038,39.2889,4108,3.3695587275407313,0.8103761510664969,0.31665429361524855
A112 - 219.tif,2,344,164.65406976744185,108.29450856942987,48.925799999999995,2859,3.3653832892622715,1.1519394917710615,0.5204286157933338
A112 - 219.tif,3,1639,128.93654667480172,95.24827457563887,37.065,5361,3.4786603707005295,0.9088971290995245,0.35368905364131625
A112 - 219.tif,4,1854,120.94606256742179,88.77464195450716,35.5824,4748,3.3990417322449122,0.9041385798561437,0.3623942592275059
A112 - 219.tif,5,302,134.59271523178808,93.22208786779524,44.477999999999994,2481,3.026051423209847,0.9301368621496352,0.4437856768261355
A112 - 219.tif,6,1140,126.46052631578948,94.52892016714317,35.5824,4547,3.554019017273969,0.8973988865189622,0.3377972168602777
A112 - 219.tif,7,1119,142.80697050938338,90.28538638102525,40.0302,3921,3.567480813828274,1.3120490058815004,0.5817285191746048
A112 - 219.tif,8,2072,192.86293436293437,113.20382165605096,48.925799999999995,5024,3.94194748626522,1.6281616793307783,0.7036786526684251
A112 - 219.tif,9,1840,143.75760869565218,89.96186343914135,34.099799999999995,4379,4.215790375705849,1.5775970897405516,0.5979838922181007
A112 - 219.tif,10,549,203.86703096539162,153.15393759286775,66.717,3365,3.05569841172167,0.7601225079803147,0.33112497247066724
A112 - 219.tif,11,801,139.0848938826467,93.06257853732093,40.0302,3979,3.4744990993775127,1.1496898674957623,0.49453084218942106
A112 - 219.tif,12,913,125.64950711938664,93.88670083625573,51.891,3707,2.4214123276709354,0.6121062665396668,0.3383099629322808
A112 - 219.tif,13,3334,169.61787642471506,112.55071948836382,41.5128,5629,4.085917509391221,1.3746882147820518,0.507035025548467
A112 - 219.tif,14,2757,142.68335146898804,97.67159603246168,42.9954,5545,3.318572485331043,1.0468970035412484,0.4608479564208
A112 - 219.tif,15,7000,135.41414285714285,84.94100047869794,35.5824,8356,3.8056495014132365,1.4184861719350028,0.5942141261352432
A112 - 219.tif,16,710,100.97464788732394,96.55917394757745,37.065,2518,2.7242586769211212,0.11912785481060872,0.04572816604340874
A112 - 219.tif,17,1284,163.88006230529595,91.5759539236861,41.5128,4167,3.9476995593122832,1.7417304629943666,0.789553428337402
A112 - 219.tif,18,176,123.9659090909091,96.94627299128751,38.547599999999996,2066,3.2159176980862605,0.7009421103418153,0.2787073217271874
A112 - 219.tif,19,1893,153.00105652403593,91.25675891857303,41.5128,6251,3.6856356710985425,1.487355649115197,0.6765997207263341
A112 - 219.tif,20,1339,158.47796863330845,92.98739295908659,37.065,4204,4.275677015797968,1.766911524525907,0.7042952123197391
A112 - 219.tif,21,806,146.09429280397023,100.23305307409353,32.6172,3806,4.479056839924325,1.40604465483905,0.45754607206666686
A112 - 219.tif,22,1531,105.78118876551274,87.35504885993485,38.547599999999996,5833,2.744170551164561,0.47801004215042664,0.21093388583655917
A112 - 219.tif,23,899,116.67964404894327,93.864262990456,32.6172,3772,3.577242804813744,0.6994892587804099,0.24306781227671748
A112 - 219.tif,24,1210,162.25289256198346,91.39902326917553,38.547599999999996,3481,4.209156796269856,1.838087696106296,0.7752147315227532
A112 - 219.tif,25,1000,142.468,85.17809117743522,37.065,3049,3.8437339798074373,1.5456605640660506,0.6725897237647386
A112 - 219.tif,26,776,111.46649484536083,88.02688664833487,38.547599999999996,3273,2.8916584901899016,0.6080691973286345,0.2662778281368034
A112 - 219.tif,27,7162,116.71641999441496,91.02955496386458,38.547599999999996,26290,3.027851797884601,0.6663674268666975,0.28218159517450475
A112 - 219.tif,28,948,105.66350210970464,82.25923872875093,35.5824,5412,2.9695439902875913,0.65774830743222,0.2845183561117538
A112 - 219.tif,29,3873,139.2328943971082,101.22767578368928,57.8214,8007,2.4079820684561146,0.6572863785180929,0.3754429637491315
A112 - 219.tif,30,7797,224.274208028729,174.26827441581784,96.369,6676,2.3272443213632656,0.5189006174985955,0.286948004607675
A112 - 219.tif,31,1195,170.12635983263598,99.0926449787836,34.099799999999995,4242,4.989072070297928,2.0831123593986263,0.7168414453150662
A112 - 219.tif,32,1310,171.53893129770992,118.92590725806451,51.891,3968,3.305754972242824,1.0139142438863438,0.4424017041219893
A112 - 219.tif,33,11610,172.33695090439275,94.84180472896895,40.0302,12434,4.3051733656424656,1.9359170365390286,0.8170990249364404
A112 - 219.tif,34,1549,191.16397675919947,142.57421255381826,77.09519999999999,4413,2.479583381772194,0.6302566722581776,0.34080331450985035
A112 - 219.tif,35,3789,133.11902876748482,98.79893632737479,47.4432,6769,2.8058610873513214,0.7233932878236733,0.34737309643613073
A112 - 219.tif,36,4404,111.45049954586739,90.61497797356829,38.547599999999996,10215,2.891243540893725,0.5405141063748187,0.22993463151397908
A112 - 219.tif,37,938,152.05330490405117,97.42072302875036,40.0302,3513,3.7984647807422025,1.3647841345197618,0.5607901498900804
A112 - 219.tif,38,4344,112.0658379373849,84.51364321952558,34.099799999999995,7293,3.2864074834609247,0.8079869884802684,0.32600883910579925
A112 - 219.tif,39,2353,159.29621759456015,86.25004017354973,35.5824,6223,4.4768261148711685,2.0528738196547076,0.8469118074097123
A112 - 219.tif,40,490,140.4551020408163,123.03012820512821,45.9606,3120,3.0559893041051773,0.37912851076567367,0.14163176197962762
A112 - 219.tif,41,1250,156.5088,90.87249593936113,44.477999999999994,3694,3.5187913117678877,1.4757026855047857,0.72229009861482
A112 - 219.tif,42,264,120.4090909090909,89.40727560300515,32.6172,2529,3.69158268864817,0.9504744520247298,0.346748238256085
A112 - 219.tif,43,3278,136.91214154972545,92.3139753218884,45.9606,7456,2.9789023972693225,0.9703564839913638,0.4831139171235681
A112 - 219.tif,44,2429,146.41333882256072,88.52473199172465,35.5824,5317,4.114768503007471,1.6268887656416424,0.6539258071937262
A112 - 219.tif,45,844,145.0521327014218,90.68038133467135,32.6172,3986,4.447105596340298,1.6669656300994815,0.5995977361419148
A112 - 219.tif,46,805,137.51801242236024,88.0,38.547599999999996,3924,3.5674857160156637,1.2845939153024912,0.5627046865537864
A112 - 219.tif,47,2854,159.58584442887175,101.15637642919965,40.0302,5685,3.986636199394592,1.4596346754469314,0.577615273069724
A112 - 219.tif,48,1251,186.26618705035972,140.12576153176676,80.0604,4596,2.326570776902114,0.5763201971615151,0.3292786780312345
A112 - 219.tif,49,2234,183.11862130707252,85.16598227793386,40.0302,4627,4.574511775142952,2.4469685138887383,1.1501380762330076
A112 - 219.tif,50,8695,202.72236917768834,134.47940623039932,72.64739999999999,9566,2.7904972394026957,0.939372406141105,0.5074603231463998
A112 - 219.tif,51,610,144.36393442622952,134.0096599690881,54.856199999999994,2588,2.631679452822338,0.1887530389500895,0.07726513490711931
A112 - 219.tif,52,904,105.10619469026548,71.30953020134228,35.5824,3725,2.953881544267016,0.9498140788542947,0.47394316564362393
A112 - 220.tif,1,683,126.05270863836017,97.70950594121325,29.651999999999997,3198,4.251069357744822,0.9558614153375256,0.2900762051882526
A112 - 220.tif,2,6437,173.37424265962406,96.14947974730583,40.0302,10764,4.331086095405799,1.9291625545969442,0.803174006840639
A112 - 220.tif,3,754,171.25862068965517,111.20418410041842,51.891,3585,3.3003530603891167,1.1573189296344948,0.5400375630615362
A112 - 220.tif,4,1280,123.3015625,101.01587594609562,41.5128,5417,2.970205875544361,0.5368389159135495,0.22061568385142133
A112 - 220.tif,5,3128,166.68574168797954,116.01538293694087,56.3388,9166,2.9586313811865574,0.8993865460756142,0.43675551865576784
A112 - 220.tif,6,466,128.42060085836908,109.00668286755771,48.925799999999995,3292,2.624803290536303,0.3968032814352211,0.17809842000804804
A112 - 220.tif,7,1125,168.536,114.14432989690722,41.5128,3686,4.059856236134432,1.3102385310070723,0.4765166184553629
A112 - 220.tif,8,189,112.3862433862434,96.53447432762836,56.3388,2045,1.9948284906014169,0.2813650460393438,0.16420837392425872
A112 - 220.tif,9,388,140.340206185567,92.61167512690355,40.0302,2364,3.5058582307984576,1.1923130797932644,0.5153619237327107
A112 - 220.tif,10,608,114.8470394736842,90.71593366979091,37.065,2774,3.0985306742937784,0.651048315051472,0.26600735752851606
A112 - 220.tif,11,632,130.1139240506329,117.14269535673839,57.8214,2649,2.250272806056757,0.22433266388657472,0.11073015396551633
A112 - 220.tif,12,1199,124.8673894912427,108.52498606724875,38.547599999999996,5383,3.2393038596138197,0.42395384977934863,0.15058655167540252
A112 - 220.tif,13,1592,113.08605527638191,94.97253787878788,34.099799999999995,5280,3.316326055965685,0.5311913088136038,0.1907237376219727
A112 - 220.tif,14,9846,155.00385943530367,101.97201068143606,38.547599999999996,30333,4.021102724815362,1.3757496897371073,0.5200627936457999
A112 - 220.tif,15,9238,152.10705780471963,92.2177174384725,38.547599999999996,16131,3.9459540351477163,1.553646409911659,0.649434208775671
A112 - 220.tif,16,1452,181.99724517906336,127.02727693018956,57.8214,4326,3.1475759000575496,0.9506855288762801,0.43274145185963686
A112 - 220.tif,17,1641,125.89762340036563,91.59978908515687,38.547599999999996,7586,3.2660301385223813,0.889752781141011,0.37443136773578206
A112 - 220.tif,18,380,174.49736842105264,140.34978540772534,63.751799999999996,1864,2.737136338012123,0.5356332371473586,0.24330342160262874
A112 - 220.tif,19,1276,159.61755485893417,116.8262846748522,41.5128,4398,3.8450202063094747,1.0307970113741785,0.3662811866311993
A112 - 220.tif,20,1256,171.1544585987261,107.76601520086862,38.547599999999996,5526,4.4400807976197045,1.6444199737834078,0.5882043914663044
A112 - 220.tif,21,3868,170.9552740434333,75.46182167440371,32.6172,6247,5.241261481396953,2.9277023269855342,1.2654538445732484
A112 - 220.tif,22,6986,163.60263383910677,102.7196374239351,37.065,15776,4.413938588829553,1.642600739208031,0.5927103904969392
A112 - 220.tif,23,668,125.33083832335329,85.5550397877984,35.5824,3016,3.522270512616647,1.1178503564789442,0.46491473359794333
A112 - 220.tif,24,1442,155.8377253814147,104.01805054151625,40.0302,3878,3.8930039156058345,1.2945145122171091,0.4981796386794821
A112 - 220.tif,25,160,153.4625,144.27372262773721,62.2692,1918,2.4645009085608134,0.14756536732103734,0.0636898889434999
A112 - 220.tif,26,1587,135.3074984247007,96.73934793858892,37.065,5797,3.6505462940292794,1.040554444238668,0.3986811086075172
A112 - 220.tif,27,566,151.3992932862191,110.63636363636364,53.373599999999996,3223,2.836595119269698,0.7637283159130763,0.3684406130713899
A112 - 220.tif,28,359,125.29247910863509,90.58670192670948,34.099799999999995,2647,3.674287798517652,1.0177706957738142,0.3831222071223392
A112 - 220.tif,29,1061,199.92836946277097,144.0667469879518,62.2692,4150,3.2107104223382326,0.8970987657758279,0.3877482044875585
A112 - 220.tif,30,1749,129.02001143510577,97.70715297450425,47.4432,8472,2.71946267131878,0.6600073025007049,0.32047662329868054
A112 - 221.tif,1,17042,153.85201267456873,104.65881630145402,41.5128,19532,3.7061343161026814,1.1850127276710936,0.470033945603978
A112 - 221.tif,2,630,166.03650793650795,109.63163064833006,45.9606,3054,3.6125835585345296,1.227244145548697,0.5144945573596841
A112 - 221.tif,3,5342,144.3322725570947,107.23303144398086,51.891,9827,2.781450974721632,0.7149455802733498,0.34596840740285345
A112 - 221.tif,4,853,137.28604923798358,85.03458353628835,38.547599999999996,4106,3.5614681381556546,1.3555050298368816,0.614473118143188
A112 - 221.tif,5,394,149.86802030456852,105.33452084075526,56.3388,2807,2.660120916277367,0.7904587860570099,0.4227816209171464
A112 - 221.tif,6,458,140.03275109170306,98.50469992769342,32.6172,2766,4.293218027567384,1.2731948527549175,0.42158446439892844
A112 - 221.tif,7,2252,108.4835701598579,94.540344660976,35.5824,6209,3.0487985669704663,0.3918573647354683,0.14748439459796564
A112 - 221.tif,8,519,119.41425818882466,98.94050766790058,48.925799999999995,3782,2.4407216267167313,0.4184653192536337,0.20692991173621317
A112 - 221.tif,9,5579,184.7809643305252,93.21725331794576,38.547599999999996,6932,4.793578959068514,2.375341421744182,0.982261413457989
A112 - 221.tif,10,2105,151.93824228028504,97.00521811730327,48.925799999999995,4791,3.1054830426734,1.122782338801899,0.5662893731231168
A112 - 221.tif,11,2299,180.90952588081774,140.71557155715573,77.09519999999999,5555,2.346573144078387,0.5213548225888054,0.28563970480324324
A112 - 221.tif,12,554,137.39350180505414,84.33154574132492,47.4432,3170,2.8959577300033423,1.1184312199123356,0.6292064919596898
A112 - 221.tif,13,1262,156.26069730586372,97.02768817204301,42.9954,3720,3.6343584957814126,1.3776592174987117,0.610475321463786
A112 - 221.tif,14,10972,195.17945679912503,83.66101854466723,44.477999999999994,10623,4.3882246673691,2.5072718698993905,1.33297968613169
A112 - 221.tif,15,17047,161.2882032029096,102.35557750478425,37.065,32398,4.351496105743819,1.5899804581741686,0.575763696801116
A112 - 221.tif,16,4007,164.16021961567256,90.32035719268872,38.547599999999996,7167,4.258636583680598,1.9155501874002103,0.8175328874893525
A112 - 221.tif,17,473,149.04651162790697,114.41219290263876,38.547599999999996,3297,3.8665574922755606,0.8984818436500167,0.30271527748544935
A112 - 221.tif,18,1296,175.84490740740742,106.61900214848413,44.477999999999994,4189,3.953525504021588,1.5564077801016059,0.649282997002938
A112 - 221.tif,19,16375,150.98155725190838,102.42867688310155,38.547599999999996,33867,3.9167563535146375,1.259556505624508,0.47401647508810907
A112 - 221.tif,20,1574,140.75857687420586,73.60825741422757,40.0302,5159,3.516309607222616,1.6774914800126748,0.912266120809923
A112 - 221.tif,21,9500,161.91747368421053,103.54703025775122,53.373599999999996,13385,3.033662216037028,1.0936201308422726,0.5637094880995178
A112 - 222.tif,1,2484,135.59057971014494,96.34713813979086,38.547599999999996,7268,3.5174843485708607,1.0180514885537248,0.40731299677362826
A112 - 222.tif,2,4441,164.5050664264805,97.83171159674589,44.477999999999994,6269,3.6985715722266024,1.4990187241949826,0.6815106649441185
A112 - 222.tif,3,458,131.25327510917032,93.76942013129103,34.099799999999995,3656,3.849092225487522,1.0992397306402646,0.3997449799881338
A112 - 222.tif,4,1713,112.13251605370695,89.28473078503905,37.065,9732,3.025293835787239,0.61642480136257,0.2558980137501563
A112 - 222.tif,5,4052,152.13400789733464,103.93124574540504,44.477999999999994,8814,3.4204327501940357,1.083743921513831,0.4637947116055114
A112 - 222.tif,6,17502,196.9305793623586,95.39210559083551,44.477999999999994,16062,4.427595200280648,2.2828920758283684,1.0644326711521268
A112 - 222.tif,7,1383,118.74331164135937,96.5727643251019,35.5824,4171,3.337136101218243,0.6230762205479874,0.22957349796187831
A112 - 222.tif,8,2350,130.46297872340426,88.73367459878251,41.5128,7228,3.1427169136260886,1.0052153580237806,0.47027584858400023
A112 - 222.tif,9,1581,148.78178368121442,119.23559759243336,63.751799999999996,4652,2.3337660059461345,0.4634564998030878,0.24779668725523357
A112 - 222.tif,10,1017,126.72074729596854,92.2079012345679,37.8063,4050,3.351842080882025,0.912886107666494,0.3742938034112759
A112 - 222.tif,11,758,134.2532981530343,107.31364792314213,38.547599999999996,3539,3.4827926542302605,0.6988671207261544,0.25103657129124857
A112 - 222.tif,12,2813,236.12975471027372,181.03255282695602,75.6126,5253,3.1228889719311974,0.7286775203607722,0.30434969302421583
A112 - 222.tif,13,2547,148.71024734982333,86.35764762246976,37.065,8349,4.012147505994924,1.6822500933638493,0.7220275382293939
A112 - 222.tif,14,979,154.9805924412666,93.27632492478592,35.5824,4321,4.355540727936035,1.7341232603517311,0.6615212119433432
A112 - 222.tif,15,2311,126.8576373864128,98.73187978786093,44.477999999999994,6788,2.8521434722310217,0.6323521199745572,0.28487007090450667
A112 - 222.tif,16,1559,173.05708787684412,93.35513608428445,47.4432,4556,3.64766895657054,1.6799446870312336,0.8537500466183705
A112 - 222.tif,17,941,126.74388947927737,89.37665847665848,31.1346,4070,4.070837249830381,1.2001834290666031,0.4180871341055653
A112 - 222.tif,18,3202,106.99781386633354,86.75453976205385,38.547599999999996,9582,2.7757321814737166,0.525150050821016,0.23333965182074123
A112 - 222.tif,19,556,110.33093525179856,97.1899422358138,29.651999999999997,2943,3.7208598143325906,0.4431739178319514,0.13520939216887717
A112 - 222.tif,20,3217,128.00373018340068,103.46775956284154,42.9954,7320,2.9771494195571897,0.5706650156726648,0.23713638646331917
A112 - 222.tif,21,4635,148.81553398058253,94.55285272003539,34.099799999999995,6783,4.3641175003062,1.5912903079969456,0.573887298942491
A112 - 223.tif,1,3231,182.2126276694522,113.60866794136393,51.891,4707,3.5114495314088705,1.3220781968909343,0.603862020083342
A112 - 223.tif,2,3469,178.98299221677718,90.31021683922641,44.477999999999994,5119,4.0240791442181845,1.9936322531951627,0.9818687018058061
A112 - 223.tif,3,2799,199.7545551982851,98.69973938942665,34.099799999999995,5372,5.857939200221283,2.963501714943297,1.0238610195301636
A112 - 223.tif,4,2480,141.9774193548387,106.50792587631167,47.4432,4479,2.9925767934058607,0.7476201746731002,0.33302210312862307
A112 - 223.tif,5,443,125.47629796839729,106.06037735849057,62.2692,3445,2.015061988081534,0.3118061675240514,0.18306478905358853
A112 - 223.tif,6,698,146.59455587392551,126.09269210102096,54.1149,3722,2.708949953651139,0.3788580182004582,0.16259359229838047
A112 - 223.tif,7,2098,168.27645376549094,123.05007684426229,54.856199999999994,7808,3.0675922454492843,0.82445333276793,0.3675444833309104
A112 - 223.tif,8,3567,133.91141014858425,91.01070072488781,37.065,5794,3.6128803483732757,1.157445282938675,0.4713809373764221
A112 - 223.tif,9,7366,151.53231061634537,89.80559532988215,40.0302,9079,3.785449749901096,1.54200366900598,0.6873370757451094
A112 - 223.tif,10,30102,194.64683409740218,105.15377373293582,47.4432,25492,4.102734091637471,1.8863200700122076,0.8510684607786457
A112 - 223.tif,11,2105,132.6836104513064,92.82626680455016,40.0302,4835,3.3145877467052505,0.9956818511223883,0.4293757038229697
A112 - 223.tif,12,1955,198.7826086956522,153.20051513200258,72.64739999999999,7765,2.736265973294152,0.6274428755519839,0.29753224733871986
A112 - 223.tif,13,5204,171.31744811683322,111.54434224227698,47.4432,11524,3.611001114611224,1.2598877365345795,0.5358685583475756
A112 - 223.tif,14,624,124.23717948717949,97.25582785415422,32.6172,3346,3.808946796447581,0.8272123795038553,0.27742657921448677
A112 - 223.tif,15,1744,119.00172018348624,89.7136690647482,35.5824,4170,3.344398358459302,0.8231049932131331,0.3264614124112529
A112 - 223.tif,16,1145,147.67161572052402,99.22895752895752,41.5128,5180,3.557255007731386,1.1669330466722834,0.48819073981048117
A112 - 223.tif,17,3019,136.86717456111296,109.49771622218948,40.0302,13574,3.4190979442251592,0.683720249513774,0.2499546043580183
A112 - 223.tif,18,3004,112.9387483355526,90.45341614906832,40.0302,11270,2.821338597042713,0.5617092140650607,0.24858466535904342
A112 - 223.tif,19,12053,181.0800630548411,92.1074144486692,45.9606,13676,3.9398977170759766,1.935846107031097,0.9659661942426585
A112 - 223.tif,20,963,96.04776739356178,79.69883198562444,37.065,5565,2.5913332623134617,0.44108823427833443,0.20513393984035957
A112 - 223.tif,21,550,130.66,90.36622332199195,31.1346,3233,4.196617266900292,1.2941800011905162,0.4458942201222104
A112 - 223.tif,22,356,116.48033707865169,89.19320531757755,37.065,3385,3.1425964399629227,0.7361967288199694,0.30593285285417654
A112 - 223.tif,23,796,144.3354271356784,113.25029239766081,48.925799999999995,3420,2.9500882378249824,0.63535261010886,0.2744817172402712
A112 - 223.tif,24,3393,114.59622752726202,90.09897033963423,45.9606,6507,2.4933579522967158,0.5330056000639183,0.2718927540743781
A112 - 223.tif,25,920,127.41630434782608,89.53661360347323,32.6172,3455,3.9064145392235368,1.1613409714119989,0.4230636966892483
A112 - 223.tif,26,3516,165.08162684869168,90.74598138747885,40.0302,9456,4.123927105221868,1.8569891092885606,0.8191618440447884
A112 - 223.tif,27,4609,187.0423085267954,152.38640961561347,91.9212,8403,2.0348114309478915,0.3770174770065204,0.22742119193125793
A112 - 223.tif,28,1314,201.0007610350076,169.19411610191753,53.373599999999996,3807,3.7659209983465307,0.5959246692584128,0.1879890723389624
A112 - 223.tif,29,2020,214.0960396039604,184.74716981132076,47.4432,5300,4.512681260092776,0.6186106710013983,0.1588596448921224
A112 - 223.tif,30,1928,112.8246887966805,77.01954928047788,35.5824,7366,3.1708004171998656,1.006259822444243,0.4648837840009188
A112 - 223.tif,31,1215,185.54485596707818,141.1237113402062,66.717,3492,2.78107312887671,0.6658144793712822,0.31476740656740865
A112 - 224.tif,1,742,157.04177897574124,108.75866441251057,37.065,2366,4.236929149693024,1.3026605841145034,0.44394729210408695
A112 - 224.tif,2,1956,213.01533742331287,97.82535684298908,40.0302,4764,5.321365803071162,2.877576943196587,1.177506367325908
A112 - 224.tif,3,668,162.91467065868264,112.68821689259646,44.477999999999994,3836,3.662814663924963,1.129242631296231,0.44571167373692744
A112 - 224.tif,4,1213,130.04451772464964,91.21700385356455,37.065,4152,3.5085530200880646,1.047551972497223,0.42566092095241725
A112 - 224.tif,5,1233,134.29683698296836,96.67768411712511,44.477999999999994,4508,3.0193991850527087,0.8457923660547985,0.38911930095859987
A112 - 224.tif,6,917,126.31842966194111,100.9064812738282,54.856199999999994,4459,2.3027192849470786,0.46324660445820964,0.2518366319467088
A112 - 224.tif,7,3290,208.89756838905774,139.62053986968664,68.19959999999999,6446,3.06303216380195,1.0157981646404544,0.49618078098729795
A112 - 224.tif,8,9009,120.89177489177489,74.8525949917055,34.099799999999995,12659,3.5452341320571548,1.3501304959726474,0.6150645799122982
A112 - 224.tif,9,3430,128.81457725947521,97.54646044021416,37.065,16810,3.4753696809583574,0.8436022342054508,0.32054588833820064
A112 - 224.tif,10,1661,164.0487658037327,119.4622901528439,57.8214,3991,2.83716350305183,0.7711068158705552,0.37322635946549454
A112 - 224.tif,11,2289,135.55482743556138,129.01536334306346,59.303999999999995,6509,2.285761962307834,0.11027020253937712,0.05068748343251202
A112 - 224.tif,12,1091,211.07057745187902,150.34657780056395,74.13,3901,2.847303081389532,0.8191555327549376,0.4038934609328258
A112 - 224.tif,13,811,106.45499383477188,87.85081782289905,47.4432,3546,2.243840925829908,0.39213577515748266,0.21177009469917313
A112 - 224.tif,14,4545,194.9150715071507,109.90184049079754,45.9606,6357,4.240916599538334,1.8496980239130079,0.7735378282016692
A112 - 224.tif,15,9838,194.31906891644644,117.63381433662441,59.303999999999995,17117,3.2766604088034508,1.2930873898369615,0.6518980533425385
A112 - 224.tif,16,797,127.58971141781682,86.98803269118505,44.477999999999994,3426,2.8686027112084806,0.9128485704731166,0.46675016626831517
A112 - 224.tif,17,757,126.82959048877147,100.77502691065662,53.373599999999996,3716,2.376260744356927,0.4881545103428157,0.258541866712955
A112 - 224.tif,18,610,117.87704918032787,81.6992775436484,34.099799999999995,3322,3.4568252349210153,1.0609379417495144,0.44281629801344424
A112 - 224.tif,19,363,160.68044077134985,143.9741238126433,83.0256,3053,1.9353120092115774,0.2012188645031695,0.11603694132764068
A112 - 224.tif,20,510,153.35882352941175,91.48629365377394,42.9954,2663,3.566865838990755,1.4390499881672763,0.6763038199255156
A112 - 224.tif,21,1013,90.09081934846989,87.66045769026077,37.065,5637,2.430617005912956,0.06557025920824011,0.027724720152834573
A112 - 224.tif,22,1372,181.65379008746356,118.56859580355083,50.4084,4337,3.603641259223208,1.2514817822306978,0.5320565184318639
A112 - 224.tif,23,970,141.659793814433,89.32491425007795,35.5824,3207,3.9811759120975885,1.4708080272732293,0.5858934206416038
A112 - 224.tif,24,140,125.67857142857143,115.31656302996043,42.9954,1769,2.9230701749336148,0.24100272113298096,0.08985706931813663
A112 - 224.tif,25,527,192.9146110056926,174.08280961182996,62.2692,2705,3.098074344534888,0.30242561958140424,0.10817726020605958
A112 - 224.tif,26,2272,138.26320422535213,92.1859086152773,35.5824,5734,3.8857188999756884,1.2949462542471943,0.4998301399552564
A112 - 224.tif,27,632,193.22784810126583,92.14378090528719,37.065,2629,5.213215919307532,2.7272107694241616,1.0970253900142297
A112 - 224.tif,28,1294,148.40262751159196,103.11047768822489,35.5824,5087,4.170675037936879,1.2728806885043802,0.43925846174357125
A112 - 224.tif,29,962,169.53326403326403,138.6769368830392,94.8864,3343,1.7866971875358015,0.3251923051878132,0.22250511037768428
A112 - 224.tif,30,2024,147.55088932806325,95.25830195138651,59.303999999999995,5842,2.48804278468877,0.8817716742185859,0.5489556951988692
A112 - Site 13.tif,1,14496,101.63024282560707,85.23578326180258,16.3086,14912,6.231696329745662,1.0052646796016729,0.19234245213099427
A112 - Site 13.tif,2,317,96.4006309148265,81.14515629835964,17.7912,3231,5.418444560268113,0.857473054537756,0.1880022827055079
A112 - Site 13.tif,3,1639,108.97071384990848,87.47938574528459,19.273799999999998,5991,5.653826115938228,1.115054015994425,0.24567305679013196
A112 - Site 13.tif,4,1346,112.47325408618127,59.798873692679,14.825999999999999,4972,7.5862170518224135,3.552838281260885,0.8808590719517589
A112 - Site 13.tif,5,4348,88.75298988040478,76.82877316857899,20.7564,14729,4.275933680100858,0.5744838558748605,0.1552050907296076
A112 - Site 2.tif,1,2721,118.59536934950386,91.70193502574116,25.2042,5633,4.705381218306871,1.0670219373395098,0.2932700854489153
A112 - Site 20.tif,1,14523,129.34937685051298,73.15631710808876,17.7912,11176,7.270413281724045,3.1584749601398148,0.7681231362661071
A112 - Site 20.tif,2,5286,112.43170639424896,76.38299463907244,32.6172,8021,3.4470066823571277,1.1052055892021533,0.4719468243002998
A112 - Site 20.tif,3,13008,109.16282287822878,74.34768302714559,25.2042,10941,4.331136192972497,1.3813229476543576,0.46827471185200015
A112 - Site 21.tif,1,760,81.48157894736842,66.30470446320868,17.7912,4145,4.579881003055983,0.8530551326290069,0.22889589215034
A112 - Site 21.tif,2,7924,115.60890964159515,67.04777260241252,31.1346,8373,3.7131972019702575,1.5597161043850079,0.7242766634456776
A112 - Site 21.tif,3,3541,81.03614798079639,68.1815001943257,29.651999999999997,7719,2.7329066489095952,0.43351705726883594,0.18853571346990025
A112 - Site 34.tif,1,3676,138.85745375408052,129.79858657243815,20.7564,9905,6.689862099746676,0.43643730017141685,0.06979172439515641
A112 - Site 34.tif,2,1007,127.6137040714995,116.72675367047309,20.7564,3678,6.148161724095599,0.5245105314881823,0.09326868140981857
A112 - Site 34.tif,3,4459,169.97914330567392,148.2453919882035,32.6172,8138,5.211334610376138,0.6663279285409889,0.14660658941583696
A112 - Site 34.tif,4,1561,161.60858424087124,124.59274809160306,22.238999999999997,5240,7.2668997782365325,1.6644559617169667,0.29709462800421144
A112 - Site 34.tif,5,3961,150.47084069679374,131.27112083473577,32.6172,5942,4.613235981343015,0.5886378921603203,0.14626004362960324
A112 - Site 4.tif,1,3979,117.91907514450867,105.39934800325999,25.2042,8589,4.678548618790645,0.496731780270009,0.1187837247311398
A112 - Site 4.tif,2,5401,120.38326235882244,103.21207764198418,20.7564,9737,5.799814144110939,0.8272718153709476,0.16636797851058618
A112 - Site 4.tif,3,674,142.39020771513353,107.29562855025932,28.1694,4049,5.054783121564027,1.245840491896022,0.3270830287849463
A112 - Site 4.tif,4,2036,127.26424361493123,98.79161118508655,26.686799999999998,6008,4.7688086832157905,1.066918192483756,0.288209009706492
A112 - Site 46.tif,1,1983,120.39233484619264,102.0258238276299,29.651999999999997,6312,4.060175866909176,0.6194020980833911,0.1800182574148317
A112 - Site 46.tif,2,1800,101.58,100.82947644838339,17.7912,6093,5.709564275760171,0.042185100004201996,0.007443493489985367
A112 - Site 46.tif,3,1375,103.77236363636364,93.64895813778863,19.273799999999998,5327,5.384115409650535,0.5252418045908224,0.10809949943702668
A112 - Site 5.tif,1,8504,132.92697554092192,100.88700597426471,29.651999999999997,17408,4.482900832864323,1.080533169966676,0.3175827179533355
A112 - Site 5.tif,2,4838,167.28792889623813,114.38083173160929,45.9606,11446,3.639811683481939,1.1511402625970382,0.4625521283509112
A112 - Site 5.tif,3,2634,165.6586940015186,134.69687017001544,66.717,5176,2.4830057403163894,0.4640769792835767,0.22986297892537716
A112 - Site 5.tif,4,1970,145.76497461928935,99.64877325868599,26.686799999999998,6073,5.462062688844999,1.7280528704574107,0.46278744682846074
A112 - Site 5.tif,5,359,122.72980501392757,103.24933842987356,16.3086,3401,7.525465394863626,1.1944904266527545,0.1886740087482334
A112_001.tif,1,1088,155.13970588235293,112.83379501385042,50.4084,3971,3.0776558242589798,0.8392631160701366,0.3749400687937513
A112_001.tif,2,3954,182.93930197268588,116.78223022662465,50.4084,6663,3.629143197094025,1.3124215752322435,0.5664994718118801
A112_001.tif,3,839,137.0750893921335,77.35572289156626,40.0302,3320,3.4242918935676205,1.4918578094950476,0.7720096750509208
A112_001.tif,4,2061,147.83406113537117,90.32168458781362,34.099799999999995,5580,4.33533513662889,1.6865898489343534,0.6367504858179952
A112_001.tif,5,4198,192.26869938065747,91.67446224916992,42.9954,6927,4.471843484092229,2.3396511512415525,1.0972983604430733
A112_001.tif,6,4154,201.53153586904187,106.47484678243106,51.891,7832,3.883747390302835,1.831853097228658,0.892761924061938
A112_001.tif,7,1435,170.58466898954703,104.11527377521614,42.9954,4858,3.967509755691817,1.5459652706771245,0.6384211729726943
A112_001.tif,8,1721,119.19988378849506,81.11264898116109,40.0302,5202,2.9777488935533065,0.9514625157460953,0.4695597453793473
A112_001.tif,9,750,92.98533333333333,81.58488228004957,37.065,5649,2.508709923330534,0.30757995548922057,0.13973729854451486
A112_001.tif,10,1092,109.86630036630036,85.1983092638253,34.099799999999995,5678,3.2219045370964445,0.723405741243087,0.2895361576154375
A112_001.tif,11,1679,135.15544967242406,91.77373171490818,48.925799999999995,9639,2.76245763267641,0.8866838753510221,0.4727029961857997
A112_001.tif,12,765,127.82352941176471,76.48546442921295,42.9954,4231,2.9729582555816467,1.1940362217960852,0.6712133522226675
A112_001.tif,13,695,127.66474820143885,90.41171749598716,42.9954,3738,2.9692652742327366,0.8664422402579641,0.41203763995507287
A112_001.tif,14,579,115.97754749568222,98.10345606505534,47.4432,4427,2.4445557523783528,0.3767471719205156,0.1821963480771979
A112_001.tif,15,1075,137.6706976744186,101.85763660302831,45.9606,6076,2.995406884254438,0.7792122179344516,0.3515991756950852
A112_001.tif,16,489,142.52965235173824,113.23558897243107,53.373599999999996,2793,2.6704148179068694,0.5488493070322907,0.25870014579826356
A112_001.tif,17,544,135.7058823529412,91.91649899396378,40.0302,2982,3.3900875418818868,1.0939086826455604,0.4764039517768082
A112_001.tif,18,1449,109.52449965493443,90.68149882903981,40.0302,7686,2.7360467753739415,0.4707196272111412,0.20779322206992915
A112_001.tif,19,602,150.10963455149502,87.8836032388664,32.6172,2964,4.602161881015949,1.9077674139273435,0.708050523786771
A112_001.tif,20,739,134.3978349120433,99.83142936751184,44.477999999999994,3589,3.021669924048442,0.7771573707621718,0.3462477273947349
A112_001.tif,21,641,151.402496099844,86.38942790230847,31.1346,2989,4.8628373594398395,2.088129225255961,0.7525581517165331
A112_001.tif,22,1563,200.4388995521433,131.80018227386648,71.1648,4389,2.8165455326787665,0.9645037612503906,0.5207786217658276
A112_001.tif,23,1131,133.24137931034483,88.70099875156055,34.099799999999995,4806,3.9073947434081986,1.3061771783330844,0.5021406881619724
A112_001.tif,24,4337,141.9748674198755,95.40284360189574,41.5128,10128,3.4200262903411773,1.1218714181351546,0.48816179953123234
A112_002.tif,1,1816,173.44933920704847,123.71905114899926,56.3388,4047,3.078683592413428,0.8827005198765718,0.40196144079813256
A112_002.tif,2,16391,194.7490696113721,89.29789729412751,45.9606,11937,4.237304769063047,2.294381977047749,1.1808919974689087
A112_002.tif,3,699,138.1602288984263,90.88458149779736,41.5128,4540,3.3281356320254223,1.1388209754398824,0.5201723616516074
A112_002.tif,4,320,123.553125,84.52400756143668,34.099799999999995,2645,3.623280047500783,1.1445556110920816,0.4617518567795937
A112_002.tif,5,1436,160.65459610027855,94.33178582482203,40.0302,6462,4.013334833704183,1.656819357857026,0.7030801938976314
A112_002.tif,6,2509,123.2973296133918,90.29378301503453,35.5824,7383,3.4651212278750334,0.9275244668454634,0.36551294555026914
A112_002.tif,7,1176,169.3324829931973,85.48361887586414,45.9606,3327,3.6842966139770654,1.8243640008853128,0.9808763972578926
A112_002.tif,8,766,156.32114882506528,107.58965868568518,60.7866,3926,2.5716383018518703,0.8016814582714493,0.45293842112852106
A112_002.tif,9,3079,154.2630724261124,97.65026790063322,40.0302,6159,3.8536672908847747,1.4142523522574615,0.5797506318906325
A112_002.tif,10,2227,182.1692860350247,116.62054644808744,51.891,4575,3.5106142876398327,1.2632005468059058,0.5620685340425411
A112_002.tif,11,1607,155.83136278780336,99.33508738958842,35.5824,5321,4.379450591978305,1.5877589870929825,0.5687444072098237
A112_002.tif,12,6723,145.3986315632902,89.12703962703962,37.065,9438,3.9228013361408927,1.5181867508719469,0.631363861802329
A112_002.tif,13,778,149.7030848329049,94.33930046819059,37.065,3631,4.038933894307718,1.4936944381431907,0.5868581183460582
A112_002.tif,14,4395,194.36450511945392,113.22918028500457,48.925799999999995,7649,3.972638262015696,1.658334147175233,0.7165584403513418
A112_002.tif,15,508,112.07086614173228,77.10583941605839,29.651999999999997,3014,3.7795381796822105,1.179179371168289,0.45346794725195944
A112_002.tif,16,1630,89.65337423312883,79.40517373335375,44.477999999999994,6533,2.015679082084897,0.23041055122692064,0.12906212550958446
A112_003.tif,1,2664,204.87800300300302,113.28170594837262,54.856199999999994,5346,3.734819454604126,1.6697528636313284,0.8085709539745906
A112_003.tif,2,6030,132.31940298507462,94.66488978533353,42.9954,13882,3.0775246411081043,0.8757800413761307,0.39776640823382925
A112_003.tif,3,607,127.62932454695222,83.14167178856792,40.0302,3254,3.1883259268019883,1.1113522477347297,0.5350824898754392
A112_003.tif,4,499,180.3807615230461,95.89032020610968,37.065,2717,4.866606272072846,2.279520876679919,0.8811154361203388
A112_003.tif,5,663,180.41779788838613,150.08344923504868,78.5778,4314,2.2960403302895442,0.38604222375119995,0.20211654786670757
A112_003.tif,6,1243,133.20756234915527,90.95631825273011,41.5128,4487,3.2088310669737274,1.017788346877283,0.4645223652784751
A112_003.tif,7,618,141.89644012944984,87.5263668715626,40.0302,3091,3.544734727630701,1.3582263701981248,0.6211850805078976
A112_003.tif,8,1252,118.3226837060703,83.58518355682567,40.0302,4549,2.9558354361584986,0.8677823278566382,0.4155939924624593
A112_003.tif,9,802,137.7356608478803,80.15728580362726,37.065,3198,3.7160572186893224,1.5534432761019454,0.718317423797605
A112_003.tif,10,1487,167.36045729657027,82.6610729722858,38.547599999999996,3933,4.3416569968857655,2.1972673863563963,1.0246586605818133
A112_003.tif,11,1220,140.09344262295082,77.88678793681187,35.5824,4178,3.9371555202453816,1.7482422396650177,0.7986804479422013
A112_003.tif,12,608,101.05098684210526,67.58623317246635,32.6172,3937,3.098088947277031,1.0259848687005342,0.4951415709067886
A112_003.tif,13,440,141.63863636363635,112.29988262910798,44.477999999999994,3408,3.1844650463553155,0.6596239428016577,0.2612536455519969
A112_003.tif,14,332,148.88855421686748,95.30877616747182,47.4432,2484,3.138248562185624,1.1293457869220922,0.5621704547923924
A112_003.tif,15,544,112.55514705882354,82.55920205920206,32.6172,3108,3.450791209065022,0.9196358053550003,0.36332648872355294
A112_003.tif,16,272,125.47426470588235,95.307369224895,40.0302,2619,3.13449007685541,0.7536034162570088,0.31652217161338153
A112_003.tif,17,928,115.52155172413794,75.70479098168154,40.0302,4258,2.8858599681060633,0.9946680439395684,0.5259477005468712
A112_003.tif,18,746,115.51608579088472,82.1239758516602,40.0302,4638,2.885723422866423,0.8341729476965586,0.40660610484171295
A112_003.tif,19,5083,150.01573873696637,85.25493945188018,37.065,7845,4.047369181073592,1.747222427292971,0.7596134569310501
A112_003.tif,20,1350,125.45185185185186,87.87172095704814,35.5824,6938,3.525671450396689,1.0561437925559343,0.4276703640400562
A112_003.tif,21,337,121.32047477744807,97.64060258249641,40.0302,2788,3.0307236723059297,0.5915501843367296,0.24252075024341804
A112_003.tif,22,2517,150.10369487485102,90.87001209189843,47.4432,4962,3.1638610979700443,1.2485178649515085,0.6518507196469835
A112_003.tif,23,123,169.4390243902439,118.08826479438315,63.751799999999996,1994,2.6577920053028463,0.8054793682344021,0.4348506575223615
A112_003.tif,24,704,167.234375,104.91789335950278,60.7866,3057,2.751171721604569,1.0251680737242341,0.5939547548960908
A112_004.tif,1,766,137.27284595300262,127.48825688073394,72.64739999999999,5450,1.8895768593797835,0.134686018645152,0.07674894387060863
A112_004.tif,2,1767,205.0826259196378,126.942291419868,68.19959999999999,5909,3.0070942628632267,1.1457594251038454,0.6155579328181586
A112_004.tif,3,1538,105.074122236671,81.41824626290645,32.6172,6489,3.221432931228207,0.7252577157607635,0.29054759905380717
A112_004.tif,4,1359,126.37527593818984,96.8789584799437,37.065,8526,3.409558232944672,0.7957997423523039,0.3044656746728748
A112_004.tif,5,1622,177.41122071516645,105.12165619911607,48.925799999999995,4299,3.62612815076923,1.477534644324161,0.6876752814115336
A112_004.tif,6,546,139.33699633699635,84.54470513633481,41.5128,3154,3.3564827307103235,1.3198890748748011,0.6480866082130621
A112_004.tif,7,1078,176.84230055658628,102.52580160320642,71.1648,3992,2.4849686998591523,1.0442873294513157,0.7248565510733554
A112_004.tif,8,2427,140.25875566543058,90.5683920168749,40.0302,6163,3.503823504014278,1.2413218928744414,0.5486501696288345
A112_004.tif,9,1705,111.76246334310851,80.99888122319597,40.0302,5363,2.7919536578680337,0.7685093282628477,0.3798025559309161
A112_004.tif,10,380,133.09473684210528,106.2952876376989,60.7866,3268,2.1895407346390465,0.44087758157221485,0.25212264623836816
A112_004.tif,11,1112,171.375,123.67374282234209,66.717,5747,2.5686856419550215,0.7149790483760979,0.3857023818089177
A112_004.tif,12,791,117.75726927939317,101.80232333010649,47.4432,5165,2.4820684366689534,0.33629573776481614,0.15672477234123205
A112_004.tif,13,690,149.95797101449276,105.7673835125448,42.2541,2790,3.5489566924630553,1.0458295761000627,0.4178092151871048
A112_004.tif,14,771,106.57976653696498,85.27528214206683,38.547599999999996,4519,2.764887217604108,0.5526799175401674,0.24983188395562284
A112_004.tif,15,501,126.99800399201597,90.21059229081793,38.547599999999996,3191,3.2945761593217275,0.9543372788877821,0.40779481392302636
A112_004.tif,16,638,145.9717868338558,112.39521912350598,71.1648,3765,2.051179611456001,0.4718142635914338,0.298736618596443
A112_004.tif,17,1572,161.58715012722647,90.02201986754967,56.3388,6040,2.8681326208322706,1.2702636592716592,0.7949736115343954
A112_004.tif,18,738,210.52845528455285,119.23450933886748,54.856199999999994,3373,3.8378242613628837,1.664241160143119,0.7656671415367593
A112_004.tif,19,1011,162.12759643916914,86.22968829841594,34.099799999999995,3914,4.754502853143541,2.2257581604143026,0.8801830277907388
A112_004.tif,20,674,133.58753709198814,86.11339018206961,35.5824,4339,3.7543149718525166,1.3342030581573052,0.5512980827259376
A112_004.tif,21,20329,218.30419597619164,94.48662626262626,45.9606,12375,4.7498117067378045,2.6939937617573624,1.3104242854042571
A112_004.tif,22,3564,192.18462401795736,112.82458245824583,53.373599999999996,9999,3.6007431385919246,1.4868781859354203,0.7033931774757262
A112_004.tif,23,2611,189.14170815779394,95.80716523101017,41.5128,5108,4.556226226904273,2.248331668890088,0.9741916764992855
A112_004.tif,24,1141,194.47414548641544,158.3749637786149,91.9212,3451,2.1156615173132947,0.39271878199885724,0.22793490109953604
A112_004.tif,25,1825,156.8958904109589,106.07291071768513,47.4432,5253,3.3070258831168355,1.0712384426548252,0.47913250748580555
A112_004.tif,26,3056,132.99476439790575,92.13173119715175,42.9954,6741,3.0932324008376115,0.9504047686787414,0.4435283334563239
A112_004.tif,27,2574,187.51709401709402,90.41582807436465,50.4084,5863,3.719957268627738,1.9262913705546387,1.0739410123206161
A112_004.tif,28,2007,136.88689586447433,91.49857645285547,41.5128,5971,3.2974623689922073,1.0933572151405175,0.496054924199226
A112_004.tif,29,2032,175.79675196850394,91.79359211337031,44.477999999999994,4869,3.9524428240698666,1.8886451692128061,0.9151309793197072
A112_004.tif,30,1588,140.55163727959697,81.76322384909642,44.477999999999994,7581,3.160026018436007,1.3217413871415788,0.7190080167559362
A112_004.tif,31,1481,156.75016880486157,96.13524343818874,42.9954,4991,3.645742771747772,1.4098002426439766,0.6305172088042896
A112_004.tif,32,1876,109.06023454157783,100.29324482623976,50.4084,5122,2.1635329532368117,0.17391922206614133,0.08741356139840661
A112_004.tif,33,334,166.51497005988023,90.79289463060154,38.547599999999996,2477,4.3197234073374995,1.9643784673918716,0.834008825569668
A112_005.tif,1,1981,149.6728924785462,134.55829631979697,81.54299999999999,12608,1.8355087801551468,0.18535737165539243,0.11232749351778332
A112_005.tif,2,1136,189.5211267605634,94.99545360611697,44.477999999999994,4839,4.261008289895079,2.125223102054818,0.9950547058434085
A112_005.tif,3,2156,162.64749536178107,99.98613037447988,42.9954,7210,3.782904574069599,1.4573969534584448,0.6267005708326487
A112_005.tif,4,1023,131.74389051808407,90.71540178571429,32.6172,5376,4.039092579304574,1.2578789325813067,0.45227698847394743
A112_005.tif,5,2189,128.9520328917314,75.71365224402042,44.477999999999994,7442,2.8992318193879916,1.1969598596101754,0.7031543065588147
A112_005.tif,6,1386,211.8095238095238,91.97773554167799,47.4432,3683,4.46448645464216,2.5257948081619257,1.3028347300474465
A112_005.tif,7,646,149.48452012383902,100.99974509304104,44.477999999999994,3923,3.360864249521795,1.090084424207409,0.48004848904651476
A112_005.tif,8,429,103.37062937062937,77.31014040561622,42.9954,3205,2.404225320536316,0.6061227238018934,0.33709017762628557
A112_005.tif,9,2339,185.2321504916631,91.65042372881356,42.9954,3776,4.3081853046740175,2.176552066990516,1.0210724942149731
A112_005.tif,10,1607,110.00497822028625,82.80990131046757,34.099799999999995,6181,3.225971360184709,0.7975142640673418,0.32840368695255356
A112_005.tif,11,8829,155.4775172726243,96.3943444730077,51.891,17505,2.996232819615386,1.138601545320587,0.6129319423924474
A112_005.tif,12,965,127.00310880829015,82.55963302752293,41.5128,4360,3.059372260548468,1.0705969187831523,0.5383196865781597
A112_005.tif,13,1461,136.0006844626968,93.5720064724919,51.891,4944,2.6208915695686708,0.8176500353053205,0.4534334528579725
A112_005.tif,14,4374,156.37677183356195,95.91730970753548,42.9954,10497,3.6370581922064074,1.4061844316360501,0.6303290021798156
A112_005.tif,15,1150,128.7286956521739,86.02572898799313,41.5128,5247,3.100939845569668,1.0286698717960263,0.4963976145459573
A112_005.tif,16,1168,131.37756849315068,87.25252926006745,37.065,5041,3.5445182370890462,1.1904772486490882,0.5057164485914865
A112_005.tif,17,674,125.94955489614243,73.45877437325905,38.547599999999996,3590,3.2673773429076953,1.3617133235082406,0.7145610713435184
A112_005.tif,18,512,142.4140625,138.44886540254896,84.5082,3217,1.685209985340451,0.0469208561652222,0.02864015595675394
A112_005.tif,19,1420,149.6267605633803,89.53726405915548,42.9954,5139,3.480064391273942,1.3975796594577332,0.6711115994991066
A112_005.tif,20,1609,135.8402734617775,80.8801775147929,53.373599999999996,6084,2.5450835888215653,1.029724356923411,0.6795249173400641
A112_005.tif,21,1286,142.6874027993779,86.44668008048289,34.099799999999995,3479,4.184405854507471,1.6492977290893802,0.6505827946200873
A112_005.tif,22,10554,123.64885351525488,77.593671679198,42.9954,9576,2.875862382638521,1.071165329903786,0.5935430149578595
A112_005.tif,23,5323,138.2410294946459,88.20780003011595,41.5128,6641,3.3300820340074644,1.2052482475881525,0.5672200127627645
A112_005.tif,24,596,177.46140939597316,94.23902111967817,40.0302,2983,4.43318817671761,2.0789900688856187,0.8830990313638374
A112_005.tif,25,421,143.73871733966746,76.6948153967007,42.9954,2546,3.343118503519825,1.559327321698914,0.8741647214018751
A112_005.tif,26,5432,198.65095729013254,108.51487187937711,44.477999999999994,12137,4.466274500774985,2.026531889709297,0.8306334776180956
A112_005.tif,27,997,127.0,93.4073856975381,35.5824,5118,3.569180267893908,0.9440794969710053,0.3596355261204032
A112_005.tif,28,699,148.9713876967096,89.67223688068015,38.547599999999996,3411,3.86460863083729,1.5383357407632667,0.6612877393514933
A112_005.tif,29,1009,156.81268582755203,91.47588126159555,38.547599999999996,5390,4.068027212767378,1.6949642662320572,0.7142517093874057
A112_005.tif,30,1018,150.59233791748525,107.29666052038516,50.4084,4881,2.987445304505019,0.8588980683479561,0.40351374575016963
A112_005.tif,31,1593,140.73509102322663,99.49306106264869,44.477999999999994,5044,3.1641506135974,0.9272456034737507,0.4145216713200078
A112_005.tif,32,679,142.60824742268042,87.69232698094282,34.099799999999995,3988,4.182084568849659,1.6104469945757198,0.6262340426592798
A112_005.tif,33,415,116.6144578313253,85.2206416464891,34.099799999999995,3304,3.4197988785015547,0.9206451702247447,0.3683827717629691
A112_005.tif,34,1284,119.39174454828661,80.62910573004076,32.6172,4171,3.660392201405476,1.188410985809994,0.48075243378268245
A112_006.tif,1,9813,127.45470294507287,75.46013566106971,45.9606,8993,2.773129657083275,1.1312856505939934,0.68903357808217
A112_006.tif,2,546,140.33882783882783,98.01319164529131,40.0302,2729,3.505823798126654,1.0573426109028454,0.4318361179625103
A112_006.tif,3,720,166.09305555555557,118.2490939044481,71.1648,3035,2.3339214827023524,0.6722981255393746,0.4046031987841026
A112_006.tif,4,2260,211.28230088495576,113.55274921770229,42.9954,4474,4.914067570852117,2.273023431449021,0.8606533292406752
A112_006.tif,5,1376,131.8110465116279,80.85973282442748,51.891,4192,2.5401523671971318,0.9818911502453509,0.6301197382327608
A112_006.tif,6,2780,105.90215827338129,93.12341360234299,37.065,12292,2.857201085790079,0.344765807840028,0.1372237568978522
A112_006.tif,7,1864,216.36051502145924,134.87616937469227,65.9757,4062,3.279397035403418,1.235066026346311,0.6041419030396559
A112_006.tif,8,5925,118.0823628691983,86.74898517889172,41.5128,21186,2.844480806901811,0.7547883467932471,0.3611958989731082
A112_006.tif,9,609,129.4630541871921,102.6470588235294,42.9954,4590,3.0110908180196305,0.6236945198189984,0.26124465394719454
A112_006.tif,10,1759,140.1341671404207,71.21316859555833,38.547599999999996,6394,3.6353538768708598,1.787945255398077,0.9678125534142142
A112_006.tif,11,1797,185.15692821368947,94.96830500689022,42.9954,4354,4.306435762212356,2.0976342396122125,0.9496707684817488
A112_006.tif,12,551,149.89110707803994,112.20047732696898,45.9606,2933,3.261295697737344,0.8200639187232177,0.3359221871924449
A112_006.tif,13,15994,172.28191821933225,81.1639545594105,41.5128,9771,4.150091494137503,2.1949365891477424,1.1226407602157766
A112_006.tif,14,1843,185.0385241454151,105.59958246346555,50.4084,7185,3.670787489956182,1.5759068263660516,0.7522656796669674
A112_006.tif,15,2037,194.80706921944036,113.17668242178708,62.2692,4443,3.1284659059078277,1.3109271804446503,0.7212650613508916
A112_006.tif,16,2070,144.4695652173913,86.19452793035548,44.477999999999994,9649,3.2481128914274517,1.3101991383140843,0.6760874347773068
A112_006.tif,17,1304,122.05291411042944,84.53099415204679,38.547599999999996,4275,3.166290873589187,0.9733918570455421,0.44388357584500604
A112_006.tif,18,8030,212.94097135740972,119.24857142857142,53.373599999999996,8750,3.989631040767597,1.755407165926305,0.7856899147601287
A112_006.tif,19,2164,128.50231053604438,83.47262374069207,42.9954,4566,2.9887455519929325,1.0473140565009087,0.539454551348986
A112_006.tif,20,653,135.41807044410413,87.27154750244858,38.547599999999996,4084,3.5130091214232286,1.2490148006403876,0.5516863664505071
A112_007.tif,1,2327,139.55307262569832,85.76267891853685,37.065,5659,3.765090316688181,1.4512449397719958,0.6272004836973807
A112_007.tif,2,437,71.65446224256293,54.757275541795664,23.7216,3230,3.0206420398437084,0.712312267875866,0.3085834079671108
A112_007.tif,3,1275,128.12235294117647,97.92046317388004,37.065,5268,3.4566937247162968,0.8148358224510476,0.3084328728161936
A112_007.tif,4,517,104.67504835589942,68.08773615113672,28.1694,3123,3.71591330730297,1.2988317888124836,0.5373553927270399
A112_007.tif,5,4469,221.6155739539047,141.08294854881265,75.6126,6064,2.9309344464361144,1.0650688561753114,0.5708175667417437
A112_007.tif,6,1467,206.90797546012269,116.85801393728222,59.303999999999995,3444,3.4889379371582576,1.5184466732034265,0.7705929484944388
A112_007.tif,7,1656,193.04770531400968,109.16155726913674,57.8214,5317,3.3386895730754147,1.4507802998606942,0.7684586967769972
A112_007.tif,8,265,164.67169811320755,99.5528590425532,50.4084,3008,3.26675113831306,1.2918251533025469,0.6541131986604084
A112_007.tif,9,944,158.22245762711864,95.6268115942029,37.065,4416,4.268783423295044,1.6888073928511445,0.6545825902049064
A112_007.tif,10,549,120.03642987249545,82.44652153336489,37.065,4226,3.238538509108595,1.0141618326990136,0.45593079775183937
A112_007.tif,11,3322,128.75105358217942,81.76479514415782,42.9954,6590,2.994530892891661,1.0928205907397863,0.5746514542039101
A112_007.tif,12,1987,132.50226472068445,87.70347107438016,41.5128,6050,3.19184118365338,1.0791561551018656,0.5107984107402436
A112_007.tif,13,1619,233.83508338480544,143.8951848249027,72.64739999999999,4112,3.2187674074036763,1.2380332750727818,0.6250375831762177
A112_007.tif,14,1287,177.60916860916862,96.11830296437313,45.9606,3677,3.864378806423868,1.7730592208775537,0.8478183979852665
A112_007.tif,15,166,159.53614457831324,99.3645933014354,48.925799999999995,2090,3.260777433290932,1.229853191252454,0.6055633024963327
A112_007.tif,16,1487,132.9993275050437,112.91964179104478,59.303999999999995,8375,2.2426704350906688,0.3385890616250681,0.17782278967354237
A112_007.tif,17,650,145.13384615384615,73.57717897538257,48.925799999999995,3006,2.9664072150926932,1.462554872150032,0.972538879109236
A112_007.tif,18,1521,138.91584483892177,87.295523138833,38.547599999999996,3976,3.603748217862702,1.3391319222648739,0.5913283962120209
A112_007.tif,19,256,158.20703125,101.99568965517241,51.891,2088,3.048833732622452,1.083258013605346,0.5511148733770619
A112_008.tif,1,4187,177.08430857415811,99.86859954781221,47.4432,7519,3.7325540548873724,1.6275400691789446,0.7731730430609179
A112_008.tif,2,1360,132.07720588235293,73.86530612244898,29.651999999999997,4655,4.45424274375457,1.9631694233195822,0.7880817505247094
A112_008.tif,3,965,147.00829015544042,88.2996340347667,48.925799999999995,4372,3.0047191895767313,1.1999529105027245,0.6648799483235598
A112_008.tif,4,810,138.25925925925927,91.62364481156428,40.0302,3874,3.453873805894563,1.1650107777639103,0.5089910419795804
A112_008.tif,5,416,127.10576923076923,100.20434487440598,41.5128,2946,3.0618452429166614,0.6480272193126693,0.26846564774607606
A112_008.tif,6,2358,105.4618320610687,90.65358544416696,38.547599999999996,8409,2.7358858147773106,0.38415482709844956,0.1633498172489665
A112_008.tif,7,11435,196.85002186270222,104.15090433645675,51.891,9178,3.7935291635306108,1.7864199477439493,0.8900462085080219
A112_008.tif,8,1010,170.54653465346536,132.97847847847848,72.64739999999999,3996,2.3475930952792456,0.5171287089395573,0.28251230275763645
A112_008.tif,9,918,149.1230936819172,86.1791077257889,35.5824,4595,4.190922861864516,1.7689640366709007,0.7303856771075458
A112_008.tif,10,10914,173.15044896463257,82.6424313583815,40.0302,11072,4.325495473951607,2.260993389581894,1.0951761233017028
A112_008.tif,11,2451,82.12484700122398,62.47422402159244,32.6172,7410,2.517838654944189,0.6024619824389256,0.3145396887153727
A112_008.tif,12,2034,162.94690265486724,90.98695502917954,40.0302,5826,4.070599262910534,1.7976414708822661,0.790882029129355
A112_008.tif,13,769,103.86085825747725,89.31202046035806,42.9954,3910,2.415627212058057,0.3383812638964954,0.16289898851798829
A112_008.tif,14,958,141.97181628392485,85.18825448613377,47.4432,3065,2.992458692794758,1.196874616084546,0.6665656214421928
A112_008.tif,15,1565,157.19488817891374,84.6699449252557,50.4084,5084,3.11842645566472,1.43874717783684,0.8565606521784732
A112_008.tif,16,1234,225.50567260940034,114.02741702741703,51.891,4158,4.345756924436661,2.1483158073750777,0.9776443111519642
A112_008.tif,17,894,134.31767337807605,85.98024459078081,34.099799999999995,3189,3.938957804406081,1.4175282193185872,0.5621922688372565
A112_008.tif,18,358,147.39106145251398,116.79092702169625,51.891,2535,2.8403973988574127,0.5897002259528769,0.2620078049599955
A112_008.tif,19,876,153.17694063926942,93.98940677966101,35.5824,4248,4.3048512915435975,1.6633935272206055,0.6297255816505392
A112_008.tif,20,853,119.8968347010551,82.02477113624126,38.547599999999996,3714,3.1103579644375143,0.9824752657750182,0.4617149555625345
A112_008.tif,21,5704,213.16392005610098,126.35283645858058,53.373599999999996,8426,3.9938081751308308,1.6264798248807575,0.6870529069531984
A112_008.tif,22,678,213.16961651917404,129.27498503889888,57.8214,3342,3.686690679961176,1.450927017778295,0.6489626082613091
A112_009.tif,1,15090,181.15931080185553,91.28958162428219,50.4084,18285,3.593831797198824,1.7828324080856566,0.9844467196443405
A112_009.tif,2,407,101.71990171990171,89.00837404047454,37.065,2866,2.7443653498572256,0.3429523182516567,0.14281271638799709
A112_009.tif,3,6504,132.14790897908978,102.80076495132128,48.925799999999995,20132,2.700986165828253,0.599829619991297,0.2854759304447816
A112_009.tif,4,1754,211.366590649943,93.9708313077297,42.9954,6171,4.916028007665535,2.730426029642916,1.2492787144266113
A112_009.tif,5,1117,161.6177260519248,92.71436373566357,48.925799999999995,3662,3.3033231141624984,1.408323671808698,0.7431789372494504
A112_009.tif,6,487,99.95277207392198,80.61990497624406,40.0302,3999,2.4969341159662615,0.48295704475242063,0.23980265296736125
A112_009.tif,7,3276,136.73443223443223,84.0468177274242,38.547599999999996,6002,3.54715811617223,1.3668195813316482,0.6268841096591263
A112_009.tif,8,651,150.94930875576037,115.87396937573617,48.925799999999995,4245,3.0852701177069703,0.7169088573483748,0.30270249276833616
A112_009.tif,9,2585,120.31025145067699,91.37107032527712,40.0302,16509,3.005487142722797,0.7229337130009476,0.3167214854681072
A112_009.tif,10,683,117.11566617862371,83.83505782105904,35.5824,3286,3.2913931085511314,0.9353109500261805,0.3969772219234391
A112_009.tif,11,734,133.18392370572207,79.85577202675196,32.6172,3439,4.083242082854741,1.6349702507456312,0.6678058494560284
A112_009.tif,12,3065,211.04502446982056,153.3882338339332,87.4734,8057,2.4126765902056375,0.659135127127744,0.37588796214024456
A112_009.tif,13,541,160.48059149722735,97.22348154606219,44.477999999999994,3441,3.608089200529396,1.4222112041221067,0.6506361317115462
A112_009.tif,14,1891,146.3109465891063,77.35673732021196,42.9954,5284,3.4029441883335627,1.6037578264850834,0.8913794925780048
A112_009.tif,15,1024,129.888671875,94.88615525672371,48.925799999999995,6544,2.654809361286927,0.7154204246250871,0.36888960797162335
A112_009.tif,16,1838,222.7627856365615,186.3797195253506,56.3388,3708,3.95398527474887,0.645790576028474,0.19520936184427579
A112_009.tif,17,970,121.33092783505154,109.12651617250674,51.891,5936,2.338188275648372,0.2351932254185286,0.11183727007406472
A112_009.tif,18,929,200.84284176533907,139.87921169739352,75.6126,3146,2.6562086443103,0.8062628458733456,0.4358305235196234
A112_009.tif,19,2128,139.44266917293234,75.15392561983471,41.5128,5808,3.3590282789728003,1.5486486948028355,0.855427617577121
A112_009.tif,20,629,117.42289348171701,74.37401674701853,38.547599999999996,3941,3.0461790993798634,1.1167719059949457,0.5788160786762407
A112_009.tif,21,2745,150.28342440801458,93.77544466403162,41.5128,8096,3.6201707514745545,1.361218220172351,0.6025882355493772
A112_009.tif,22,516,146.60852713178295,87.3625404292855,37.065,3401,3.9554438713672875,1.5984348222450586,0.6781623611743725
A112_009.tif,23,3368,190.09323040380048,105.69946671254085,59.303999999999995,5813,3.205403183119966,1.4230703439401882,0.7984313100915797
A112_009.tif,24,7478,176.37576892217172,105.62410790750785,47.4432,14012,3.717619572140908,1.4912919238110194,0.6698438681245075
A112_009.tif,25,513,184.33333333333334,103.42688745439237,53.373599999999996,3563,3.453642499265497,1.5158513921448518,0.7822573787381478
A112_009.tif,26,6302,210.18089495398286,100.3627721135299,41.5128,7258,5.06303826538688,2.645403895039576,1.094211733263855
A112_010.tif,1,2763,49667.319580166484,21051.2842287695,10668.7896,4039,4.655384672701759,2.682219485457859,1.359348676328051
A112_010.tif,2,578,39018.20242214533,26141.433680277554,13335.987,3747,2.925782877721467,0.9655654839689123,0.49258081631451417
A112_010.tif,3,194,33784.90206185567,26002.01475487863,11049.817799999999,2101,3.0575076144536153,0.704345306668314,0.299318625127454
A112_010.tif,4,488,42831.05122950819,22566.602352076443,9525.705,2721,4.496365489952001,2.127343737540736,0.8979840456823647
A112_010.tif,5,2150,45922.67255813954,22973.35623142807,12573.9306,5721,3.652212980887855,1.8251505481263919,0.9989535745459033
A112_010.tif,6,309,27518.129449838187,20311.455320877336,12573.9306,2462,2.1885065478106185,0.5731440993443306,0.35480835888454776
A112_010.tif,7,1441,48692.67175572519,33676.06046183677,23623.7484,5673,2.0611746675944356,0.6356574341894896,0.44591353881495316
A112_010.tif,8,536,46894.82835820896,25077.337646704786,9525.705,3323,4.922977182073109,2.2903806816903596,0.8700082528243318
A112_010.tif,9,722,35649.67313019391,22060.699527346387,11430.846,2962,3.1187256945078885,1.188798589608821,0.6159810837365561
A112_010.tif,10,480,29067.235416666666,24784.634776987717,9716.2191,3094,2.991620003364966,0.4407682243059485,0.17279256596726503
A112_010.tif,11,614,34686.62866449511,23852.526370939573,11811.8742,2863,2.9365897466522073,0.9172212732799309,0.4542119407003607
A112_010.tif,12,799,27494.818523153943,13798.26182237601,7620.563999999999,3468,3.607976853565939,1.79731535628596,0.99262913525506
A112_010.tif,13,1264,29035.510284810127,21387.951582867783,10668.7896,4833,2.721537435210355,0.7168159640091857,0.357563868251162
A112_010.tif,14,700,37889.87714285714,24964.5581239531,9525.705,2985,3.9776454491103137,1.3568884422612786,0.5177467574119498
A112_010.tif,15,502,50448.28087649403,33119.54220314735,17527.297199999997,2796,2.878269267692069,0.9886714691719151,0.5232179408474643
A112_010.tif,16,791,34948.10113780025,21466.155958109255,9144.6768,3533,3.8216879504983745,1.474294332597545,0.6280558664529617
A112_010.tif,17,1512,49170.62698412698,22653.272099447513,9525.705,4344,5.161888488471495,2.783768223417755,1.1705750395906156
A112_010.tif,18,383,29134.271540469974,29233.275580168778,19051.41,3792,1.5292448979080646,-0.005196677815382289,-0.0033866899187285256
A112_010.tif,19,1453,24307.636613902272,17024.146316507504,9525.705,5864,2.551793973661451,0.7646143038638212,0.4278329240114693
A112_010.tif,20,871,28804.94948335247,22316.623522629,8382.6204,3469,3.436270296018427,0.7740212071055642,0.2907395894428839
A112_010.tif,21,1759,29603.361000568504,22421.518860662047,8382.6204,5196,3.5315163502492832,0.85675383080664,0.3203102423406116
A112_010.tif,22,925,44081.19567567568,22791.17111013986,10668.7896,4576,4.131789765132715,1.9955426401431573,0.9341347341319586
A112_010.tif,23,1261,35883.1919111816,23740.036510659153,10668.7896,4081,3.363379844996471,1.138194289679409,0.5115053380421349
A112_010.tif,24,5398,45927.91867358281,29548.977143408236,11049.817799999999,10369,4.156441264899522,1.4822815929290485,0.5542980879059916
A112_010.tif,25,1996,55779.686873747494,24798.898326210827,9906.733199999999,5616,5.630482394912098,3.1272456744374013,1.2492808406242584
A112_010.tif,26,1041,52865.96157540826,34231.042211328975,16765.2408,3672,3.1533076205727224,1.111521127932035,0.5443865614441182
A112_010.tif,27,418,35880.397129186604,23041.021553198767,8763.648599999999,2923,4.0942304703027075,1.465071930881983,0.5572398578916212
A112_010.tif,28,979,39511.32175689479,26964.55473759202,10668.7896,4211,3.703449335701376,1.1760253496133248,0.4653059225860801
A112_010.tif,29,1164,45638.916666666664,40373.02616172704,19813.466399999998,5466,2.303429180198556,0.26577330784162884,0.13043090908875937
A112_010.tif,30,722,35091.53462603878,20687.04697013627,10287.7614,3449,3.4109981036306567,1.4001576335050412,0.6963046817020235
A112_010.tif,31,92,26895.608695652172,23131.437538844002,11430.846,1609,2.352897475447455,0.3292994373998982,0.16272966824848092
A112_010.tif,32,1208,39820.958609271525,19076.315636363637,11049.817799999999,4125,3.603766082843057,1.8773742109022933,1.0874554273652917
A112_010.tif,33,3494,54496.7985117344,22422.09768413721,11430.846,5743,4.767521013902797,2.8059778626681813,1.4304950981582123
A112_010.tif,34,2632,49879.77469604863,23705.692551892553,10668.7896,4095,4.675298376490795,2.4533319266256357,1.1041264492420586
A112_010.tif,35,826,28805.157384987895,21329.004777545535,8763.648599999999,3349,3.286890962852507,0.8530867619947506,0.3505157734930745
A112_010.tif,36,693,38340.468975468975,21993.138220178524,9906.733199999999,3697,3.870142477989644,1.6501232470128449,0.7432923210696906
A112_010.tif,37,432,27833.337962962964,19453.390219888413,13335.987,3047,2.087084965135471,0.6283710191880261,0.43077055712905504
A112_010.tif,38,912,51778.73684210526,28811.740250696377,12954.958799999999,2872,3.9968275964000206,1.7728343984691912,0.7971402071364224
A112_010.tif,39,392,32391.178571428572,28298.716602044413,11811.8742,2837,2.7422556338604713,0.34647016215095605,0.14461652190569863
A112_010.tif,40,1036,29444.112934362933,20043.677510973404,9525.705,3873,3.0910166685124114,0.9868493117705891,0.46899753891162627
A112_010.tif,41,2865,35916.759162303664,20245.66235600956,10668.7896,9202,3.366526148596088,1.4688729831432248,0.7740471282548421
A112_010.tif,42,3688,38737.175162689804,26422.580557134737,12573.9306,8795,3.080753059242986,0.9793751053107668,0.46606328170414707
A112_010.tif,43,1226,38036.628874388254,19049.22429906542,10478.2755,3852,3.63004664979003,1.8120734251838209,0.9967547379997207
A112_010.tif,44,344,39086.41279069767,25599.821326676178,12954.958799999999,2804,3.0171005090859495,1.0410370015233923,0.5268236559902308
A112_010.tif,45,735,32413.819047619047,20988.060261080755,9144.6768,6588,3.5445560030709453,1.2494436967445146,0.5443932714315778
A112_010.tif,46,639,31699.884194053207,20404.419291819293,11811.8742,4095,2.683730257982799,0.9562804946080742,0.5535793369408484
A112_010.tif,47,1046,52082.79445506692,29885.20793269231,12954.958799999999,3328,4.020297961505421,1.7134432355244138,0.7427616556110553
A113 - Site 15.tif,1,4593,143.29261920313522,117.56180941787171,42.9954,13485,3.33274301831842,0.5984549458611609,0.21887048107276927
A113 - Site 15.tif,2,3533,132.25247664874044,128.9386045201718,23.7216,14203,5.575192086241591,0.1396985079915209,0.02570116328343849
A113 - Site 15.tif,3,5087,146.8604285433458,126.7576952568737,31.1346,9129,4.71695247397353,0.6456718017901425,0.15859181759456972
A124 - Site 12.tif,1,6505,84.72298232129131,75.68186793141189,13.343399999999999,10964,6.349429849798178,0.6775720118638207,0.11946209357409736
A124 - Site 12.tif,2,27483,110.03231088309137,86.31032899770467,20.7564,19605,5.301126921338965,1.1428755407468512,0.2748452260362616
A124 - Site 22.tif,1,27735,109.60713899405084,101.70889073801446,20.7564,15623,5.280643027752617,0.38052110444157805,0.07765543599924248
A124 - Site 22.tif,2,3899,99.38599640933573,68.14902912621359,13.343399999999999,10300,7.448326238803639,2.3410050856387494,0.45836261615241686
A125 - Site 10.tif,1,39829,90.88807150568681,65.5030181534692,17.7912,44895,5.108597028564731,1.4268319921056078,0.38754020904604314
A125 - Site 10.tif,2,1,55.0,59.177083333333336,11.8608,864,4.63712396749197,-0.35217551344020476,-0.07058616439574679
A125 - Site 19.tif,1,11719,131.66925505589214,83.59645434399681,20.7564,17599,6.343549699969968,2.316047131907983,0.5750578907130041
A125 - Site 19.tif,2,6449,138.69142502713598,83.20842815002106,23.7216,11865,5.846630285000576,2.3389230428691863,0.6667953968606835
A125 - Site 19.tif,3,11480,132.90766550522648,97.91295483061481,22.238999999999997,6376,5.976332813771445,1.5735739313312618,0.3574063384316912
A125 - Site 29.tif,1,32837,106.56701282090324,84.77788654747798,26.686799999999998,19409,3.9932480769882774,0.8164757957214994,0.25701426584457976
A125 - Site 37.tif,1,12276,83.52818507657217,64.77458168828727,29.651999999999997,10638,2.816949448549935,0.6324566094010635,0.2895210265600337
A125 - Site 37.tif,2,2621,86.67264402899657,77.64255635372801,25.2042,8074,3.4388174984569395,0.35827709951856396,0.11630332768753496
A125 - Site 37.tif,3,4832,97.67570364238411,74.92283031829632,16.3086,8734,5.989214499251436,1.3951457090207824,0.30368411369924775
A125 - Site 4.tif,1,5736,105.10634588563458,74.43686262747451,10.3782,6668,10.127608427700226,2.9551832908026667,0.4120200955745255
A125 - Site 4.tif,2,3173,112.81720768988339,83.41893252769385,23.7216,5958,4.755885254043763,1.2393040583180095,0.35241730225816026
A125 - Site 4.tif,3,8288,77.62270752895753,71.52708524289642,22.238999999999997,21820,3.490386595352924,0.2740960602239379,0.08522117551007405
A125 - Site 4.tif,4,15597,89.71597102006797,68.49943511628813,19.273799999999998,25669,4.654814876854581,1.1007967236752418,0.30973300531112763
A126 - Site 19.tif,1,80516,98.65549704406578,90.78385761415453,14.825999999999999,47589,6.654222108291081,0.5309348053825649,0.0867074790157064
A126 - Site 4.tif,1,10050,117.04457711442787,89.94416863973116,19.273799999999998,13093,6.072729666889797,1.4060750065184842,0.3013025622620807
A126 - Site 4.tif,2,10972,97.32746992344148,69.474393042638,23.7216,16558,4.102904942432738,1.174165185698344,0.40091141004571734
A126 - Site 4.tif,3,37094,121.62104383458241,80.86666666666666,17.7912,14490,6.836022514851285,2.2907042327110427,0.5039700391122348
A126 - Site 47.tif,1,15187,103.94798182656218,82.51131386861314,23.7216,10960,4.381997073668817,0.9036771528443389,0.2598027706780392
A126 - Site 47.tif,2,3424,83.37908878504673,69.38893860748165,14.825999999999999,5587,5.623842488116034,0.9436227012092849,0.20161931362991692
A126 - Site 48.tif,1,867,93.17647058823529,84.87959274015051,35.5824,4518,2.618611183114382,0.23317364331110435,0.09774879425384689
A126 - Site 48.tif,2,694,119.94092219020173,88.73710010319917,19.273799999999998,3876,6.223003358339907,1.6189761267011593,0.35164347321691625
A126 - Site 48.tif,3,423,89.20803782505911,68.65578635014836,14.825999999999999,3033,6.016999714345684,1.3862303696916527,0.2993520657836412
A126 - Site 48.tif,4,963,113.42471443406023,78.36549935149156,20.7564,3855,5.464565838941945,1.6890797568787397,0.44738073984374566
A126 - Site 48.tif,5,1105,101.68506787330317,93.95381582652774,23.7216,3551,4.286602414273791,0.3259161289085164,0.08228779191073192
A126 - Site 48.tif,6,802,109.45885286783043,87.33452722063038,28.1694,4188,3.8857360408447845,0.7854028001784215,0.25332850991194816
A126 - Site 48.tif,7,4438,131.77647589004056,89.98814862267777,26.686799999999998,9366,4.937889737273172,1.5658800325143514,0.46437589729663603
A13 - Site 8.tif,1,458,30470.211790393012,17672.07768924303,9906.733199999999,3012,3.075707316955125,1.2918621954144343,0.7242008736150446
A13 - Site 8.tif,2,2376,36551.00294612795,21236.771345348625,8382.6204,5493,4.360331400200866,1.826902671241209,0.7211186367143471
A13 - Site 8.tif,3,1198,28703.553422370616,21576.677254098362,8382.6204,3904,3.424174309782222,0.8501966960431313,0.3303046193970966
A13 - Site 8.tif,4,844,39074.65758293839,16510.962335867313,7239.5358,2894,5.397398212035144,3.1167323251637087,1.3665887419560967
A13 - Site 8.tif,5,263,31437.0608365019,18787.03109729009,5715.423,2251,5.5003909310731505,2.2133146994001454,0.6733384148722551
A13 - Site 8.tif,6,1613,43383.44823310601,27033.07839177529,11049.817799999999,5447,3.926168649863779,1.4796958770954511,0.6048282627811716
A13 - Site 8.tif,7,799,30328.894868585732,26091.442759666414,9525.705,3957,3.183900285443848,0.44484393637162495,0.16240773451854418
A13 - Site 8.tif,8,1904,47917.13707983193,33763.507638315445,17527.297199999997,4844,2.7338577381916362,0.8075192244419986,0.4191990237842025
A13 - Site 8.tif,9,700,44186.74428571429,26478.474685816876,10287.7614,2785,4.295078644190887,1.721294741524643,0.668779822478827
A13 - Site 8.tif,10,660,41750.42878787879,19735.226287744226,7239.5358,2815,5.767003567800731,3.0409688008040727,1.1155282528376715
A13 - Site 8.tif,11,1103,32847.76881233001,19699.762862891635,8001.592199999999,3479,4.105154073246692,1.6431737110299054,0.6674195035209559
A13 - Site 8.tif,12,3259,29363.294875728752,19740.18032128514,8382.6204,7470,3.5028777965054605,1.1479840545364706,0.48748868540286183
A13 - Site 8.tif,13,6322,34594.46061372983,22566.425870646766,9490.122599999999,16080,3.6453122969869094,1.2674266972136263,0.5330057498703495
A13 - Site 8.tif,14,938,41713.810234541575,21096.686416640405,6498.2357999999995,3173,6.419251550471189,3.1727263294861423,0.9772683449297164
A13 - Site 8.tif,15,10561,29118.742638007763,16853.771685921285,7298.8398,10214,3.989502912225566,1.6804000756489648,0.7277285571825257
A13 - Site 8.tif,16,12992,39144.984067118225,22230.269280405857,9109.0944,22471,4.297351893408334,1.856904105274592,0.760886634945699
A13 - Site 8.tif,17,1179,28679.809160305344,20679.488607594936,8062.3787999999995,4345,3.5572391066852096,0.9923027373385737,0.38687226287444404
A13 - Site 8.tif,18,468,30950.970085470086,17067.66618392469,8370.7596,2762,3.6975103293413314,1.6585476784602449,0.8134271992390707
A13 - Site 8.tif,19,1925,37668.72363636363,17256.367788977055,7239.5358,4663,5.203195988935037,2.8195669461788397,1.1828883167646473
A13 - Site 8.tif,20,2622,28656.689931350113,19761.59497734139,7620.563999999999,5296,3.7604421314895475,1.1672489009995917,0.4501202946524976
A13 - Site 8.tif,21,856,33445.727803738315,21263.969951923078,7239.5358,3328,4.619871871300384,1.6826711253777364,0.5728825745781215
A13 - Site 8.tif,22,14745,37229.62387249915,20174.10475208387,7620.563999999999,11637,4.885415813376844,2.2380914484010503,0.845416405337396
A13 - Site 8.tif,23,595,28585.749579831932,20822.786896551723,7559.036099999999,2900,3.781665969262155,1.0269778554530173,0.372810936491985
A13 - Site 8.tif,24,20860,35070.9730105465,20722.513462708022,8430.0636,18087,4.160226384354312,1.7020582795865804,0.6924092279468348
A13 - Site 8.tif,25,1588,47580.20277078086,19520.00269080235,7267.705199999999,4088,6.546798674596129,3.8609436276996902,1.4375100518395854
A13 - Site 8.tif,26,7981,31905.054504448064,17428.082393162393,7175.784,8775,4.446211661945734,2.0174760153406925,0.8306692488989583
A13 - Site 8.tif,27,1058,41815.08223062382,16634.260195290062,7983.8009999999995,3482,5.237490542483642,3.1539891882703763,1.5137927229519041
A13 - Site 8.tif,28,3333,31581.019501950195,21127.37231362087,7730.2764,6747,4.085367439372458,1.352299277205121,0.49479163963920336
A13 - Site 8.tif,29,3293,26267.186152444578,19701.194944404448,7633.907399999999,12501,3.4408573193342864,0.8601088360112319,0.33327883037377265
A13 - Site 8.tif,30,3380,23880.69852071006,18694.810674846627,7620.563999999999,8150,3.133717992615602,0.6805123408000546,0.27739718449452566
A13 - Site 8.tif,31,1746,40699.46792668958,18312.771671648654,8001.592199999999,4349,5.086421165857305,2.7977802036715826,1.2224635711309164
A13 - Site 8.tif,32,6188,44885.62007110537,29254.845179005173,16003.184399999998,9469,2.8047930305094355,0.9767290372590113,0.5342969616298747
A139 - Site 18.tif,1,327572,101.78089397140171,82.73771823950479,19.273799999999998,83681,5.280790187643008,0.9880343119684017,0.230163172671382
A139 - Site 18.tif,2,1,87.0,71.97021764032073,8.8956,873,9.7801160014163,1.6895748845253298,0.20883335983092302
A139 - Site 20.tif,1,31218,147.0002882952143,114.66513486052096,35.5824,43304,4.131264002818855,0.9087400913262152,0.28199638426454515
A139 - Site 20.tif,2,2484,149.55072463768116,131.9704332552693,20.0151,6832,7.471894947462776,0.8783514133643263,0.13321386425302015
A139 - Site 20.tif,3,39616,113.35402362681745,101.59623893805309,22.238999999999997,19888,5.0970827634267115,0.5287011413947277,0.11573051139005454
A139 - Site 20.tif,4,32520,107.84870848708488,96.59618889152999,22.238999999999997,25242,4.849530484220945,0.5059813656412192,0.11649030591699315
A139 - Site 5.tif,1,206691,141.74029831971396,118.94798305851391,47.4432,121595,2.987578795061003,0.4804126883598897,0.19161581956435272
A139 - Site 5.tif,2,46095,196.9577828397874,149.4955789922233,84.5082,18774,2.330635166959905,0.5616283844875151,0.31748232398804405
A139 - Site 5.tif,3,1,69.0,72.04772727272727,13.343399999999999,880,5.1710958187785,-0.22840709792430722,-0.04230150467852349
A139 - Site 5.tif,4,4,79.75,74.63920750782064,13.343399999999999,959,5.976737558660658,0.3830202563326554,0.06847329523105024
A139 - Site 5.tif,5,1,76.0,100.67232375979113,19.273799999999998,766,3.9431767456634517,-1.2800964909353716,-0.24507553651199798
A140 - Site 11.tif,1,121532,90.51399631372807,73.72200666035258,17.7912,65462,5.087571173549415,0.9438368206718561,0.22777445177883937
A140 - Site 11.tif,2,5350,95.92168224299066,77.99463171036204,16.3086,8010,5.881662569697831,1.0992390837739734,0.22984980039271605
A140 - Site 11.tif,3,15340,145.329074315515,109.16418950301905,57.8214,12918,2.5134132741576796,0.6254584774191105,0.3312889050322027
A30_Site1.tif,1,4001,37595.16245938515,25697.378573284823,12192.902399999999,15392,3.0833645038735256,0.9757958766315206,0.4629960154171025
A30_Site1.tif,2,670,25301.458208955224,20428.061267605633,6096.4511999999995,4260,4.1501944949405525,0.7993825885691658,0.23856384986838322
A30_Site1.tif,3,4817,44733.04546398173,32690.71567919075,13717.0152,8304,3.261135517583236,0.877911820406979,0.3683715554888519
A30_Site1.tif,4,1063,25529.553151458138,22438.38167285184,9906.733199999999,3503,2.576990076954164,0.3120273268894713,0.13776267485212287
A30_Site1.tif,5,3510,35390.65726495726,23145.252307362094,8763.648599999999,9318,4.038347368802177,1.3972952952017264,0.5290676807050763
A30_Site1.tif,6,3862,32851.94665976178,24116.828440772977,8763.648599999999,6779,3.74866087849806,0.996744463142764,0.36220012264204704
A30_Site1.tif,7,1344,23771.926339285714,15661.459687906372,6477.479399999999,7690,3.669934687750457,1.2521022685717567,0.5178614773460093
A30_Site1.tif,8,1069,23326.65668849392,15684.452936839518,7620.563999999999,4069,3.061014471955529,1.0028396522415368,0.4872470708684765
A30_Site1.tif,9,864,24672.89236111111,12263.523173605656,7239.5358,3819,3.4080765732351277,1.714111170979818,1.0118926683486502
A30_Site1.tif,10,1273,29932.121759622936,21124.53138412017,8001.592199999999,3728,3.7407707130570254,1.1007297242031102,0.41693660395796883
A30_Site1.tif,11,2986,21643.34192900201,13746.76688786796,4953.366599999999,5877,4.369420573263913,1.594183447095983,0.5744314358089051
A30_Site1.tif,12,1390,22997.61726618705,14842.278993178075,5715.423,4251,4.0237821883256615,1.4269002089599856,0.5494667144278788
A30_Site1.tif,13,495,39589.42222222222,26657.927993527508,11811.8742,3708,3.351663042786953,1.0947876695709955,0.48508999768585187
A30_Site1.tif,14,4728,22748.576776649745,18861.591537622684,9144.6768,22925,2.48763048428621,0.4250544140633609,0.2060793879069929
A30_Site1.tif,15,16765,41387.255472711004,24697.881625441696,11430.846,10188,3.6206642511564584,1.4600296292378279,0.6757411060740752
A30_Site1.tif,16,4186,25584.45437171524,18021.77215836526,8001.592199999999,11745,3.197420429859356,0.9451471687523053,0.41964142853927794
A30_Site1.tif,17,3862,25058.23200414293,19374.89700996678,8382.6204,5117,2.9893077353369164,0.6779902611562098,0.2933349783098002
A30_Site1.tif,18,857,28946.836639439905,25286.944201312912,10668.7896,3656,2.7132259351532033,0.34304664121631595,0.14473446886221714
A30_Site1.tif,19,4922,30939.938642828118,16915.996299181923,7620.563999999999,10268,4.0600588936445545,1.840276171636088,0.8290343705215942
A30_Site1.tif,20,652,32509.317484662577,25362.35731559855,11811.8742,3308,2.752257341568627,0.6050657201426998,0.28179400203724875
A30_Site1.tif,21,1581,30627.865275142314,20895.078477078478,9525.705,3861,3.215285931604029,1.0217392621389827,0.4657932636499006
A30_Site1.tif,22,34996,31467.974168476398,21610.93650221444,13335.987,19418,2.35962843758417,0.7391307194776483,0.4561133972721339
A30_Site1.tif,23,6368,25542.240420854272,14448.612960997612,5334.3948,15076,4.788217103992076,2.079641248119817,0.7677987838552369
A30_Site1.tif,24,4077,31357.214863870493,19670.03826648225,9906.733199999999,15183,3.1652426920953967,1.179720535663204,0.5941613554101343
A30_Site1.tif,25,8048,33709.215954274354,23391.667010110115,11049.817799999999,15529,3.050658080013215,0.9337302325613823,0.44107796762413204
A30_Site1.tif,26,2136,31462.40683520599,20062.936572438164,11430.846,5660,2.752412799120771,0.997255169281246,0.5681855306477109
A30_Site1.tif,27,4455,38421.70190796858,29541.358145210495,10668.7896,6556,3.6013178015932157,0.8323665660019913,0.3006071595998993
A30_Site1.tif,28,5070,15529.237672583826,11363.043376043259,4572.3384,8507,3.3963447833497766,0.9111736560293646,0.3666442306574752
A30_Site2.tif,1,3363,31544.896818316978,21215.71462136273,9906.733199999999,5533,3.1841875804513577,1.042642613706789,0.4868646840935831
A30_Site2.tif,2,2821,48734.25132931585,29437.06857261239,11430.846,4827,4.263398468431227,1.688167503672657,0.6555402318371669
A30_Site2.tif,3,4240,38375.79764150943,27343.87266659714,10287.7614,9589,3.730237915653072,1.072334840007231,0.40345144630463
A30_Site2.tif,4,1229,31487.832384052075,26822.82846985632,14479.0716,6751,2.1747134936490213,0.32218943610946266,0.17391916439523078
A30_Site2.tif,5,1234,36193.055915721234,31942.92345276873,8001.592199999999,5526,4.523231753259808,0.5311608435815054,0.133053960112182
A30_Site2.tif,6,18121,38938.52795099608,31273.784694817154,18289.3536,30408,2.1290270177167328,0.4190822389794431,0.24508524730768247
A30_Site2.tif,7,928,24747.050646551725,19422.987193889014,7620.563999999999,4451,3.2474040827580812,0.6986442804831408,0.27411146388105845
A30_Site2.tif,8,644,33581.99844720497,23292.191040843216,8382.6204,3036,4.006145673394075,1.2275168044528746,0.4417706942345612
A30_Site2.tif,9,1703,20402.44979448033,15148.249685798073,6477.479399999999,4774,3.1497513978120617,0.8111488719939651,0.34685196096317017
A30_Site2.tif,10,1071,20572.95798319328,16461.12483631602,7620.563999999999,4582,2.6996634347754687,0.5395707124658836,0.2497905330140844
A30_Site2.tif,11,7106,24864.261750633268,19582.175018619004,8763.648599999999,28197,2.8372043295534346,0.6027268975627614,0.2697395323547709
A30_Site2.tif,12,2972,56568.53633916555,32377.07644157815,14098.043399999999,5272,4.012509731607538,1.7159444903943366,0.7471786386035035
A30_Site2.tif,13,5490,30604.908196721313,21205.13546701502,8001.592199999999,7655,3.824852283359688,1.174737789023358,0.443278126863343
A30_Site2.tif,14,3725,31948.032214765102,16365.963529003126,7239.5358,5758,4.412994575525267,2.152357432328804,0.9521021269623703
A30_Site2.tif,15,15198,24971.258389261744,18766.719514438108,9144.6768,10874,2.730687911160998,0.6784864036766014,0.3306139290911707
A30_Site2.tif,16,12387,49594.25704367482,39291.3400859423,18670.3818,9774,2.6563065273602633,0.5518321514842832,0.26221851774956617
A30_Site2.tif,17,1425,48793.20842105263,30682.27923480407,14479.0716,3241,3.3699127795610133,1.2508349766179794,0.5902732664559921
A30_Site2.tif,18,743,32424.890982503366,31602.699636657246,14098.043399999999,2477,2.2999568140413276,0.058319535733982575,0.0260164908472619
A30_Site2.tif,19,2159,30290.169986104676,22466.519873624133,11049.817799999999,9812,2.741237053345555,0.7080343091696465,0.3482359598409403
A30_Site2.tif,20,6120,36074.06535947712,23363.653760238274,10668.7896,8058,3.3812706700527024,1.1913639762121593,0.5440249941070766
A30_Site3.tif,1,4803,27043.859046429316,21371.02258678079,11430.846,21030,2.365866799920641,0.49627441920253,0.2654452512326129
A30_Site3.tif,2,3964,27673.272452068617,18756.490521698262,8763.648599999999,6383,3.1577341487696167,1.0174736958713955,0.47539713892907143
A30_Site3.tif,3,1886,32479.56733828208,21652.746808128035,11811.8742,5561,2.7497386772248706,0.9166047950413218,0.5000206498551425
A30_Site3.tif,4,589,19132.319185059423,14490.55088572421,5334.3948,2879,3.5865960249180575,0.8701583728535639,0.3203306993597451
A30_Site3.tif,5,6151,27177.948463664445,15375.717976031958,6477.479399999999,11265,4.19575992223495,1.8220406054265905,0.7675889025814868
A30_Site3.tif,6,1704,29886.656690140844,18782.05604423222,8001.592199999999,3979,3.7350887102323833,1.3877988740659324,0.5912345602500116
A30_Site3.tif,7,4749,32102.866287639503,24992.393070673003,13717.0152,6523,2.3403682083560056,0.5183688370456363,0.28450549720696205
A30_Site3.tif,8,1291,26797.475600309837,16697.16617502458,6477.479399999999,4068,4.137022126271598,1.5592962634925038,0.6049115951416432
A30_Site3.tif,9,600,19930.35,18970.281167108755,8382.6204,3770,2.377579927152161,0.11453087305374086,0.05060909874943414
A30_Site3.tif,10,3594,38238.93989983306,26438.31487179487,9906.733199999999,8775,3.8598939860209884,1.1911721845932295,0.4463455816022131
A30_Site3.tif,11,939,33427.79020234292,19060.11986912552,9144.6768,3362,3.6554370300223584,1.5711512443175344,0.7538079734998567
A30_Site3.tif,12,26919,37550.3073293956,29203.351089960084,14860.0998,52112,2.52692161121087,0.5617025694154419,0.2858218638580242
A30_Site3.tif,13,8939,30443.67546705448,19742.553857463437,11430.846,25846,2.6632915417658367,0.9361618212319264,0.5420332995845009
A30_Site3.tif,14,3478,34361.59459459459,26619.891121985318,10668.7896,5722,3.2207584817833865,0.7256402799997123,0.2908240096524102
A30_Site3.tif,15,1344,47173.07663690476,29728.078856840435,13335.987,3779,3.5372767412617745,1.3081144860182639,0.5868188746426297
A30_Site3.tif,16,1753,42290.794067313174,31001.92197204969,14479.0716,5152,2.9208222209001278,0.7796682278479572,0.36413458834705525
A30_Site3.tif,17,2437,26644.583093967995,19822.547785547784,7620.563999999999,5577,3.4964056589424395,0.895213964269739,0.34415532161766693
A30_Site3.tif,18,15408,31272.319768951194,18832.600066850504,8763.648599999999,11967,3.5684132484403257,1.4194681085326146,0.6605418082440306
A30_Site3.tif,19,3781,39231.481618619415,28586.837663412214,12954.958799999999,12086,3.0282984472778973,0.8216655968986165,0.3723617169739403
A30_Site3.tif,20,4739,33351.48491242878,27807.613731993464,13335.987,20201,2.500863634045517,0.4157076023267838,0.19936522543302365
A30_Site3.tif,21,1665,38785.23603603603,29263.55293978469,11811.8742,8453,3.283580182051312,0.8061111162395617,0.3253768643828299
A30_Site3.tif,22,273,40203.08424908425,29713.735294117647,17717.811299999998,2176,2.2690773464249254,0.5920228394666717,0.35301347511969056
A30_Site3.tif,23,9748,20397.51631103816,14127.989939846504,5334.3948,9642,3.8237732818350687,1.1753022800599433,0.4437663388692458
A30_Site3.tif,24,931,25337.549946294308,17145.331857375902,8382.6204,4291,3.0226288126161696,0.9772860630678961,0.47781041259865403
A30_Site3.tif,25,5665,37957.10803177405,25753.78378725591,11049.817799999999,7784,3.4350890411731223,1.1043914447627448,0.4738458762145908
A30_Site3.tif,26,442,23341.06561085973,21064.59535538353,8763.648599999999,2842,2.663395884087947,0.25976284072750244,0.1080709226580663
A30_Site3.tif,27,571,22437.31523642732,16615.97839297772,7239.5358,2962,3.0992754033202417,0.8041036061236909,0.35034571577839335
A30_Site3.tif,28,603,21074.0,16850.864864864863,6096.4511999999995,3108,3.4567651423118804,0.6927202394613131,0.2506183017310962
A30_Site3.tif,29,3070,36040.35732899023,32232.351880877744,13717.0152,8932,2.6274197996779907,0.27761181223373627,0.11814233916856837
A30_Site3.tif,30,15317,43335.51550564732,31609.638951410037,14098.043399999999,22659,3.073867364149027,0.8317378675560729,0.3709588892254813
A30_Site3.tif,31,3422,42228.73495032145,34768.27502500227,20194.494599999998,10999,2.0911013514693524,0.3694303855128656,0.21457664839432294
A30_Site3.tif,32,3559,37947.75779713403,25322.50152175701,11430.846,12157,3.3197680904021305,1.1044901029517826,0.49857855727738637
A30_Site3.tif,33,1588,26154.443324937027,18807.5913427973,9144.6768,4297,2.8600730126305205,0.8034020384549505,0.3906322637613789
A30_Site3.tif,34,1355,34638.85830258302,20095.433654360622,9525.705,3738,3.6363563959356977,1.5267557255034805,0.7237178803085597
A30_Site3.tif,35,53454,44755.88603285068,28450.539134693183,14098.043399999999,46966,3.174616843130085,1.1565680737048893,0.5731120532007312
A30_Site4.tif,1,1982,43505.87285570131,34502.25,14479.0716,6328,3.0047418824609764,0.6218370282591248,0.2609575565564188
A30_Site4.tif,2,2647,45472.300340007554,29071.698990283865,12192.902399999999,5249,3.729407391957001,1.3450941221107648,0.5641432017853287
A30_Site4.tif,3,1828,56787.299234135666,38950.17117272258,16003.184399999998,5807,3.548499961926339,1.114598670837158,0.4579473600336867
A30_Site4.tif,4,48292,28949.231011347634,24504.725857114216,12954.958799999999,44889,2.2346061811732887,0.34307366181897764,0.181373388143466
A30_Site4.tif,5,2881,47918.32349878515,29887.984510638296,14479.0716,5875,3.309488675969532,1.2452689983337328,0.6032637959151483
A30_Site4.tif,6,3459,32069.20150332466,23698.195610687024,9906.733199999999,6288,3.2371116548583636,0.8449814609551802,0.35323389299981495
A30_Site4.tif,7,685,35335.06131386862,25455.56936327284,8001.592199999999,3251,4.416003769077917,1.2346907594945205,0.38810728644891257
A30_Site4.tif,8,8496,25108.016713747646,17573.681359453843,8382.6204,13476,2.99524677435205,0.8988043111536833,0.42872834667827775
A30_Site4.tif,9,7636,47172.82792037716,30679.36149642707,14860.0998,9516,3.174462389569242,1.109916262065682,0.5376078777214952
A30_Site4.tif,10,2686,42415.33358153388,30443.490176220377,12573.9306,4937,3.373275623256593,0.9521162304891345,0.39324805848512273
A30_Site4.tif,11,1450,39192.14551724138,34714.131093544136,12954.958799999999,6072,3.025262073177039,0.3456602597372818,0.12899687483546832
A30_Site4.tif,12,469,31718.402985074626,19618.630798792205,8382.6204,3643,3.7838290977647975,1.443435537921768,0.6167490642120224
A30_Site4.tif,13,600,35345.638333333336,25819.826671035386,8001.592199999999,3052,4.4173256334269535,1.1904895206089166,0.36893398951358153
A30_Site4.tif,14,1045,28106.700478468898,17799.604172238567,8001.592199999999,3739,3.5126384569353304,1.2881306680709685,0.5790632312093864
A30_Site4.tif,15,1098,32523.60746812386,18071.878028169012,7239.5358,3550,4.49249901742028,1.9962232164022018,0.7996805543630076
A30_Site4.tif,16,799,31769.252816020024,17853.542046936116,7620.563999999999,3068,4.168884719815796,1.826073604140802,0.7794369729262892
A30_Site4.tif,17,1929,24887.83203732504,17393.54685026907,6858.5076,6318,3.628753292813841,1.0926991153359722,0.43086584073769435
A30_Site4.tif,18,2333,38886.3141877411,21339.666082767682,7239.5358,4567,5.371382262891412,2.423725579884443,0.8222550454589614
A30_Site4.tif,19,797,41789.425345043914,27583.631827731093,8763.648599999999,3808,4.76849623397682,1.6209907728724553,0.5150080890735328
A30_Site4.tif,20,2205,20822.01179138322,15512.303463048911,6096.4511999999995,5602,3.41543155325332,0.8709506816565018,0.34229012738042913
A30_Site4.tif,21,578,28998.759515570935,25109.177593569453,9144.6768,3981,3.1711081922041493,0.4253383697494075,0.1549067828886625
A30_Site4.tif,22,1610,31111.845341614906,23517.301767933346,9525.705,4921,3.2660937265622065,0.797268398892637,0.3229343080520297
A30_Site4.tif,23,1977,48975.33434496712,23966.157770800626,10287.7614,3822,4.760543371944796,2.430963899895869,1.0435204847322754
A30_Site4.tif,24,660,34749.51515151515,26216.835656213705,11240.3319,3444,3.0915025873465742,0.7591127709755489,0.32546565143058537
A30_Site4.tif,25,4721,25254.700275365387,19184.620139242656,8382.6204,11778,3.0127453075812975,0.7241268059943988,0.3164034571475854
A30_Site4.tif,26,8575,24535.81247813411,16302.3285077951,7239.5358,9878,3.389141673710657,1.1372944616597707,0.5050495680047821
A30_Site4.tif,27,820,42469.876829268294,29904.972598522167,10287.7614,3248,4.12819418899305,1.221344833165932,0.420161034735837
A30_Site4.tif,28,3752,29986.9408315565,22304.61715727502,12192.902399999999,5945,2.45937676262642,0.6300652151759355,0.34442750665067207
A30_Site4.tif,29,1014,36847.31163708087,26598.423399162177,11430.846,3342,3.2234982115102095,0.8965992751463652,0.3853193884505828
A30_Site4.tif,30,6097,35873.144989339016,25997.45495529341,12192.902399999999,13309,2.9421333668109733,0.8099539970103842,0.37987141629919396
A30_Site4.tif,31,2526,25679.75336500396,18518.444826795137,9144.6768,4359,2.808164129428377,0.7831122624476996,0.3867121999274446
A30_Site4.tif,32,3819,47681.13799423933,28203.69908530894,10668.7896,5357,4.4692172010023175,1.8256465484062159,0.6905987349393156
A30_Site5.tif,1,6467,44883.00139168084,37485.65694607268,15050.613899999998,20472,2.982137585208469,0.491497854821938,0.1973379966702489
A30_Site5.tif,2,2089,37548.57348013404,24006.911864956986,8763.648599999999,6161,4.284582277761706,1.545208192756793,0.5640734506522783
A30_Site5.tif,3,742,36021.56334231806,24003.967217217218,10668.7896,3996,3.376349585362926,1.1264254499019812,0.5006504140063993
A30_Site5.tif,4,8778,29240.147186147187,21569.87401205626,8001.592199999999,14930,3.654291102977061,0.958593362716153,0.3556012042444081
A30_Site5.tif,5,2504,52140.20926517572,29963.977466504264,12954.958799999999,4926,4.024729840525272,1.7117948533077805,0.7400963981986078
A30_Site5.tif,6,6344,34425.968316519546,24541.159380692166,9906.733199999999,13176,3.4750071109702234,0.9977869330141446,0.40278492073199507
A30_Site5.tif,7,180,37417.77222222222,25438.258302583024,8382.6204,2168,4.46373215494496,1.4290893954383173,0.47092508367281094
A30_Site5.tif,8,1202,33073.034941763726,25792.66753039665,11049.817799999999,5017,2.9930841883866894,0.6588676431714997,0.28226500429954915
A30_Site5.tif,9,13905,47828.65185185185,31878.280556834492,15622.1562,36923,3.061590937864341,1.0210095898930487,0.5003523093591916
A30_Site5.tif,10,555,20125.64684684685,13981.146486906922,5715.423,3857,3.5212873739724317,1.0750735964650693,0.439484727929125
A30_Site5.tif,11,9703,28425.026383592703,21048.0432232841,8382.6204,13812,3.390947582877401,0.8800330694086782,0.3504830868146647
A30_Site5.tif,12,1161,33643.75710594315,18555.72415684124,9906.733199999999,3647,3.3960495782715934,1.5230079022504293,0.8131201359517424
A30_Site5.tif,13,1056,41055.75,34844.358065333,12573.9306,3949,3.26514844928183,0.49398967850689907,0.17826105227764247
A30_Site5.tif,14,2555,27507.046966731898,17981.87749771451,8001.592199999999,7657,3.4376966832548055,1.1904092624222318,0.5297093960418057
A30_Site5.tif,15,1169,25675.15739948674,16549.21349897541,5715.423,7808,4.492258473159698,1.5967223949120413,0.5514427559394783
A30_Site5.tif,16,399,30412.310776942355,19108.2508361204,7620.563999999999,2691,3.9908215162161818,1.4833626409813132,0.5915800476853658
A31_Site1.tif,1,914,25431.90590809628,14725.48174386921,7541.986199999999,3670,3.3720435484305926,1.419576207155202,0.7270678372663291
A31_Site1.tif,2,4324,22052.227335800184,16819.12940833576,8407.8246,6862,2.6228220003274036,0.6224080753847075,0.31113964346262335
A31_Site1.tif,3,2200,20354.85409090909,18632.6716583472,8393.739899999999,7212,2.42500414992426,0.20517462455083213,0.09242809963805972
A31_Site1.tif,4,487,22302.199178644765,21698.36535330511,8741.409599999999,3071,2.5513275546107863,0.06907739746447339,0.027828539869589736
A31_Site1.tif,5,2787,18190.134912091857,11410.999443269124,4931.1276,8981,3.6888388189457864,1.3747637495344849,0.5940877924427139
A31_Site1.tif,6,3008,22927.24102393617,16230.099978637043,6532.335599999999,9362,3.509807583049021,1.0252291761141108,0.4126370788910819
A31_Site1.tif,7,5142,42085.95118630883,31391.329795993046,15202.580399999999,10931,2.768342615460277,0.703474088537545,0.34068710882319775
A31_Site1.tif,8,3545,18428.760225669957,15318.710863854118,7239.5358,12942,2.5455720829012964,0.429592372733559,0.20302291684036233
A31_Site1.tif,9,955,24989.81884816754,14485.271177266577,6096.4511999999995,3695,4.09907633610297,1.7230594203532266,0.7251881958122897
A31_Site1.tif,10,2039,13859.309955860715,13197.665840305754,6096.4511999999995,9681,2.273340588019139,0.1085293876466815,0.050133419315239465
A31_Site1.tif,11,1943,17530.362840967577,15509.342716557958,7239.5358,8739,2.4214760897989294,0.27916432492906895,0.1303098500912389
A31_Site1.tif,12,1319,15447.278241091737,13827.785014409223,6096.4511999999995,6940,2.5338147939355933,0.265645237458779,0.11711877390296078
A31_Site1.tif,13,946,18541.490486257928,18533.26729694886,6477.479399999999,4654,2.8624545662359506,0.0012695045095868168,0.00044369884582724133
A31_Site1.tif,14,2230,33008.13497757848,20410.375910746814,9525.705,4392,3.465164518273852,1.3225014911566584,0.6172232751574314
A31_Site1.tif,15,1249,25854.323458767012,20689.216663849926,6858.5076,5917,3.7696719121123836,0.753094856220551,0.24965211969284137
A31_Site1.tif,16,1037,23962.70973963356,18727.451777575207,7620.563999999999,5485,3.1444798232259603,0.6869908791595325,0.2795499368645769
A31_Site1.tif,17,1713,27849.91827203736,16776.7734754957,7620.563999999999,5346,3.6545744215258633,1.4530610590669055,0.6600282713901212
A31_Site1.tif,18,15976,25213.459877315974,21295.48110374357,10287.7614,33631,2.4508208245665055,0.38083880654236374,0.18398169801769906
A31_Site1.tif,19,2429,26028.84149855908,24066.46656657813,11811.8742,8659,2.2036165521079663,0.1661357798730441,0.08153980255270825
A31_Site1.tif,20,1061,32842.71065032988,24457.584152457373,14098.043399999999,4985,2.3295935271632504,0.5947723566992678,0.3428436122554067
A31_Site2.tif,1,18592,24758.698795180724,18951.101386067632,9144.6768,16738,2.707443831711324,0.6350795699096485,0.30645170910117264
A31_Site2.tif,2,1588,21090.34571788413,15125.478,5715.423,4000,3.6900760832308004,1.043644139353062,0.3943589563172938
A31_Site2.tif,3,27438,22063.36332823092,18938.92674760133,9144.6768,51070,2.412700176370016,0.34166725068142084,0.16497432099860987
A31_Site2.tif,4,1794,20598.10590858417,15152.521701008329,6096.4511999999995,4562,3.3787043039974445,0.8932383822849118,0.35938468296071596
A31_Site2.tif,5,3156,22129.03548795944,17787.660153452685,8001.592199999999,9775,2.7655790166276892,0.5425639330258959,0.24406668988791255
A31_Site2.tif,6,14002,27540.113698043137,24887.542876299027,10241.800799999999,44745,2.6889913439847657,0.25899457268701415,0.10658227029190363
A31_Site2.tif,7,1732,30617.982678983833,15840.460784313726,6051.973199999999,4080,5.059173540116345,2.4417692224158714,0.9328972241321705
A31_Site2.tif,8,3383,32661.85959207804,20970.4297188755,10655.4462,7221,3.0652737556919374,1.0972257429436942,0.5575198043115681
A31_Site2.tif,9,1762,20338.286606129397,19010.830291433616,9483.4509,6794,2.14460820439403,0.13997608346286486,0.06982631975275912
A31_Site2.tif,10,1116,20564.159498207886,17130.463146889702,8362.6053,3826,2.459061352349524,0.4106012693572992,0.20044387135788674
A31_Site2.tif,11,2049,25886.34699853587,14913.854295762854,6532.335599999999,5971,3.9628011455039522,1.6797196859812624,0.7357248156757863
A31_Site2.tif,12,20474,40687.242893425806,24941.74917608883,13324.126199999999,19723,3.0536518704990403,1.1817280533807282,0.6312906767752103
A31_Site2.tif,13,27121,20370.44249843295,16277.79467103234,8023.8312,42147,2.5387426518154523,0.5100615560551061,0.2514252028673942
A31_Site2.tif,14,2125,29946.691764705884,18205.49417249417,6016.390799999999,4290,4.9775177112258255,1.9515350618833136,0.6449260580877002
A31_Site2.tif,15,11841,40671.423781775185,33348.74759444951,10625.7942,9873,3.827612601581998,0.6891415408100775,0.21957874629577548
A31_Site2.tif,16,833,40391.71428571428,23661.14648622982,10281.831,4212,3.9284553778091658,1.627197315290262,0.7070903267182828
A31_Site2.tif,17,8838,25563.27110205929,23230.39133666905,12192.902399999999,34975,2.0965698127820924,0.19133096360947882,0.10042361024313859
A31_Site2.tif,18,4180,41160.35956937799,21186.55422399763,9513.8442,6759,4.326364685406003,2.0994463358312476,0.9427585597070316
A31_Site2.tif,19,5819,23020.147963567622,20594.863244492026,8016.418199999999,17747,2.8716251309766885,0.30253969523104113,0.11776163261113408
A31_Site2.tif,20,1308,26064.27981651376,18505.037859666834,8382.6204,3962,3.1093236449646064,0.9017755303386884,0.40849643292645166
A31_Site2.tif,21,1309,34251.876241405655,25068.13448275862,10668.7896,3770,3.210474432954751,0.8608044682630562,0.36635122429871153
A31_Site2.tif,22,1827,39427.907498631634,25631.496336752363,11049.817799999999,7507,3.5681952600698947,1.2485645837406283,0.5382600758306708
A31_Site2.tif,23,3076,36717.747074122235,21073.06705103566,10668.7896,4683,3.4416038229948613,1.4663969025194674,0.7424016629942946
A31_Site2.tif,24,2257,44496.868409393,25082.615493958776,9716.2191,5628,4.579648518768705,1.9981283579138556,0.7740123002763593
A31_Site2.tif,25,771,28204.0,18859.407612805648,8382.6204,3967,3.3645803643889627,1.1147579087779287,0.4954870576552131
A31_Site2.tif,26,3871,23913.547920433997,16990.03454968944,6858.5076,5152,3.4866984648962305,1.0094781218489082,0.4075043726657422
A31_Site2.tif,27,87266,39118.30025439461,29171.431285319224,15241.127999999999,33268,2.566627631128677,0.6526333857355481,0.3409798056113149
A31_Site2.tif,28,3756,16667.70899893504,14402.78446332582,6858.5076,5767,2.4302238870320325,0.33023576960181794,0.15725601819390428
A31_Site2.tif,29,7178,18905.50431875174,17995.28257832768,9525.705,20044,1.9846829519423383,0.09555426505682323,0.050581130719212296
A31_Site2.tif,30,7395,44317.57349560514,28030.931617987946,12573.9306,8628,3.5245600524922485,1.2952705399538502,0.5810239238413308
A31_Site3.tif,1,678,17133.333333333332,14686.430132939438,6477.479399999999,3385,2.6450618018649172,0.37775545845658987,0.16660980090077807
A31_Site3.tif,2,30385,23189.98436728649,17110.59002476123,8038.6572,19789,2.8848082198675726,0.7562698832981334,0.35530009974665056
A31_Site3.tif,3,423,16312.087470449173,15681.153689221353,7565.707799999999,2941,2.1560557057764793,0.08339388698397593,0.04023516341537404
A31_Site3.tif,4,595,17567.290756302522,16838.154954954956,8332.212,3885,2.108358591485843,0.08750807124766995,0.043302594809092786
A31_Site3.tif,5,5235,27228.929321872016,20565.58610898766,11034.9918,9157,2.467507889026917,0.6038376225053758,0.324004537364927
A31_Site3.tif,6,25052,27592.065982755867,18872.980506728087,9144.6768,41245,3.0172817023698086,0.9534602115208977,0.4619877328286789
A31_Site3.tif,7,8734,24650.64975956034,22345.88949778545,9838.533599999999,13321,2.505520716983198,0.23425851407089227,0.10314023355401747
A31_Site3.tif,8,1427,27004.110021023127,15170.030009920634,6232.850399999999,4032,4.332545831836395,1.898662610462062,0.7800960184887995
A31_Site3.tif,9,1329,24175.597441685477,19030.981540526933,7620.563999999999,5959,3.1724157741676016,0.675096475950047,0.27032845837195824
A31_Site3.tif,10,2215,21628.841534988715,13959.835695747654,6477.479399999999,5009,3.339083028956499,1.1839490897075216,0.5493621849411627
A31_Site3.tif,11,18956,15605.02210381937,11845.726276298366,5334.3948,13594,2.925359424801126,0.704727709226538,0.31735460872835236
A31_Site3.tif,12,628,34900.0270700637,25606.067865903515,10287.7614,3669,3.3923830183337818,0.9033995679712351,0.3629592506287226
A31_Site3.tif,13,2506,31734.885075818038,26373.966067358826,8763.648599999999,7898,3.6211955230361275,0.6117222692444668,0.20326556099926152
A31_Site3.tif,14,3915,41041.291698595145,32541.465267822234,14098.043399999999,7673,2.911133873978997,0.6029082326960976,0.261199867947407
A31_Site3.tif,15,33201,34665.26011264721,23668.075668551974,11049.817799999999,18211,3.1371793399720884,0.9952367218295022,0.4646421026405059
A31_Site3.tif,16,9528,17339.94752308984,16595.711026898498,8382.6204,13458,2.0685593162573785,0.08878327547677728,0.04484511058216344
A31_Site3.tif,17,1989,14863.102061337355,11794.167114378623,4953.366599999999,7073,3.0006061052108177,0.6195654783460883,0.2602078567476545
A31_Site3.tif,18,2864,16746.367667597766,13067.349531488342,4572.3384,9178,3.662538990456424,0.804625076766273,0.2815427969720479
A31_Site3.tif,19,19252,40127.909515894455,28740.881072254728,18670.3818,14698,2.14928167756446,0.6098979959602984,0.39619622011617234
A31_Site4.tif,1,843,17732.085409252668,14486.253537735849,5334.3948,3392,3.3241044343435973,0.6084723746938893,0.2240628926629908
A31_Site4.tif,2,3840,30485.085677083334,18555.281576565456,9144.6768,12153,3.333642767675507,1.304562682904751,0.6429330674010516
A31_Site4.tif,3,509,26814.339882121807,19402.81588287489,8382.6204,4508,3.198801639889338,0.8841535994207821,0.38198187541348466
A31_Site4.tif,4,1664,22274.36298076923,21198.709597008725,10668.7896,7221,2.0878060038552406,0.10082243854162214,0.05074145569274555
A31_Site4.tif,5,3313,22998.435858738303,20111.94293363393,8382.6204,7097,2.7435855092174837,0.34434255487710363,0.14352133628401215
A31_Site4.tif,6,1950,27320.549743589745,14541.676029962548,6096.4511999999995,4806,4.481385784494582,2.0961167889945935,0.8787758499974863
A31_Site4.tif,7,1708,40529.26112412178,29995.0793814433,16765.2408,4850,2.4174577393542482,0.6283346519348652,0.35119699497084944
A31_Site4.tif,8,1158,28319.71329879102,17402.63320246775,7620.563999999999,3566,3.7162227492287787,1.432581643079035,0.6273234613006103
A31_Site4.tif,9,695,41018.67913669065,28941.678060690618,14098.043399999999,2867,2.909529923610645,0.8566437719996992,0.41728752046340983
A31_Site4.tif,10,1866,30793.44801714898,19997.238362427266,9906.733199999999,4812,3.108335249920519,1.08978504182497,0.5398850310751545
A31_Site4.tif,11,541,27814.43068391867,16885.79751511081,7620.563999999999,2978,3.6499176024087157,1.4340976821129665,0.6472085881061607
A31_Site4.tif,12,84830,40563.304008016035,21775.146544565687,11430.846,85503,3.5485828439977714,1.643636653265551,0.8628257644553297
A31_Site4.tif,13,1113,19518.37646001797,12811.15834445928,4572.3384,3745,4.268795253644237,1.466912010612343,0.5235450171806105
A31_Site4.tif,14,11359,24567.132053877984,21042.98605085924,10287.7614,41723,2.3879959010182823,0.34255712841622854,0.16747366531059263
A31_Site4.tif,15,15967,33663.61990355107,24339.921845412293,11430.846,17427,2.944980616790885,0.81566124310752,0.3830619554718219
A31_Site4.tif,16,737,17039.762550881955,16739.221660941603,7239.5358,4949,2.3537092738540526,0.04151383434555801,0.017954292978952437
A31_Site4.tif,17,2253,23207.339547270305,17805.378807699497,6858.5076,5351,3.383730237061554,0.787629183288057,0.3033892621948503
A31_Site4.tif,18,1584,38271.09659090909,21377.02685088634,8763.648599999999,3836,4.367027745825571,1.9277438554534776,0.7902908976939595
A31_Site4.tif,19,2043,33422.45374449339,19944.708827973234,10287.7614,4633,3.2487586409674023,1.3100755735360516,0.6757554112602703
A31_Site4.tif,20,875,29850.182857142856,25151.001611603544,9525.705,3723,3.133645526195858,0.49331584859434324,0.18683873183680494
A31_Site4.tif,21,31252,21616.97129783694,18523.60213453096,9144.6768,39634,2.3638857633342822,0.3382699280637886,0.16699609184208147
A31_Site4.tif,22,890,24067.32808988764,18652.338713876594,6477.479399999999,3841,3.7155391169365184,0.8359716861473442,0.2903115506893303
A31_Site4.tif,23,1333,43769.818454613654,30309.2,13335.987,3855,3.2820831674911526,1.0093454991073072,0.4441099882085047
A31_Site4.tif,24,4315,33947.46651216686,17149.638386425486,8001.592199999999,6247,4.242588932753214,2.0993107004029,0.9794858496274547
A31_Site4.tif,25,1454,39551.48693259973,24948.178313749744,11430.846,4851,3.4600664668708796,1.277535242696578,0.585345688779039
A31_Site4.tif,26,2506,33914.25738228252,25327.470383801752,9335.1909,6618,3.632947386458502,0.919829823562748,0.33903058096038996
A31_Site4.tif,27,5915,19758.281656804735,15521.2295941291,7239.5358,6677,2.7292194144239805,0.585265710360847,0.2729843043025128
A31_Site4.tif,28,1455,23071.358075601376,18616.05722950499,8001.592199999999,10222,2.8833459015285166,0.5568017882854389,0.2393256956168297
A31_Site4.tif,29,2349,18537.04129416773,14902.916509667824,6858.5076,10085,2.7027806011530418,0.5298710734817307,0.24385326067819932
A31_Site4.tif,30,2965,46757.09780775716,33286.54098073555,18289.3536,5710,2.556519974972303,0.7365244896907808,0.4046847894112396
A31_Site4.tif,31,932,18690.40772532189,15519.216588591898,5334.3948,3629,3.50375411382878,0.5944800217494299,0.20433964038230348
A31_Site4.tif,32,5513,46210.3528024669,24247.523621561613,11430.846,8107,4.042601291490278,1.9213651536278304,0.9057761742467685
A31_Site4.tif,33,673,22624.783060921247,17281.22979723773,7239.5358,3403,3.125170409529572,0.738107167544656,0.3092114002519976
A31_Site4.tif,34,6196,24590.329083279536,23084.66549096451,8763.648599999999,22965,2.805946496217509,0.17180784637043825,0.0652235395355284
A31_Site4.tif,35,1683,20347.589423648245,18589.863578898978,8382.6204,8701,2.4273542702260467,0.20968691899100797,0.09455291790002619
A31_Site4.tif,36,2079,28232.54401154401,19465.363298662705,9906.733199999999,9422,2.8498338898957645,0.8849719212053128,0.45039902817940813
A31_Site4.tif,37,420,27141.64761904762,24279.74947466729,11430.846,4283,2.3744215974061653,0.2503662584884642,0.11787181524937748
A31_Site4.tif,38,374,19934.679144385027,17786.930931923333,7620.563999999999,3026,2.6159060070040576,0.2818358605030909,0.12074866769768511
A31_Site4.tif,39,3429,30650.22922134733,18011.37292092209,9525.705,3427,3.2176336786951887,1.3268158420202987,0.7017153193101049
A31_Site5.tif,1,1059,20556.117091595846,17596.655786873678,7239.5358,5668,2.839424744825138,0.408791583670058,0.16818316733388128
A31_Site5.tif,2,1073,36888.96085740913,27091.37282780411,10668.7896,4431,3.4576519212052466,0.9183411049362,0.3616497433288452
A31_Site5.tif,3,350,13123.888571428572,11693.39703525641,4572.3384,2496,2.8702793676425764,0.3128577570218847,0.12233327337281938
A31_Site5.tif,4,732,29005.539617486338,19094.699160167966,9525.705,3334,3.0449756335573994,1.040431176202493,0.5190362191192543
A31_Site5.tif,5,1071,25977.636788048552,18252.60021574973,8382.6204,4635,3.098987613469597,0.9215539060184098,0.4232293744991379
A31_Site5.tif,6,383,18292.629242819843,11849.103781512606,10287.7614,2380,1.778096179680262,0.6263292091223047,0.5437985505161341
A31_Site5.tif,7,723,26935.59059474412,26782.99522623495,9525.705,4818,2.827674234580626,0.016019325447198893,0.005697472116921413
A31_Site5.tif,8,821,30057.730816077954,19058.164110929854,8001.592199999999,3065,3.7564687208178884,1.3746722439984325,0.5771577283687088
A31_Site5.tif,9,1783,14503.275378575434,13569.148672919577,5715.423,10022,2.537568151744859,0.16343964491415996,0.0688419537711631
A31_Site5.tif,10,1092,24643.522893772893,16679.809550404916,5715.423,3581,4.311758358695371,1.3933725191213395,0.4774462993295914
A31_Site5.tif,11,13224,31674.336584996974,26722.343217640504,13717.0152,25124,2.3091274685599155,0.36101099948863946,0.1853128420297216
A31_Site5.tif,12,776,16594.052835051545,10200.10099009901,5334.3948,3030,3.110765786405693,1.1986274141052606,0.6268518175607005
A31_Site5.tif,13,1817,28932.514034122178,15944.901378579003,8001.592199999999,3772,3.6158446107870907,1.6231285387834367,0.8145307610985346
A31_Site5.tif,14,963,15458.163032191069,12630.792657004831,4572.3384,5175,3.3808002995047923,0.6183641996358044,0.22384742208684627
A31_Site5.tif,15,2240,13552.390178571428,11885.699164651573,4572.3384,9098,2.9639954423631,0.36451611147508467,0.14022658581795863
A31_Site5.tif,16,24369,31394.970208051214,28865.264303110154,14085.441299999999,50094,2.2288950370357887,0.1795972061549299,0.08763841128825606
A31_Site5.tif,17,2983,15618.156218571907,11677.090167278662,4953.366599999999,7353,3.1530386260004213,0.7956338324091111,0.3375041208753749
A31_Site5.tif,18,5986,20469.013364517206,16252.677199673113,6395.9364,11013,3.200315338421002,0.6592210899466576,0.25942410059841103
A31_Site5.tif,19,589,27017.816638370117,21307.25310015898,7232.122799999999,3145,3.7358072291489246,0.7896109753837753,0.26801031138855935
A31_Site5.tif,20,1006,20473.652087475148,15277.296095954845,6477.479399999999,4252,3.160743681785162,0.8022188370853454,0.3401358433376704
A31_Site5.tif,21,1544,24366.06347150259,16123.345925397956,6096.4511999999995,4209,3.9967618327630716,1.352051755304974,0.5112287228865665
A31_Site5.tif,22,2045,28596.999511002447,19365.77920708562,8382.6204,4742,3.4114630206764858,1.1012332496776085,0.4766769364247687
A31_Site5.tif,23,559,23110.690518783544,22619.604370515328,6858.5076,3066,3.369638391703444,0.0716024792722399,0.02171064268958346
A31_Site5.tif,24,1718,23560.676949941793,17502.345101214574,8001.592199999999,6175,2.944498589907188,0.7571407911439986,0.34614400605684204
A31_Site5.tif,25,4469,23710.995972253302,21035.64293909313,9144.6768,20047,2.5928741376871156,0.29255851154381385,0.12718189983092754
A31_Site5.tif,26,1953,26884.331797235023,29414.181591626515,12954.958799999999,6019,2.0752155381006903,-0.19528041991067846,-0.08600782539232085
A31_Site5.tif,27,2737,24517.537084398977,19026.114589800443,7620.563999999999,11275,3.217286421893026,0.7206057838489812,0.2886255345870512
A31_Site5.tif,28,1522,37104.92378449409,20196.282763532763,8763.648599999999,4212,4.233958420520392,1.929406551164321,0.8372155024232423
A31_Site5.tif,29,744,21924.103494623654,20835.59772079772,8763.648599999999,3510,2.5017095613120133,0.12420691694834646,0.05224259886429298
A31_Site5.tif,30,47815,24968.483885809892,21518.839812251776,10668.7896,83090,2.340329580197784,0.3233397791962157,0.16030808833812937
A31_Site5.tif,31,1443,30404.72072072072,16197.220225257608,10668.7896,4173,2.8498753711191585,1.3316881322179037,0.8771567156504707
A31_Site5.tif,32,1789,22508.258244829514,18626.833094835438,8001.592199999999,7687,2.812972428762539,0.485081600383137,0.20837815694328493
A31_Site5.tif,33,910,44152.88241758242,30791.31864115244,16003.184399999998,4651,2.7590060399200818,0.8349315637718722,0.4339393168621229
A31_Site5.tif,34,3187,47767.88923752745,30391.432365774996,12954.958799999999,5271,3.6872281861282787,1.341297733169097,0.5717551138298785
A31_Site5.tif,35,831,20059.298435619734,20357.180305131762,8001.592199999999,4326,2.506913366016662,-0.037227824421201546,-0.014632766672346555
A31_Site5.tif,36,1732,29412.700346420323,15316.432835820895,6096.4511999999995,4891,4.824560942335121,2.3122087011171857,0.920336194575473
A31_Site5.tif,37,2271,35092.43901365037,32297.77116423776,17527.297199999997,12214,2.0021591813728334,0.15944659450465734,0.08652819524915659
A31_Site5.tif,38,2434,38071.68857847165,30226.837494826872,8382.6204,7249,4.541740739975084,0.9358471109625124,0.25953264495449707
A31_Site5.tif,39,718,26874.396935933146,19705.06251752173,7620.563999999999,3567,3.526562723690515,0.9407879021030477,0.36383210720761794
A31_Site5.tif,40,2171,14457.345002303085,11345.03019399249,4572.3384,6392,3.161914919130104,0.6806833913044994,0.27433288013247503
A31_Site5.tif,41,1326,28391.910256410258,23325.59578682031,8573.1345,5554,3.3117304127652654,0.5909524071486382,0.21719978841656853
A31_Site5.tif,42,1005,22024.77213930348,18100.784919373156,8001.592199999999,4403,2.7525486914061874,0.4904008004713638,0.21678547297296138
A31_Site5.tif,43,2203,24292.041307308216,20019.261372180452,12954.958799999999,10640,1.8751152884630915,0.3298181029432889,0.21343344570460787
A31_Site5.tif,44,8607,17672.08678982224,14955.357744457453,6858.5076,26477,2.5766665024613333,0.396110816493201,0.18165590497959203
A31_Site5.tif,45,7662,21674.538762725137,14425.979567567567,5715.423,9250,3.792289523047938,1.2682454466003457,0.5024656496428658
A31_Site5.tif,46,1666,18676.618847539015,16682.463817469776,6858.5076,5873,2.72313161065999,0.2907564074240192,0.11953600210897967
A32 - Site 1.tif,1,60202,42362.01156107771,29319.15323099861,16384.2126,118044,2.5855384445543543,0.796062566355562,0.44485794754415586
A32 - Site 1.tif,2,1186,27697.492411467116,22409.950051493306,9144.6768,3884,3.0288104235063646,0.5782098674026432,0.2359461912151433
A32 - Site 1.tif,3,538,25654.618959107807,22461.879813664596,9716.2191,3220,2.6403911537031313,0.3285989243943588,0.14214033606837745
A32 - Site 1.tif,4,851,32048.89659224442,19780.212986198243,8001.592199999999,3188,4.005314916224345,1.533280289644209,0.6202503286794999
A32 - Site 1.tif,5,1113,35294.435759209344,26862.92649453361,13335.987,4299,2.6465559511405403,0.6322373638088737,0.313871583067777
A32 - Site 1.tif,6,1702,44555.525264394826,27303.092640489067,11811.8742,4253,3.7720961559476396,1.4606007761148652,0.6318856567301456
A32 - Site 1.tif,7,1239,24555.426957223568,17288.021446862997,8382.6204,3124,2.929325889216488,0.8669610651046421,0.42037230996581604
A32 - Site 1.tif,8,2272,21948.953785211266,17983.21745880105,9144.6768,8374,2.4001891226147287,0.43366610030502994,0.2205242935805776
A32 - Site 1.tif,9,1952,32694.560450819674,22618.68578727357,9525.705,4306,3.432245744623138,1.057756319719698,0.4454668479992259
A32 - Site 1.tif,10,612,22258.635620915033,19874.34621778886,8382.6204,4812,2.6553314546950593,0.2844324673372215,0.11996819301612417
A32 - Site 1.tif,11,134596,34521.23725073553,23936.93226006192,12573.9306,48450,2.7454610931849803,0.8417658190880419,0.44217466447564785
A32 - Site 1.tif,12,1890,48729.1037037037,31979.45696091348,13335.987,4554,3.6539555492718434,1.2559735355754067,0.5237627006380078
A32 - Site 1.tif,13,1376,32277.406976744187,26348.202900362547,9906.733199999999,7999,3.25812821694962,0.598502448453508,0.2250325799752288
A32 - Site 1.tif,14,17174,39888.82723884942,27618.193041725935,14479.0716,16872,2.754929897495767,0.8474738254015549,0.4442953302042753
A32 - Site 1.tif,15,10911,55524.20108147741,39230.29280955265,17146.269,11557,3.2382672336147897,0.950288851289762,0.41533996065288126
A32 - Site 1.tif,16,2304,42726.807725694445,23223.012444595977,10287.7614,5866,4.153168611166751,1.895825002422734,0.8398477728770553
A32 - Site 1.tif,17,1279,28396.390148553557,16577.242431245668,8001.592199999999,4327,3.548842460194119,1.4770994849366506,0.7129742939044796
A32 - Site 1.tif,18,8476,33421.61290703162,26234.467242055707,13335.987,20392,2.506122187057213,0.538928664595318,0.2739581329653101
A32 - Site 1.tif,19,17047,41950.429459728985,31552.62946907934,16384.2126,25145,2.5604177926562905,0.6346231121685578,0.3295383036407755
A32 - Site 1.tif,20,684,21667.27923976608,19124.58069199129,6477.479399999999,4133,3.345017081757548,0.3925444437184727,0.13295447302738803
A32 - Site 1.tif,21,3000,23223.63366666667,19954.456166549542,8382.6204,11384,2.770450355432886,0.38999469665991626,0.16383195176202003
A32 - Site 1.tif,22,8286,35975.93688148684,26254.121340665097,10287.7614,19095,3.496964546772233,0.9449884345891125,0.37029673987831735
A32 - Site 1.tif,23,1015,33361.38522167488,20716.974212893554,9906.733199999999,3335,3.36754655123257,1.2763451637890644,0.6103406259445823
A32 - Site 1.tif,24,8860,49997.46455981941,32139.27027027027,16384.2126,9509,3.0515634641965583,1.0899635353570938,0.5556502726840975
A32 - Site 1.tif,25,9829,21891.09736494048,14834.10265563779,7239.5358,11485,3.023826108424002,0.9747855255157304,0.47572777896449847
A32 - Site 2.tif,1,16939,35302.14144872779,21505.264250745597,9144.6768,17771,3.8604034041628656,1.5087331679089089,0.6415581337252078
A32 - Site 2.tif,2,1566,40139.75670498084,21735.44700699663,8001.592199999999,3859,5.016471184938752,2.3000809386363397,0.8467417160572499
A32 - Site 2.tif,3,7331,33515.310053198744,19896.42903543307,9144.6768,10160,3.6650076089252375,1.4892687096115613,0.6844887086775869
A32 - Site 2.tif,4,5341,36777.22448979592,23901.758000294943,11430.846,6781,3.2173668064256784,1.126379140221967,0.5386828236373536
A32 - Site 2.tif,5,2156,44980.12569573284,29716.139216512216,12192.902399999999,4748,3.6890417244458504,1.251874736503107,0.5136598118618929
A32 - Site 2.tif,6,976,31580.718237704918,23441.631360078278,11049.817799999999,4088,2.8580306760964276,0.736581093456516,0.3472065042147301
A32 - Site 2.tif,7,2705,37098.92384473198,22759.881099382594,9906.733199999999,5021,3.744819114003649,1.4474037461042064,0.6300139566955849
A32 - Site 2.tif,8,4085,29163.932190942473,15895.399369582348,6858.5076,6345,4.2522271449987095,1.934609334156133,0.8347404499155032
A32 - Site 2.tif,9,897,27562.318840579712,15198.714329928815,6858.5076,3231,4.0187050081477675,1.802666882024432,0.8134638392601902
A32 - Site 2.tif,10,424,29917.466981132075,22187.419877565717,7620.563999999999,2777,3.9258861917691155,1.0143667979897832,0.3483977472918754
A32 - Site 2.tif,11,1173,36485.01705029838,26549.259626742263,9906.733199999999,4233,3.6828504728745046,1.0029297471689345,0.3742385875628859
A32 - Site 2.tif,12,1511,46570.91727332892,33267.344091757805,17146.269,3749,2.716096269882489,0.7758873479451045,0.39989886613350556
A32 - Site 2.tif,13,768,24421.0234375,19720.022674687643,8763.648599999999,4322,2.786627414233854,0.5364204998825481,0.23838718851191354
A32 - Site 2.tif,14,974,38072.41273100616,26008.607205845303,9906.733199999999,3969,3.843084492370071,1.217738005213331,0.4638389679876798
A32 - Site 2.tif,15,2163,44647.66065649561,22322.21238348868,9906.733199999999,4506,4.506799542804942,2.253563089090195,1.000144962759634
A32 - Site 2.tif,16,1416,28095.94420903955,15665.483040356525,8382.6204,4039,3.351689909399456,1.4828848946408446,0.7934936405505303
A32 - Site 2.tif,17,1516,35102.36873350923,24236.88472222222,8382.6204,4320,4.18751739413935,1.2961918222223268,0.44830365518552906
A32 - Site 2.tif,18,4172,42756.55776605944,22873.06800740937,9525.705,7558,4.488545232716587,2.0873509896253557,0.8692970156955087
A32 - Site 2.tif,19,1671,37697.79353680431,31875.15138256913,14479.0716,5714,2.603605713005679,0.40214195461476687,0.18267025885930244
A32 - Site 2.tif,20,767,37811.166883963495,29127.957043235703,11430.846,3585,3.307818763714463,0.7596296757667976,0.298105693709861
A32 - Site 2.tif,21,534,42930.06928838951,25016.072574762948,9525.705,2742,4.506760317304015,1.8805953694354123,0.7160994860436902
A32 - Site 2.tif,22,3293,30847.492256301244,22341.984827586206,9525.705,12325,3.23834217585668,0.892900570478102,0.38069614201014357
A32 - Site 2.tif,23,6361,36469.51611381858,26767.227687626775,12192.902399999999,11832,2.9910447010376027,0.7957324768041978,0.36246893176289186
A32 - Site 2.tif,24,1015,24852.53300492611,17971.16015936255,6477.479399999999,3765,3.83675986756326,1.0623534897776654,0.3829119981424627
A32 - Site 2.tif,25,666,39659.42192192192,24931.58106169297,10287.7614,3485,3.855009887951267,1.4315884950650815,0.5907303200618981
A32 - Site 2.tif,26,557,29885.362657091562,21599.52430228912,8763.648599999999,3189,3.410150728437179,0.9454781601801091,0.3836120758418959
A32 - Site 2.tif,27,1040,23387.741346153845,19980.316185106883,7239.5358,4257,3.2305581451951024,0.47066901182286514,0.17053910105712516
A32 - Site 2.tif,28,714,17103.45798319328,13240.535368956744,4953.366599999999,3930,3.4528956494273517,0.7798580089405733,0.2917497296438994
A32 - Site 2.tif,29,1830,31247.829508196723,24058.343334860285,10097.247299999999,4366,3.094687946106438,0.7120243725564014,0.2988354631599242
A32 - Site 2.tif,30,2023,39964.70687098369,25544.716485078163,11049.817799999999,4222,3.616775189808788,1.3049980232155933,0.5644999189684982
A32 - Site 3.tif,1,1067,27581.856607310216,20376.194280311982,8763.648599999999,4231,3.1473028947416655,0.8222217315959031,0.3536314106485036
A32 - Site 3.tif,2,1187,37190.30328559393,25240.736161843215,9144.6768,3559,4.066880011063186,1.3067238334478533,0.47342387508531997
A32 - Site 3.tif,3,6445,33026.9922420481,25476.421747247794,10287.7614,15533,3.2103186454164847,0.733937170703917,0.296374842970757
A32 - Site 3.tif,4,3375,34826.12711111111,18822.44707473791,8001.592199999999,5914,4.352399652542601,2.0000619422161012,0.8502443902654746
A32 - Site 3.tif,5,481,41271.2079002079,28817.282554405992,11430.846,2803,3.6105121090925194,1.0895016296948632,0.43216862389036925
A32 - Site 3.tif,6,3243,22577.802651865557,16766.50462372449,7620.563999999999,6272,2.962746937344261,0.7625810934903824,0.34660164169904883
A32 - Site 3.tif,7,1215,38031.34650205761,20698.369777333,8382.6204,3997,4.5369281545914015,2.0677277387753277,0.8374078205761771
A32 - Site 3.tif,8,494,33652.43319838057,27414.468367008943,13717.0152,3019,2.4533349790525882,0.45476109346055665,0.22754279776135386
A32 - Site 3.tif,9,531,31049.084745762713,20065.047780285928,8001.592199999999,2658,3.8803633039089287,1.3727314128134473,0.5474214208581759
A32 - Site 3.tif,10,3721,40026.38591776404,23905.3095924991,10668.7896,5546,3.7517269923222143,1.5110501687323397,0.6743722043372572
A32 - Site 3.tif,11,2654,46206.643933685,22417.794205794205,8382.6204,4004,5.512195677336155,2.837877488507343,1.0611592518648247
A32 - Site 3.tif,12,2264,20127.07332155477,17915.10608277592,7622.0466,9568,2.640638975039639,0.2902064701068538,0.12346939105787716
A32 - Site 3.tif,13,1128,23806.010638297874,15276.265432098766,6126.844499999999,4050,3.8855255161542,1.3921922134934528,0.5583658678953476
A32 - Site 3.tif,14,442,37769.30995475113,27504.833031510323,11103.1914,2761,3.401662512520239,0.924461855465408,0.3731881197561824
A32 - Site 3.tif,15,2959,28717.631970260223,19418.35599493523,8388.550799999999,10267,3.423431848350491,1.1085676414231056,0.4788910028091809
A32 - Site 3.tif,16,1443,41635.38115038115,24967.59832441238,11862.282599999999,4297,3.5098962446187256,1.4051075486900573,0.6675765369737209
A32 - Site 3.tif,17,511,49110.24266144814,36690.197929111906,16286.360999999999,2511,3.0154214720782613,0.7626040422614115,0.3385112491442337
A32 - Site 3.tif,18,619,34397.919224555735,17776.277816411683,8343.3315,2876,4.12280384933938,1.992206759149403,0.9350462217005305
A32 - Site 3.tif,19,1431,40566.01607267645,25274.09894179894,9150.6072,3780,4.43315019276886,1.6711368761256409,0.6050430191828244
A32 - Site 3.tif,20,1217,29482.425636811833,20222.648762506582,7950.442499999999,3798,3.7082748081977517,1.1646869811703695,0.45789139608005186
A32 - Site 3.tif,21,1561,52855.08520179372,43072.88352570829,16508.0097,3812,3.201784234580484,0.5925730511340508,0.2271081217547137
A32 - Site 3.tif,22,536,40160.85820895522,24968.0868868227,8246.2212,3119,4.870213548104497,1.8423919215402682,0.6084876022337402
A32 - Site 3.tif,23,895,38470.13184357542,24233.640845070422,8375.948699999999,3266,4.592928302381973,1.6996869857247339,0.5874681022763071
A32 - Site 3.tif,24,289,32884.975778546715,26279.63911472448,10579.8336,2214,3.108269659223717,0.6243327554618621,0.25134807350222527
A32 - Site 3.tif,25,432,39383.71759259259,25662.24641939038,10984.5834,2723,3.5853628816325194,1.2491571754273103,0.5346948567538081
A32 - Site 3.tif,26,1648,42582.10922330097,27386.130379424496,17875.708199999997,3927,2.3821215219477097,0.8500910103168933,0.5548786423396214
A32 - Site 3.tif,27,3002,43061.80579613591,20586.566686543432,9485.674799999999,5031,4.539667098443067,2.3693874799048333,1.0917429531497678
A32 - Site 3.tif,28,1715,25870.979008746355,16726.72532188841,6466.3598999999995,8388,4.000856650231663,1.4141269320385035,0.5466852304250137
A32 - Site 3.tif,29,567,31016.25044091711,22137.84865263935,10436.0214,2709,2.9720378343501084,0.8507458396232545,0.40105079439212965
A32 - Site 3.tif,30,3075,44893.11349593496,26593.81099005211,9903.768,6333,4.532932667232272,1.8477111444719192,0.6881038040287325
A32 - Site 3.tif,31,2181,34841.597890875746,24056.034876606158,11856.3522,4903,2.938643969335388,0.9096864560299155,0.4483516535284779
A32 - Site 3.tif,32,2528,32631.59889240506,21111.82986878962,9137.263799999999,6783,3.571265928906348,1.2607460259167338,0.5456546919525945
A32 - Site 3.tif,33,980,51417.09795918367,32589.70074684522,14913.473399999999,3883,3.447694348598174,1.262442135869289,0.5777100366334361
A32 - Site 3.tif,34,1418,24915.50634696756,19848.02678359801,9438.2316,4219,2.6398490101621537,0.5369098553763166,0.2553140228304536
A32 - Site 3.tif,35,1019,31043.560353287536,28920.084003786087,12243.3108,4226,2.5355527487926044,0.17343971611826714,0.0734256632595783
A32 - Site 3.tif,36,654,27905.792048929663,17732.771868642838,9470.8488,3441,2.9464932487255204,1.0741402798317383,0.5736847152627171
A32 - Site 3.tif,37,1116,41906.78853046595,23086.793175853018,9456.022799999999,3810,4.431756290860639,1.9902654374514654,0.8151844741386182
A32 - Site 3.tif,38,1465,27341.956313993174,15786.484587338417,7226.1924,3017,3.7837293557192497,1.5991093354556636,0.7319851144006772
A32 - Site 4.tif,1,1284,32522.709501557634,22018.608038976858,7620.563999999999,4105,4.267756231889787,1.3783889830945575,0.4770556541985704
A32 - Site 4.tif,2,958,47809.24321503132,34872.3719095213,13335.987,3802,3.584979740531801,0.9700722792771406,0.37097767077822763
A32 - Site 4.tif,3,895,35367.50726256983,23133.526929052303,9906.733199999999,3862,3.5700474160880935,1.2349156968823163,0.5288419863962965
A32 - Site 4.tif,4,748,17760.486631016043,10981.192594897324,4191.3102,3214,4.2374545866287034,1.6174641609925566,0.6173549892260981
A32 - Site 4.tif,5,1660,43392.12771084337,22564.347109471095,10668.7896,4065,4.067202497910606,1.9522158916089931,0.9230393638387548
A32 - Site 4.tif,6,979,38099.26557711951,22781.725298256348,9525.705,3269,3.9996268598575657,1.608021692761542,0.6723608540758239
A32 - Site 4.tif,7,1179,34234.84139100933,23502.03934593766,8382.6204,3914,4.084026206288488,1.2803636014651056,0.45667535004455995
A32 - Site 4.tif,8,766,46281.4725848564,25507.600613915416,9144.6768,2932,5.061028792707664,2.2716901236923173,0.8144188975422431
A32 - Site 4.tif,9,1590,34283.47672955975,20546.333444816053,9906.733199999999,5980,3.460623803770666,1.3866471426453504,0.668593417002242
A32 - Site 4.tif,10,5831,40707.03172697651,21730.864370383097,8718.4293,11642,4.669078606501955,2.176558036270552,0.8732357366533112
A32 - Site 4.tif,11,584,25828.04280821918,18125.264751552793,7660.5942,3864,3.3715456182479246,1.00550660373791,0.42497465070143253
A32 - Site 4.tif,12,730,36111.02602739726,25299.870484581497,7637.613899999999,4540,4.728050736807995,1.4155148040151138,0.42732058843542825
A32 - Site 4.tif,13,1430,36661.31048951049,29499.058748075935,13358.967299999998,3898,2.744322196932322,0.5361381295864984,0.242795941477261
A32 - Site 4.tif,14,818,28700.289731051344,23615.65988372093,11335.218299999999,5160,2.5319573890364357,0.4485692037643357,0.21530754898927323
A32 - Site 4.tif,15,1734,23909.4630911188,13972.737232124975,6883.7118,4993,3.473338772126408,1.443512765740627,0.7111509859457605
A32 - Site 4.tif,16,263,23174.65019011407,22072.536592961693,7988.248799999999,3211,2.9010926888112274,0.13796685916329957,0.04993144274606435
A32 - Site 4.tif,17,783,35406.82120051086,25668.622317596568,9199.533,3495,3.8487628883414375,1.0585536116782999,0.379381439425157
A32 - Site 4.tif,18,882,42914.91609977324,29148.725745728352,12547.2438,3453,3.4202663775242046,1.0971485509856687,0.47227417329066446
A32 - Site 4.tif,19,769,24005.466840052017,15272.830632833995,6765.1038,3271,3.548425500879459,1.290835509013936,0.5717758820973643
A32 - Site 4.tif,20,448,33883.61607142857,29248.674308300397,10966.7922,2530,3.089656068380476,0.4226342287331704,0.15846672961212654
A32 - Site 4.tif,21,746,42848.69302949062,28154.10124560843,8735.4792,3131,4.9051336564846455,1.6821735187538842,0.5219343233756779
A32 - Site 4.tif,22,1055,32843.13838862559,31229.06341880342,14135.849699999999,5850,2.323393293337178,0.11418308796966281,0.051685026482408095
A32 - Site 4.tif,23,1597,20088.71383844709,15330.583485494015,6854.0598,4929,2.930921880549945,0.6942061335598695,0.310368509943028
A32 - Site 4.tif,24,412,29523.429611650485,21775.01721809588,6493.788,2962,4.54641106417472,1.193203780835265,0.35583955300443193
A32 - Site 4.tif,25,3406,20790.411626541398,15198.299165362545,6458.205599999999,7668,3.219224179934626,0.8658926035383876,0.36794330736164166
A32 - Site 4.tif,26,924,32570.31277056277,16599.96263959391,7236.5706,4925,4.500793894074324,2.2068948143678435,0.9620714502614043
A32 - Site 4.tif,27,624,37298.02724358974,27611.2649909146,10960.120499999999,3302,3.403067260396974,0.8838189555184458,0.3508264563705804
A32 - Site 4.tif,28,1185,41631.35611814346,28170.88119402985,14152.899599999999,5025,2.9415425315469665,0.9510754194924199,0.47781518907408055
A32 - Site 4.tif,29,5959,26616.711528779997,20469.936690314622,9155.7963,12968,2.907088652545811,0.6713533850090856,0.30028304100084136
A32 - Site 4.tif,30,1296,38728.16512345679,30768.835860117244,14326.3638,4947,2.703279468823049,0.5555721866656765,0.2586815211183824
A32 - Site 4.tif,31,1121,30124.028545941124,20328.69972144847,7609.4445,3590,3.958768415473894,1.2872593820061087,0.4818472877610047
A32 - Site 5.tif,1,2466,30590.816301703162,23817.80008227067,11049.817799999999,7293,2.7684453133404134,0.6129527510785165,0.28436783397436016
A32 - Site 5.tif,2,545,40034.94128440367,26809.991540785497,10668.7896,3310,3.7525288983453327,1.239592328599842,0.4932843683853608
A32 - Site 5.tif,3,2185,32774.02791762014,30204.156573763314,15622.1562,6853,2.097919614809584,0.16450170584360038,0.08508336717100314
A32 - Site 5.tif,4,1534,33141.607561929595,18363.518954918032,6477.479399999999,3904,5.116435810182343,2.2814566738705104,0.804752544612138
A32 - Site 5.tif,5,741,32049.73819163293,20164.96911976912,7620.563999999999,3465,4.205691099975129,1.559565548146858,0.5893770033203992
A32 - Site 5.tif,6,2711,34766.76281814829,17513.460157790927,7620.563999999999,5070,4.5622296221254315,2.2640453725386624,0.9851452828224988
A32 - Site 5.tif,7,729,30451.150891632373,23437.65102494443,13717.0152,4049,2.2199545927170927,0.5112992706082903,0.2992407327517831
A32 - Site 5.tif,8,3648,37209.62664473684,17433.57903726708,6858.5076,6440,5.425324110551775,2.8834330674855453,1.1343653282658672
A32 - Site 5.tif,9,957,27640.793103448275,17224.925259690903,9144.6768,3947,3.022610170697126,1.1390088541725152,0.6046974188112231
A32 - Site 5.tif,10,1614,27026.877942998763,17911.921009581678,7239.5358,4279,3.733233551101637,1.2590526775769926,0.5088765704435668
A32 - Site 5.tif,11,1013,40142.48667324778,35880.87927350427,13335.987,3744,3.01008741784299,0.31955695515752325,0.11877098571799061
A32 - Site 5.tif,12,1210,38416.402479338845,29614.730886850153,14860.0998,6867,2.585204877245373,0.5923023203708745,0.2972058610329608
A32 - Site 5.tif,13,2721,43699.44505696435,32095.99221896741,15241.127999999999,10924,2.867205436299445,0.7613250697710385,0.36152341883782496
A32 - Site 5.tif,14,1491,43315.10060362173,24380.59750849377,12573.9306,4415,3.444833758155726,1.5058539527101333,0.7766217824860012
A32 - Site 5.tif,15,7024,42988.628559225515,26953.853097974174,13335.987,8441,3.223505583740692,1.2023688581309593,0.5948973381638913
A32 - Site 5.tif,16,745,34028.17986577181,29336.557414887477,15622.1562,5199,2.1781999507692817,0.30031849578365694,0.15992409690517634
A32 - Site 5.tif,17,1256,33076.06369426752,20522.40638681432,10287.7614,3883,3.2150885317223015,1.220251599870988,0.6117049370736966
A32 - Site 5.tif,18,704,28136.024147727272,17038.54254727475,6858.5076,3596,4.102353717255668,1.6180606988663748,0.6513163652146416
A32 - Site 5.tif,19,1064,37636.00751879699,26673.273930121977,11811.8742,4837,3.1862858409688384,0.928111272016911,0.41100067495991754
A32 - Site 5.tif,20,1146,27200.512216404888,20724.28481012658,7620.563999999999,3792,3.5693568371539426,0.8498357085210241,0.3124946151633025
A32 - Site 5.tif,21,2955,37242.12656514382,29936.119826086957,15622.1562,5750,2.3839299830531706,0.4676695486537376,0.24405323006115906
A32 - Site 5.tif,22,4298,32789.98301535598,26947.171359195236,12573.9306,17297,2.607775091054654,0.4646766267467787,0.21682467440742434
A32 - Site 5.tif,23,1424,23149.49157303371,19860.613216266174,6858.5076,6492,3.375295752825288,0.4795326547079629,0.16559802665469725
A32 - Site 5.tif,24,3859,35555.44052863436,17703.761594202897,7239.5358,5520,4.911287340907307,2.465859611386521,1.0083551362478196
A32 - Site 5.tif,25,1389,35550.74154067675,27716.464232184222,15241.127999999999,7339,2.3325531772092867,0.5140221451120537,0.28265789037378636
A32 - Site 5.tif,26,1562,45558.597311139565,22870.14585389931,10287.7614,4052,4.4284267042872205,2.205382743151314,0.992055389684452
A32 - Site 5.tif,27,259,22337.169884169885,18794.644001563112,8382.6204,2559,2.6647001555913516,0.4226036386668,0.18848592621973917
A32 - Site 5.tif,28,1479,23575.709939148073,22062.798283811477,9144.6768,7808,2.5780801721852318,0.16544178525094974,0.06857297228910468
A32 - Site 5.tif,29,6685,34727.13941660434,25485.182971362676,11811.8742,10406,2.940019410008188,0.7824292985810701,0.3626403803191481
A32 - Site 5.tif,30,661,24515.311649016643,16264.450615430802,6477.479399999999,3331,3.7846992842584415,1.2737764991692764,0.507294173573426
A32 - Site 5.tif,31,1539,43451.53606237817,30901.5164814105,10287.7614,5218,4.223614290115236,1.2198980023929664,0.4061295693534442
A32 - Site 5.tif,32,450,25356.19111111111,17654.39670192906,6477.479399999999,3214,3.9145151293066203,1.18901102320297,0.43625361654732314
A32 - Site 5.tif,33,669,38109.37369207773,24896.82723758549,10668.7896,3363,3.5720428577991648,1.2384297516261689,0.5306919764676125
A33 - 216.tif,1,2077,144.09147809340394,64.20050842071815,34.099799999999995,3147,4.2255813245575675,2.3428574258282224,1.2443977723151518
A33 - 216.tif,2,946,173.87420718816068,112.9299497753106,54.856199999999994,3783,3.1696363794149858,1.110982120557754,0.5396642567247243
A33 - 216.tif,3,745,149.40268456375838,106.27720207253886,38.547599999999996,3474,3.875797313581142,1.1187592088750515,0.40578300563207026
A33 - 216.tif,4,1072,164.669776119403,113.34358719920615,38.547599999999996,4031,4.27185547418476,1.3315015437246893,0.45283716691849996
A33 - 216.tif,5,7974,184.13142713819914,111.43962281854006,59.303999999999995,21316,3.10487365282528,1.2257487573755834,0.6522976520792968
A33 - 216.tif,6,760,216.78026315789472,145.6662333441664,80.0604,3077,2.7077089688637286,0.8882547402316975,0.4881984532463666
A33 - 216.tif,7,597,147.54606365159128,115.62205783456623,68.19959999999999,2974,2.1634447068598184,0.46809667230224355,0.27610653548427005
A33 - 216.tif,8,1748,184.454233409611,93.75632183908046,44.477999999999994,3915,4.147089198438332,2.039163441479808,0.9673791567519784
A33 - 216.tif,9,589,162.22920203735146,127.68410041841004,54.856199999999994,2868,2.957353991121841,0.6297392384569844,0.2705513176897869
A33 - 216.tif,10,2024,184.29644268774703,108.6305861217157,59.303999999999995,4453,3.1076561894083112,1.2758980263265944,0.6965428362347758
A33 - 216.tif,11,842,146.375296912114,93.76130806845966,40.0302,3272,3.6566216725259375,1.3143573809401596,0.5611481955821996
A33 - 216.tif,12,2922,170.2546201232033,86.4934003771213,44.477999999999994,4773,3.827838933516006,1.8832056236172927,0.96841168657018
A33 - 216.tif,13,872,176.72133027522935,133.89681706890522,62.2692,2859,2.838021529855035,0.6877318674311989,0.31983219721412565
A33 - 216.tif,14,1942,191.49330587023687,96.63398692810458,42.9954,5202,4.45380914762274,2.206266691787252,0.9816351570270098
A33 - 216.tif,15,1538,130.78413524057217,102.14763406940062,54.856199999999994,4755,2.3841267754006097,0.5220285248695911,0.28034424320500695
A33 - 216.tif,16,971,131.5437693099897,78.19492470719464,45.2193,3586,2.909018257268457,1.179780416569855,0.6822545682567034
A33 - 216.tif,17,2913,215.655681428081,115.50867256637169,62.2692,5650,3.4632801030597506,1.6082912394189488,0.8670085685167442
A33 - 216.tif,18,1247,134.12910986367282,91.45877100840336,50.4084,3808,2.660848387115329,0.8464926251736722,0.4665527251255468
A33 - 216.tif,19,26505,242.11877004338805,151.92650076962545,83.0256,23388,2.916194161972044,1.086318789179475,0.5936572540730702
A33 - 216.tif,20,1755,210.85413105413105,129.38330757341578,57.8214,4529,3.6466452043303104,1.4090081434663497,0.6296857376921635
A33 - 216.tif,21,1205,163.70373443983402,84.02446808510638,63.751799999999996,3760,2.5678292128874123,1.2498355551094917,0.948286471323324
A33 - 216.tif,22,778,140.53984575835474,84.06604938271605,45.2193,3240,3.107961550206994,1.2488870098199183,0.6717788784366487
A33 - 216.tif,23,3162,188.85768500948765,109.89985320502365,47.4432,6131,3.980711355255981,1.6642602477872783,0.7184525683576639
A33 - 216.tif,24,254,160.38976377952756,101.80223214285714,57.8214,2240,2.7738823991080936,1.0132499667344257,0.5755034088908838
A33 - 216.tif,25,1455,203.46666666666667,174.59546391752576,80.0604,7275,2.541414565019067,0.3606177679044163,0.16536055461970814
A33 - 216.tif,26,1570,201.7343949044586,105.52298332582244,42.9954,4438,4.691999489655606,2.2377140707205663,0.9117578800103426
A33 - 216.tif,27,19893,200.1339667219625,110.99188410194175,53.373599999999996,13184,3.7496808662796908,1.6701530832343936,0.8031405479171414
A33 - 216.tif,28,628,146.95382165605096,92.01996549174267,47.4432,4057,3.097468586121431,1.1578868236697657,0.5969775783416043
A33 - 216.tif,29,296,158.0777027027027,150.48384585441806,69.6822,2569,2.2685521220629834,0.10897843132385117,0.05046293709908575
A33 - 216.tif,30,2547,198.6764821358461,99.40072898799313,44.477999999999994,4664,4.466848376527219,2.2320192707750524,0.9987427069056739
A33 - 216.tif,31,2013,140.47143566815697,103.55639503507825,48.925799999999995,5559,2.871111676036894,0.7545107208371373,0.35647282446448186
A33 - 216.tif,32,3235,187.29057187017003,96.63003731343284,42.9954,5360,4.356060690832262,2.108610096327772,0.93822311434368
A33 - 216.tif,33,585,132.17777777777778,88.3362769339456,45.9606,2831,2.8758932161246555,0.9538931353005237,0.4963023387509541
A33 - 216.tif,34,726,137.71349862258953,110.67520415738679,50.4084,2694,2.731955360520667,0.5363846989755455,0.24430309091013405
A33 - 216.tif,35,972,193.6491769547325,105.62916666666666,60.0453,3600,3.2250513682583315,1.4658934216900723,0.8332926696041931
A33 - 216.tif,36,744,186.93279569892474,112.45681581685744,48.925799999999995,2883,3.820740706553952,1.5222230370652103,0.6622629258570969
A33 - 216.tif,37,1229,186.78519121236778,101.64788017263265,41.5128,3939,4.499460194623663,2.0508689131840403,0.8375709447827867
A33 - 216.tif,38,677,181.903988183161,87.7264406779661,35.5824,2950,5.112189962791692,2.6467452301904157,1.0735366300813998
A33 - 216.tif,39,2708,217.1861152141802,143.32384406165005,83.0256,5515,2.6158933532310673,0.8896324885774248,0.5153522892925279
A33 - 216.tif,40,466,176.3390557939914,89.36108949416342,37.065,2570,4.757562545431425,2.346633381258914,0.9733315336959449
A33 - 216.tif,41,1776,201.8918918918919,99.17764516869406,56.3388,4357,3.5835319860567956,1.8231529018183972,1.0356592610979187
A33 - 216.tif,42,1630,191.52269938650306,80.28983308042488,57.8214,3954,3.312315152406893,1.9237318066812783,1.38539167444531
A33 - 216.tif,43,856,199.59228971962617,99.47932618683002,45.9606,3265,4.342682420947493,2.1782344771611726,1.0063695378747581
A33 - 216.tif,44,1710,195.63508771929824,97.23454636091725,46.701899999999995,4012,4.189017741835087,2.1069922495082873,1.0119915712160148
A33 - 216.tif,45,3486,188.0146299483649,129.56197781125874,77.09519999999999,7301,2.4387332794256658,0.7581879563127703,0.4511559110169368
A33 - 216.tif,46,1362,187.51835535976505,99.27164179104477,37.065,3685,5.059175915531453,2.3808637136088397,0.8889418162900933
A33 - 216.tif,47,3163,187.33069870376224,118.83175537359263,60.7866,7816,3.0817762249072076,1.126875714695358,0.576436349939062
A33 - 216.tif,48,616,144.57142857142858,124.63742849359848,53.373599999999996,3671,2.708669239930263,0.37348052359397343,0.1599359062294404
A33 - 216.tif,49,439,151.7881548974943,116.88412174550788,68.19959999999999,2727,2.2256458230728318,0.5117923440440781,0.2986208274293823
A33 - 216.tif,50,2098,96.42040038131555,61.03315779208114,26.686799999999998,5127,3.613037169881184,1.326020451158408,0.5798035668412974
A33 - 216.tif,51,2100,167.35,88.07425631849698,42.9954,4471,3.8922768473156952,1.843819191426637,0.900101198536636
A33 - 216.tif,52,2468,163.92585089141005,77.43665011871357,37.065,4633,4.422658865430553,2.3334466679984356,1.1169026633891828
A33 - 216.tif,53,7053,154.9171983553098,111.48615576991783,72.64739999999999,11196,2.132453444087267,0.5978334060050828,0.3895644466486778
A33 - 216.tif,54,8274,198.86596567561034,128.0466739802533,72.64739999999999,10027,2.7374133919209256,0.9748358741759333,0.5530740431473267
A33 - 216.tif,55,906,135.07836644591612,81.99001248439451,38.547599999999996,3204,3.5041965365126275,1.3772155451376857,0.6474978152387908
A33 - 216.tif,56,1302,171.35176651305684,101.83593085860016,45.9606,3529,3.7282317131581078,1.5125093153555782,0.6826258184270305
A33 - 216.tif,57,778,177.98843187660668,94.52320544554455,37.065,3232,4.802062102484448,2.25186095800738,0.8830130763002625
A33 - 216.tif,58,1377,149.53376906318084,87.48851824993957,35.5824,4137,4.202464393103225,1.7437061804657417,0.7091816394569274
A33 - 216.tif,59,1179,185.28498727735368,112.2320370847283,54.856199999999994,3883,3.37764896663599,1.3317172932012828,0.6509099548016382
A33 - 216.tif,60,2479,188.86244453408634,92.36115843270869,38.547599999999996,5283,4.899460523744455,2.5034317590808075,1.0448254193480808
A33 - 216.tif,61,1431,180.8155136268344,98.18930368016944,35.5824,3777,5.081599711543302,2.322108961830676,0.841499092481469
A33 - 216.tif,62,729,171.4897119341564,98.62987402519497,51.891,3334,3.304806457788602,1.4040939256310436,0.7387197704719993
A33 - 216.tif,63,7283,152.99121241246738,99.19678869621066,51.891,7785,2.9483188295269738,1.0366811914568983,0.5423000524299098
A33 - 216.tif,64,1164,173.53178694158075,127.54484961405376,85.9908,3757,2.018027357826657,0.5347890393179167,0.3605550319207424
A33 - 216.tif,65,4257,240.0685929058022,134.1394685677252,65.2344,7715,3.6800919893338686,1.62382307987563,0.7896939317058489
A33 - 216.tif,66,1691,213.97397989355412,107.94191674733786,48.925799999999995,4132,4.37343855082226,2.1672014177498222,0.9823066546482114
A33 - 217.tif,1,1630,154.96319018404907,124.96084691648463,47.4432,5951,3.266288744253891,0.63238447788599,0.24009394946894877
A33 - 217.tif,2,26321,180.29531552752556,122.17123339658444,81.54299999999999,26350,2.2110458960967234,0.7128028417376489,0.47575914976240646
A33 - 217.tif,3,1215,159.26172839506174,88.65823941516905,32.6172,3283,4.882752913991214,2.1646091313247795,0.7963556397878253
A33 - 217.tif,4,1110,211.23333333333332,105.13336962438758,38.547599999999996,3674,5.479805053454308,2.7524401955354247,1.0091939797793945
A33 - 217.tif,5,892,191.31838565022423,153.17029257314329,72.64739999999999,3999,2.6335200657406745,0.525112985073517,0.24905673570071393
A33 - 217.tif,6,1509,192.15308151093438,134.5003370029207,68.19959999999999,4451,2.8175103883711827,0.8453531179004007,0.428643866538976
A33 - 217.tif,7,2086,206.27229146692233,146.45198646000355,88.95599999999999,5613,2.3188125752476982,0.6724707158617078,0.408463595809069
A33 - 217.tif,8,2301,142.86006084311168,83.36514522821577,48.925799999999995,5302,2.919933058098434,1.2160233578753068,0.7136665502697715
A33 - 217.tif,9,526,164.0722433460076,156.39270950770387,72.64739999999999,2661,2.258473714453964,0.10570968592470818,0.04910416771975171
A33 - 217.tif,10,648,141.55092592592592,130.33860845839018,48.925799999999995,3665,2.893175500390268,0.22916983401894386,0.08602452948740019
A33 - 217.tif,11,1228,187.99511400651465,119.99674884855052,60.7866,3691,3.0927065171532475,1.1186407061223644,0.5666683956422777
A33 - 217.tif,12,584,164.0068493150685,88.60249150622876,50.4084,2649,3.2535618921158553,1.4958688987129338,0.8510410544722482
A33 - 217.tif,13,3780,224.36640211640213,152.80432772332162,91.9212,5407,2.4408558862590306,0.7785154500299752,0.4683249188987149
A33 - 217.tif,14,1702,96.97884841363103,62.55442097934556,28.1694,4309,3.4427019524449936,1.222050431392396,0.5503116628663022
A33 - 217.tif,15,733,158.31105047748977,139.27972581070392,71.1648,3793,2.224569596981149,0.2674260963862976,0.13664102621285346
A33 - 217.tif,16,849,103.70435806831567,82.97985752886268,34.099799999999995,4071,3.0412013571312344,0.607760178457803,0.249753387799526
A33 - 217.tif,17,5143,147.80575539568346,96.26308921872452,47.4432,12262,3.1154255059635356,1.0864078764943104,0.5354354050958384
A33 - 217.tif,18,5112,157.49197965571204,115.04821404318892,50.4084,7363,3.1243201455406013,0.8419978734517093,0.3689215513845403
A33 - 217.tif,19,580,155.65172413793104,95.95895895895896,45.9606,2997,3.3866338582190987,1.2987812423246057,0.6220655769961161
A33 - 217.tif,20,14641,175.6458575233932,84.7187922487607,47.4432,13314,3.7022346192156275,1.9165457906605592,1.073280943346189
A33 - 217.tif,21,874,145.6315789473684,103.44029620487504,37.065,3241,3.929086170459397,1.1383052133039342,0.40788052902371846
A33 - 217.tif,22,1326,182.34238310708898,108.30599848139711,45.9606,3951,3.9673629819326846,1.610866364007067,0.6835852645001254
A33 - 217.tif,23,4126,214.19558894813377,141.65216261852188,96.369,7699,2.2226606992487956,0.7527672417694925,0.5121236766420194
A33 - 217.tif,24,746,148.50268096514745,83.20534417659019,53.373599999999996,3443,2.7823246124923973,1.223401396501702,0.7847733511218493
A33 - 217.tif,25,346,132.6849710982659,99.39769036448935,35.5824,2771,3.728949454252001,0.9354984690302384,0.33488988132786435
A33 - 217.tif,26,774,174.58527131782947,152.08298097251586,72.64739999999999,3784,2.4031867801710405,0.3097466714874331,0.14796060808342898
A33 - 217.tif,27,1120,152.22410714285715,93.88445108927809,38.547599999999996,4682,3.9489905234921827,1.513444573422071,0.6213984889988632
A33 - 217.tif,28,1649,151.30442692540933,81.04711519265322,38.547599999999996,5009,3.9251322231775267,1.8226118283506625,0.8668699873781086
A33 - 217.tif,29,980,169.52755102040817,89.74406634257936,38.547599999999996,3497,4.397875638857657,2.0697393523106866,0.8890112507759766
A33 - 217.tif,30,1659,166.52139843279085,116.33790421612771,77.09519999999999,4886,2.1599450862205614,0.6509289062114614,0.4313597924122884
A33 - 217.tif,31,2150,143.56837209302324,88.29989827060021,44.477999999999994,4915,3.227851343602337,1.2426024958405733,0.6259177518731719
A33 - 217.tif,32,1604,155.6571072319202,94.08035937110057,42.9954,4007,3.620320015529964,1.4321706007270065,0.6545122517164783
A33 - 217.tif,33,1161,140.69422911283377,79.6069848661234,35.5824,4295,3.9540398925674873,1.7167825731131836,0.7673603559005328
A33 - 217.tif,34,6232,195.8637676508344,150.83876590552555,84.5082,17211,2.3176894979144924,0.5327885547199085,0.2984975478420731
A33 - 217.tif,35,357,141.92717086834733,109.37742899850524,47.4432,2676,2.9915176640368304,0.6860781284352935,0.29759103102808365
A33 - 217.tif,36,602,170.23089700996678,154.36510838338992,44.477999999999994,3829,3.827305566160658,0.3567109272676323,0.10278092498820314
A33 - 217.tif,37,2699,159.74212671359763,156.10878988133305,65.2344,14073,2.448740644339647,0.05569663906938072,0.02327438983284498
A33 - 217.tif,38,2938,195.20558202859087,159.1447717436828,56.3388,7163,3.4648516119253934,0.6400706134761008,0.22659123443100834
A33 - 217.tif,39,2346,131.52685421994886,71.81616982836495,31.1346,4428,4.224459417423197,1.917824040533865,0.8314378854507756
A33 - 217.tif,40,2374,178.75273799494525,111.28112994350282,53.373599999999996,4425,3.3490852773928386,1.264138226366613,0.6063167050840915
A33 - 217.tif,41,1186,116.60202360876897,78.19853240929474,35.5824,4906,3.276957809928487,1.0792833307669352,0.4911024543728974
A33 - 217.tif,42,4531,209.34186713749725,153.93516496148982,80.0604,8699,2.6147991655218967,0.6920612708540904,0.3599353155354025
A33 - 217.tif,43,1440,144.69930555555555,109.78256257955027,50.4084,4714,2.8705395435453247,0.6926770730489067,0.3180536339505055
A33 - 217.tif,44,2616,184.11429663608564,99.70465462978301,44.477999999999994,6037,4.1394463913550785,1.89778411770594,0.8465968044446991
A33 - 217.tif,45,2661,186.84066140548666,145.772288202692,71.1648,6315,2.6254645748914074,0.5770882964193501,0.2817296326094093
A33 - 217.tif,46,7709,106.45751718770269,77.91557536918361,37.065,10767,2.8721844640221463,0.7700510403566321,0.36631882238714125
A33 - 217.tif,47,111838,209.85812514529945,131.21369040214668,74.13,56273,2.8309473238498586,1.0608988902272196,0.5993615033319154
A33 - 217.tif,48,3452,172.2630359212051,87.66437394722067,35.5824,7124,4.841242745649328,2.377542322895842,0.9650289867497113
A33 - 217.tif,49,1474,220.26051560379918,111.78581526861451,48.1845,4244,4.571190228353252,2.251236399935089,0.9703798291833607
A33 - 217.tif,50,330,147.38181818181818,131.4263978699125,72.64739999999999,2629,2.028728050302295,0.2196282359686567,0.1214019448854143
A33 - 217.tif,51,1049,131.69590085795997,86.09825503355705,38.547599999999996,3725,3.4164487756383144,1.1828919520949164,0.5296001156043767
A33 - 217.tif,52,3869,238.40087878004653,151.62411723163842,83.0256,5664,2.871414103015605,1.0451807820474204,0.5723150322459243
A33 - 217.tif,53,511,148.4050880626223,98.72915894775844,41.5128,2699,3.5749235904798775,1.1966412552971,0.503153573263172
A33 - 217.tif,54,1095,185.86849315068494,147.62450592885375,60.7866,3289,3.057721489935409,0.6291516093273792,0.2590625924781885
A33 - 217.tif,55,4912,186.52585504885994,121.23592721093252,50.4084,14123,3.7002931061461384,1.2952192060246948,0.5385361363958332
A33 - 217.tif,56,634,152.58044164037855,122.26862539349423,62.2692,3812,2.4503356653991895,0.48678666567125406,0.2479116465638949
A33 - 217.tif,57,1031,154.69156159068865,95.12683347713546,42.9954,3477,3.5978630633674773,1.3853744377235575,0.6261611569527169
A33 - 217.tif,58,434,208.82488479262673,149.08723179739712,71.1648,2843,2.9343844816999822,0.8394269777591639,0.4006892627291082
A33 - 217.tif,59,391,145.5524296675192,80.51005334427575,40.0302,2437,3.636065511317918,1.6248326590173199,0.8078789370195985
A33 - 217.tif,60,245,136.11020408163265,117.97795823665894,42.9954,2586,3.165692238006292,0.4217252506257985,0.1536918091688301
A33 - 217.tif,61,1661,173.74894641782058,107.5816224835559,48.925799999999995,5017,3.5512745092018494,1.352401471631341,0.6150430008455029
A33 - 218.tif,1,713,37611.391304347824,27713.443407513758,9906.733199999999,4179,3.7965483217323204,0.9991131987711223,0.35715330467187384
A33 - 218.tif,2,1462,46470.76812585499,23651.243951110002,10668.7896,4009,4.355767605147207,2.1389046958732414,0.9648339944362366
A33 - 218.tif,3,1582,32674.57711757269,24553.32184168746,12192.902399999999,4409,2.6798030563703925,0.6660641584302825,0.330759940681158
A33 - 218.tif,4,1311,38352.00610221205,18834.634096692113,11811.8742,3930,3.246902689005914,1.6523518346905026,1.036249066762458
A33 - 218.tif,5,720,39950.65,25055.257821901323,11811.8742,3324,3.38224479227574,1.2610523889668641,0.594501652466428
A33 - 218.tif,6,1126,54842.33925399645,32016.53920704846,16003.184399999998,3405,3.4269641518323177,1.4263286278781944,0.7129377694237404
A33 - 218.tif,7,1357,27422.865880619014,17338.348292682927,9525.705,4100,2.878827958727488,1.0586636461999925,0.581630811522347
A33 - 218.tif,8,727,35323.18294360385,29847.026941362918,12192.902399999999,3155,2.8970282697887324,0.44912653464989966,0.18347408648095792
A33 - 218.tif,9,1389,56473.94600431965,32559.177415599534,12954.958799999999,4295,4.359253230838222,1.8459934113184258,0.7345016209548
A33 - 218.tif,10,1327,39713.375282592315,32515.269574641017,14098.043399999999,3691,2.8169423341798017,0.510574801319323,0.2213761657865189
A33 - 218.tif,11,23230,42874.2822212656,26874.032836538463,13717.0152,20800,3.125627667251863,1.1664526977206728,0.595379542848773
A33 - 218.tif,12,910,47401.81428571429,33257.28409383862,14479.0716,3879,3.27381586300613,0.97689483018137,0.4253062322215267
A33 - 218.tif,13,1146,34351.660558464224,21805.630588810163,9525.705,4093,3.6062066333597524,1.317071016753184,0.5753573563741129
A33 - 218.tif,14,1070,51150.9261682243,32579.66902237927,16384.2126,3396,3.1219642601679305,1.1334848734710448,0.570025961070463
A33 - 218.tif,15,1066,30772.49530956848,18972.022935779816,8763.648599999999,3488,3.5113794167344143,1.346525050510948,0.621993364320029
A33 - 218.tif,16,953,48258.28961175236,38776.820857142855,16384.2126,3500,2.945414026898242,0.5786954177220406,0.24451382410996536
A33 - 218.tif,17,2238,31423.81948168007,19204.351096669376,6858.5076,6155,4.5817284625644,1.7816512130121251,0.6362864500599327
A33 - 218.tif,18,72803,53385.09492740684,29634.740614261475,14479.0716,140266,3.68705234715256,1.6403230102908644,0.8014362137425859
A33 - 218.tif,19,2385,50229.76100628931,31409.88221970555,14098.043399999999,4415,3.5628888052829857,1.334928418972693,0.5991706258220472
A33 - 218.tif,20,2904,44880.57196969697,23557.896429972538,9906.733199999999,5098,4.530309948152401,2.152341756786476,0.905117976178327
A33 - 218.tif,21,1273,49217.01413982718,33187.77844155844,14479.0716,3850,3.3991830069956412,1.1070623960625812,0.48298610063612346
A33 - 218.tif,22,1031,47246.122211445196,30285.797219003478,12954.958799999999,3452,3.6469527183219395,1.3091762972205383,0.5600091973736784
A33 - 218.tif,23,807,50996.1883519207,29893.43621399177,19051.41,3402,2.676767144893419,1.1076740324163854,0.7059326330656033
A33 - 218.tif,24,2404,25432.095673876873,16431.927864427114,7620.563999999999,6668,3.3372983513875747,1.1810369691059546,0.5477243987255092
A33 - 218.tif,25,2322,53598.556416882,31487.67891338232,12573.9306,4491,4.2626731546330765,1.7584698219570334,0.7022072844529514
A33 - 218.tif,26,759,35475.81949934124,25586.3735352958,13335.987,3499,2.6601570246967574,0.741560858153058,0.38651221715337336
A33 - 218.tif,27,520,34333.717307692306,23730.3359375,9525.705,2816,3.604322966925415,1.1131335024736935,0.4468281189998572
A33 - 218.tif,28,4399,49381.27347124346,28608.986084536442,15622.1562,5749,3.1609768100521136,1.3296683966515277,0.726075622719376
A33 - 218.tif,29,2937,37310.76472591079,23589.027285401313,8763.648599999999,5021,4.25744646195287,1.5657562354216052,0.5817000113860445
A33 - 218.tif,30,453,44771.328918322295,37661.679631525076,16384.2126,2931,2.732589597762847,0.43393292435627207,0.18877674485989018
A33 - 218.tif,31,321,38827.816199376946,31321.071627045385,14479.0716,3239,2.6816509560840993,0.5184548277478217,0.239670745040766
A33 - 218.tif,32,3567,54224.33417437623,37103.92171142467,17146.269,8788,3.1624567522149922,0.9984920021342002,0.46141786833480186
A33 - 218.tif,33,3791,50588.46030071221,24734.04828660436,13717.0152,7062,3.688007891153706,1.8848424119329548,1.0452964154719393
A33 - 218.tif,34,368,32939.997282608696,26127.67363403007,8382.6204,2727,3.9295585044706782,0.812672329594037,0.26073211660540974
A33 - 218.tif,35,852,46667.51995305164,24582.96257197697,12954.958799999999,3126,3.602290109407034,1.704718457387732,0.898368425546915
A33 - 218.tif,36,864,52142.741898148146,26259.17023480663,10287.7614,2896,5.068424496907312,2.515957617690896,0.9856964798157594
A33 - 218.tif,37,753,34789.19920318725,23144.367972204676,8382.6204,3166,4.1501580106318245,1.3891636117709305,0.5031388735679648
A33 - 218.tif,38,3201,59759.04342393002,34345.03043127771,15622.1562,4962,3.8252749914183912,1.6267929130446184,0.7399618714415407
A33 - 218.tif,39,1009,46680.77700693756,23014.841960183767,9144.6768,3265,5.104694023400206,2.5879465796678476,1.028290139366855
A33 - 218.tif,40,748,49241.26871657754,31469.378743249876,16003.184399999998,4074,3.076966901446613,1.110522101671,0.5647359650254951
A33 - 218.tif,41,4122,41753.77122755944,23191.67640370824,10668.7896,5717,3.913637140948051,1.7398501160650688,0.8003774501128863
A33 - 218.tif,42,630,34599.13492063492,20248.96558174336,8001.592199999999,2673,4.324031274749503,1.7934142330914624,0.7086865391199394
A33 - 218.tif,43,1646,38218.83535844472,22479.418866459626,10668.7896,5152,3.582302847026704,1.4752766791811451,0.7001700793725614
A33 - 218.tif,44,1677,42105.549791293975,20711.209051724138,11049.817799999999,4176,3.8105198251554766,1.9361713583685043,1.0329836701531676
A33 - 218.tif,45,955,49647.01780104712,27219.04685212299,10287.7614,3415,4.825832935919262,2.1800632884917346,0.8239807613677181
A33 - 218.tif,46,1350,56732.27407407408,37643.55211817168,18670.3818,3588,3.0386242060697275,1.022406620302332,0.5070914109267234
A33 - 218.tif,47,874,41468.44965675057,38930.69762174405,20575.5228,3532,2.0154262936507457,0.12333839872128467,0.06518640019408357
A33 - 218.tif,48,1659,32901.11211573237,19525.60366283165,8001.592199999999,4259,4.111820659354679,1.671605865253169,0.685024068083236
A33 - 218.tif,49,2106,45705.36324786325,25394.906119900083,9906.733199999999,4804,4.613565574554599,2.0501669640141986,0.7997846903651039
A33 - 218.tif,50,1070,43732.99345794393,29892.125132555673,10668.7896,3772,4.0991523028913175,1.2973232057529076,0.4630272442660646
A33 - 218.tif,51,4829,40164.32615448333,33580.202157336804,15241.127999999999,16131,2.635259421379899,0.4319971590778718,0.19607160094794207
A33 - 218.tif,52,1731,43183.72039283651,24942.36769434462,9906.733199999999,5287,4.359027291942507,1.8413085656201462,0.7313400604955634
A33 - 218.tif,53,517,44301.43133462282,32984.457387298455,15622.1562,3039,2.8358077314957626,0.7244181790550221,0.3431002006320359
A33 - 218.tif,54,1193,52653.33277451802,28224.718725309456,12954.958799999999,3797,4.064338110784064,1.8856574093612486,0.8655042513247251
A33 - 218.tif,55,482,46112.83817427386,25349.11439114391,9525.705,2439,4.84088455124586,2.1797571710553862,0.8191104218763504
A33 - 218.tif,56,1436,43760.33495821727,30481.700729927008,16765.2408,4247,2.610182309948758,0.7920336120840172,0.4356264220929414
A33 - 218.tif,57,1974,57765.50202634245,37295.63847731935,21337.5792,4387,2.7072191032015187,0.9593339224260974,0.5488540854841776
A33 - 218.tif,58,989,34148.51769464105,19047.292965271594,8382.6204,3369,4.073728269336914,1.801492135961619,0.792827870968078
A33 - 218.tif,59,4748,52580.69524010109,24620.6,9525.705,7205,5.519874407200925,2.9352258168893264,1.1356382557732037
A33 - 218.tif,60,24398,46934.290556603,27241.022777960585,13335.987,27351,3.519371348859879,1.4767011829441383,0.7229268863784393
A33 - 218.tif,61,2119,50253.50589900897,28403.675151975684,12954.958799999999,5264,3.879094227530093,1.6865997865633058,0.7692606900380556
A33 - 218.tif,62,9113,45757.05497640733,29707.163749005344,11430.846,17594,4.0029456241792865,1.4040860341734938,0.5402700629047418
A33 - 218.tif,63,2462,59006.552802599515,28940.609375,11811.8742,4608,4.995528381308832,2.5453999017001094,1.0388842556149227
A33 - 218.tif,64,1900,57124.47210526316,40225.30791249233,22861.692,4891,2.4986983511648293,0.7391913158817569,0.4201127367260858
A33 - 225.tif,1,2301,42034.745762711864,29411.81033369214,14479.0716,4645,2.9031381931064444,0.8718055810298642,0.4291791387813849
A33 - 225.tif,2,1038,30596.122350674374,24750.96361824072,11430.846,4013,2.6766279897959966,0.5113496177298286,0.23615883496849333
A33 - 225.tif,3,2194,57363.8290793072,40163.26525871172,19813.466399999998,4735,2.895194001958095,0.8681249143050911,0.4282660712418114
A33 - 225.tif,4,667,37170.98500749625,28469.642010886968,13717.0152,3123,2.709844996560852,0.6343466759884425,0.3056358416196024
A33 - 225.tif,5,19973,47796.3254894107,26523.33273651101,14860.0998,20665,3.216420221442829,1.431551136210093,0.802048255557571
A33 - 225.tif,6,310,31711.312903225808,25666.672758920802,12192.902399999999,2298,2.600801012169162,0.4957507200500553,0.23550540426794325
A33 - 225.tif,7,4243,49529.769267028045,29714.301669034092,12954.958799999999,5632,3.8232286209192585,1.529566238217497,0.6668663399428769
A33 - 225.tif,8,1840,49735.925,34999.52075471698,15622.1562,4505,3.1836786396981593,0.9433015555991939,0.421045886558111
A33 - 225.tif,9,1509,21657.99801192843,19405.004894249258,9906.733199999999,5721,2.186189692875404,0.22742038896100467,0.11610371293158982
A33 - 225.tif,10,2264,51189.54151943463,28216.872606486908,11811.8742,5118,4.3337357520613695,1.9448792396492225,0.8141465297489519
A33 - 225.tif,11,472,36317.04025423729,27783.260173448965,11811.8742,2998,3.0746213208236286,0.7224746840582759,0.3071554607885992
A33 - 225.tif,12,776,40239.7087628866,26693.513675213675,9906.733199999999,3510,4.0618544933506415,1.3673725550274485,0.5074714124370296
A33 - 225.tif,13,2932,53912.06105047749,24166.17598381758,14098.043399999999,5438,3.8240810813817787,2.109930025228807,1.23088920177385
A33 - 225.tif,14,1663,40588.22790138304,27322.383538083537,8763.648599999999,4070,4.631430327014336,1.5137353137692409,0.48553027391640036
A33 - 225.tif,15,3535,33126.682036775106,25709.747347045723,10287.7614,15266,3.2200087802136337,0.7209473860583677,0.2884872647563676
A33 - 225.tif,16,871,44716.229621125145,23911.820345188284,11811.8742,3824,3.785701478355339,1.7613131433383575,0.8700470719333829
A33 - 225.tif,17,2115,50437.13096926714,31402.51249702452,12573.9306,4201,4.0112461706466735,1.5138160912250846,0.6061495389593475
A33 - 225.tif,18,3709,48786.41601509841,32412.60294858871,24004.776599999997,7936,2.0323628429467697,0.6821064548671069,0.5051681005834673
A33 - 225.tif,19,2001,52658.92753623189,31971.419517884915,13717.0152,5144,3.838949419272605,1.5081639640037645,0.6470625430556138
A33 - 225.tif,20,4503,54004.015545192095,37980.97598140496,17527.297199999997,7744,3.0811376636644976,0.9141762920399383,0.42187013760856507
A33 - 225.tif,21,2188,51462.48811700183,26095.38009153318,11430.846,4370,4.502071685416531,2.219180279871363,0.9720919157521469
A33 - 225.tif,22,234,31337.52564102564,25782.413502109706,8763.648599999999,2844,3.5758537421262973,0.6338812054729803,0.21546129257678764
A33 - 225.tif,23,722,35104.34903047091,25943.9720011789,11049.817799999999,3393,3.176916548835687,0.8290070655539427,0.3530830602527721
A33 - 225.tif,24,713,28174.1206171108,24330.072237196764,11430.846,3710,2.464745008119797,0.33628730366157256,0.15799576517637803
A33 - 225.tif,25,585,30181.02564102564,22542.737933268545,8001.592199999999,3087,3.77187750720262,0.9545959750045185,0.3388358472854857
A33 - 225.tif,26,967,43031.952430196485,26522.639813374804,12573.9306,3215,3.4223150897748917,1.312979460599898,0.6224611401045441
A33 - 225.tif,27,1147,53313.72013949433,29975.813232612658,12192.902399999999,3839,4.372520864224305,1.9140567308127174,0.7785579235422726
A33 - 225.tif,28,5015,33688.21595214357,27958.652927010004,13717.0152,21592,2.4559436189965735,0.41769750500308456,0.20492986697496995
A33 - 225.tif,29,476,46265.93907563025,28162.107335662116,10287.7614,3149,4.497182358407465,1.7597445193422292,0.6428436453346139
A33 - 225.tif,30,903,33025.78073089701,22800.056717135303,10287.7614,4161,3.2102008830477837,0.9939697876111089,0.44849555159536564
A33 - 225.tif,31,1786,55387.81690929451,37024.57284066839,18289.3536,4249,3.0284185062321844,1.0040400809253356,0.4959745017895432
A33 - 225.tif,32,2607,55583.76678174146,31442.484547261884,12573.9306,5533,4.420556192802373,1.919947151168496,0.7677918135949026
A33 - 225.tif,33,28576,53681.38763297872,28843.996474135933,16765.2408,21555,3.201945517713453,1.4814813252684074,0.8610939604401066
A33 - 225.tif,34,984,46118.96341463415,30382.19901719902,15241.127999999999,3256,3.025954733442557,1.0325196663544067,0.5179600195667715
A33 - 225.tif,35,1058,46805.33553875236,34741.14640883978,15241.127999999999,3258,3.0709889411545954,0.7915548724415064,0.3472593848209747
A33 - 225.tif,36,7358,50242.766512639304,41878.81529959279,24195.290699999998,6876,2.07655147175473,0.34568508875336884,0.19971795174267612
A33 - 225.tif,37,9226,56436.51474094949,28766.576769178006,13717.0152,8747,4.11434367594113,2.017198170907568,0.9618780223237706
A33 - 225.tif,38,432,39432.24768518518,29881.628614916288,12192.902399999999,2628,3.2340329145218814,0.7832933256532146,0.3196150783260263
A33 - 225.tif,39,2131,43737.27545753167,29490.05196032121,13717.0152,4234,3.1885417359237005,1.038653328692096,0.4831196471398299
A33 - 225.tif,40,488,36657.78483606558,20542.18027734977,7239.5358,2596,5.063554604704758,2.226054957652609,0.7845128579889525
A33 - 225.tif,41,982,51876.83706720977,25624.267184698147,8763.648599999999,3346,5.91954783161326,2.9956210113766626,1.0245198308804098
A33 - 225.tif,42,542,30739.47601476015,19274.470648815655,7620.563999999999,2913,4.033753409159718,1.504482524643773,0.5948285467773936
A33 - 225.tif,43,1144,38456.096153846156,23426.489554700383,10668.7896,3638,3.6045416205236727,1.4087452431465781,0.6415646084764653
A33 - 225.tif,44,890,38070.9404494382,25836.6892804699,7239.5358,3405,5.258754359552393,1.6899220484483835,0.47352240204442564
A33 - 225.tif,45,1173,46737.19181585678,37027.02484631148,24004.776599999997,3904,1.9469954915488492,0.4045097828380231,0.2622454007538221
A33 - 225.tif,46,998,40301.61723446894,24955.70846106683,9906.733199999999,3262,4.068103624152133,1.5490382615115363,0.6149257913209304
A33 - 225.tif,47,440,44196.990909090906,34727.74739195231,17146.269,2684,2.5776447872750117,0.5522626244306019,0.27267082457902925
A33 - Site 1.tif,1,1502,37559.30093209055,25147.209994952045,10287.7614,7924,3.6508720869103786,1.2064909414721106,0.49357725726333546
A33 - Site 1.tif,2,6227,48550.58936887747,35018.79087735363,14860.0998,17473,3.2671778805176523,0.9106128945052393,0.38641535451387826
A33 - Site 1.tif,3,2553,41332.10301605954,29305.216967188884,11430.846,6766,3.6158393714711385,1.0521431264895122,0.4104008532792049
A33 - Site 1.tif,4,141,46351.13475177305,37532.69213313162,17717.811299999998,1322,2.616075652174199,0.49771625113969076,0.23495363954600754
A33 - Site 1.tif,5,4108,35178.15749756573,28625.362798570623,11049.817799999999,10634,3.183596158258274,0.5930228731001497,0.22891569078453822
A33 - Site 1.tif,6,842,38280.18052256532,27154.884363134275,10287.7614,2897,3.7209436566567446,1.081410787717164,0.4096977917729879
A33 - Site 1.tif,7,1573,22582.01652892562,18683.044029244516,10287.7614,6155,2.195036961967612,0.37899134205010937,0.20869043040181054
A33 - Site 1.tif,8,4964,55686.21837228042,32441.067717376787,10950.4836,7487,5.085274806697082,2.1227510586730984,0.716534697852913
A33 - Site 1.tif,9,17779,41282.2939985376,26708.77784547892,11003.115899999999,24618,3.751873048842472,1.3244899249898328,0.5456451896588795
A33 - Site 1.tif,10,2004,42477.14121756487,25327.624867836752,8731.0314,4729,4.8650771336724565,1.96420280308561,0.6771071681300569
A33 - Site 1.tif,11,2722,35216.80969875092,18061.364633173846,9871.1508,5016,3.567649852813032,1.7379376947173875,0.9498421306470752
A33 - Site 1.tif,12,1920,25788.188541666666,24530.0896875,12000.9057,6400,2.148853527083808,0.10483365886006572,0.0512879842753797
A33 - Site 1.tif,13,4360,40878.37844036697,24796.415563690978,8747.34,10653,4.6732353424378426,1.838497517720542,0.6485599838154869
A33 - Site 1.tif,14,1374,34153.13027656478,21046.392704402515,8382.6204,3975,4.074278524710964,1.563560908966679,0.6227545858447442
A33 - Site 1.tif,15,533,25285.810506566606,20145.75657894737,6477.479399999999,3040,3.9036496984502294,0.7935268659613647,0.25514325597421944
A33 - Site 1.tif,16,573,29049.07329842932,24738.49984505733,10287.7614,3227,2.8236534819325305,0.4190001386859343,0.1742455476430794
A33 - Site 1.tif,17,19010,47244.40710152551,31139.6431590813,14401.9764,42582,3.280411367810095,1.1182329074246384,0.5171788212268701
A33 - Site 1.tif,18,3151,29495.75531577277,24958.58698695748,10692.511199999999,13571,2.7585433172840808,0.4243314076501548,0.18178786848728426
A33 - Site 1.tif,19,1751,32953.921187892636,20391.134033613445,8754.0117,4760,3.76443650262142,1.4350891436739615,0.6160906565355365
A33 - Site 1.tif,20,2571,49177.46479968884,26924.396281800393,12573.9306,5110,3.9110653910917663,1.7697782201749026,0.8265020424217345
A33 - Site 1.tif,21,7946,41551.524540649385,27439.55615901456,11430.846,17860,3.635034934475806,1.2345515267743508,0.5142928806810733
A33 - Site 1.tif,22,1945,48941.6529562982,32685.525862068964,12573.9306,4640,3.8923113633424444,1.2928437106386057,0.4973494127897524
A33 - Site 1.tif,23,55493,44796.27262898023,25344.05400631389,11381.178899999999,26608,3.935995824557408,1.7091567396984901,0.7675259300588844
A33 - Site 1.tif,24,5918,38241.235214599525,23244.20413076533,10287.7614,7892,3.71715806069942,1.4577545591035592,0.6451944321026729
A33 - Site 1.tif,25,1501,27844.89273817455,21379.233565178372,8059.4136,4457,3.4549526950868983,0.8022493315131705,0.3024270796837243
A33 - Site 1.tif,26,625,27912.6912,23869.05466860184,7564.9664999999995,4134,3.6897309723662497,0.534521406194306,0.16940916125662925
A33 - Site 2.tif,1,1973,46894.489102889005,23159.818255578095,9144.6768,4930,5.128064132658873,2.5954630618859,1.0248211184292912
A33 - Site 2.tif,2,1372,28677.97813411079,15026.144909274193,5334.3948,3968,5.376050931599031,2.5592093830046108,0.9085386376382905
A33 - Site 2.tif,3,1645,34856.6990881459,23605.94218101976,8382.6204,4099,4.1582103715568834,1.3421527362867005,0.47660698398928925
A33 - Site 2.tif,4,3526,41821.39279636982,24664.46835670622,8382.6204,5562,4.989059601973618,2.0467256801516545,0.6956129842949448
A33 - Site 2.tif,5,2033,46637.09345794393,32954.53590814196,15622.1562,4790,2.9853173186115036,0.8758430894317398,0.4151949700622947
A33 - Site 2.tif,6,2819,44088.03547357219,30684.726143421794,14479.0716,7084,3.0449490610669914,0.9257022618868147,0.43680720067366274
A33 - Site 2.tif,7,2819,40401.60340546293,21638.62050911717,9525.705,5539,4.2413242280146735,1.969721180356316,0.8671062412888813
A33 - Site 2.tif,8,585,39179.97948717949,30858.50538358008,19432.4382,2972,2.016215313997979,0.42822593942921305,0.2696654941695458
A33 - Site 2.tif,9,909,42048.4796479648,35078.25496002369,14860.0998,3377,2.829622964439075,0.4690563846641474,0.19870500102934474
A33 - Site 2.tif,10,633,36001.92417061611,25074.197740112995,9144.6768,3186,3.936926909278712,1.1949822469932636,0.4358155959269991
A33 - Site 2.tif,11,1571,40190.317632081475,20869.06616643929,8382.6204,4398,4.794481404887847,2.304917859052658,0.9258321053533535
A33 - Site 2.tif,12,1512,49038.21759259259,28447.886573463467,12573.9306,3791,3.8999911127673625,1.6375413284937923,0.7237912372136914
A33 - Site 2.tif,13,1462,47233.68194254446,30321.61433447099,12573.9306,4102,3.756477067123855,1.345010414488849,0.5577561742430543
A33 - Site 2.tif,14,791,33180.616940581545,24363.702339472373,8382.6204,4018,3.958263091639216,1.051808883186295,0.36188730588868684
A33 - Site 2.tif,15,1590,24727.440880503145,16417.771219302023,6477.479399999999,4642,3.8174480154217045,1.2828554362038256,0.5061387170157761
A33 - Site 2.tif,16,1484,46997.22978436658,31890.098106060606,13717.0152,5280,3.4261994390975317,1.1013424901865647,0.47372484173794926
A33 - Site 2.tif,17,1060,38097.34056603774,26968.54779304297,11430.846,3421,3.3328539782623623,0.9735756017520517,0.4126582142425006
A33 - Site 2.tif,18,1018,36591.700392927305,28841.03607262303,10097.247299999999,4186,3.623928314887471,0.7676017126268266,0.2687373747872673
A33 - Site 2.tif,19,1442,33928.8120665742,19134.822514836796,8382.6204,5392,4.047518609638309,1.7648406877305045,0.7731448535913349
A33 - Site 2.tif,20,3050,45449.396721311474,31739.319558676027,13335.987,4985,3.408026471627289,1.028051179310925,0.4319587613491683
A33 - Site 2.tif,21,35638,37343.618721589315,24202.752822865208,8382.6204,28340,4.454886054669106,1.5676322285461513,0.5429492254411667
A33 - Site 2.tif,22,4457,34928.41619923715,27560.77378514243,9144.6768,10742,3.819535338766588,0.8056755394664865,0.26732349648556764
A33 - Site 2.tif,23,1592,21719.405778894474,19945.159312202195,7239.5358,4827,3.0001102803945625,0.24507738005658156,0.08895624441595348
A33 - Site 2.tif,24,52283,39564.74274620814,30470.220918757164,13717.0152,62824,2.8843550998018355,0.6630102609672944,0.2984724610857512
A33 - Site 2.tif,25,759,34248.38208168643,27412.27152536771,9525.705,6051,3.5953645511435086,0.7176487783645983,0.24938139657598218
A33 - Site 2.tif,26,1562,47780.939820742635,33349.41012317167,16003.184399999998,5196,2.9857145069648,0.9017911271185469,0.43273718018596663
A33 - Site 2.tif,27,2358,38403.625530110265,20358.86706881144,8763.648599999999,4476,4.382150321507237,2.0590463270376036,0.8863341167413704
A33 - Site 2.tif,28,3073,43029.393752033844,26994.19356419471,11811.8742,6122,3.64289299254452,1.3575491845168448,0.5940240500128293
A33 - Site 2.tif,29,3862,37287.69212843086,27927.138555877085,12954.958799999999,14514,2.8782563267126777,0.7225459931641429,0.33517768223270256
A33 - Site 2.tif,30,2389,39726.993302637085,24967.425631327176,9525.705,8989,4.170504262161738,1.5494462269505946,0.5911529642361223
A33 - Site 2.tif,31,1470,33881.691156462584,18760.733609743456,8763.648599999999,3859,3.8661626798253783,1.7254180578054983,0.8059896729655572
A33 - Site 2.tif,32,3165,31003.13206951027,22051.42643710871,8382.6204,7028,3.698501254986243,1.0678887036792077,0.4059467834395212
A33 - Site 2.tif,33,980,36882.38469387755,21900.45681636992,8001.592199999999,3763,4.609380704734173,1.8723683365779267,0.6840920261673383
A33 - Site 2.tif,34,1065,45307.77276995305,29754.872401847577,13717.0152,3464,3.303034378056242,1.1338399893363198,0.5227009599656195
A33 - Site 3.tif,1,1342,36346.73248882265,20363.9763252702,8763.648599999999,3886,4.1474429370412205,1.8237559369432286,0.7848543873875543
A33 - Site 3.tif,2,719,40390.105702364395,26641.385531914893,13717.0152,3525,2.944525839873309,1.0023113607426402,0.5160662591656181
A33 - Site 3.tif,3,889,28790.359955005624,16251.442883323152,6096.4511999999995,3274,4.722478538819175,2.056756736060137,0.7715571572135232
A33 - Site 3.tif,4,2859,29094.575376005596,23853.779534267323,9525.705,10564,3.054322527936258,0.5501740649886565,0.2197050506904942
A33 - Site 3.tif,5,2009,28920.62319561971,21061.685846030472,8763.648599999999,4988,3.300066503760399,0.8967654578916221,0.37313904532797376
A33 - Site 3.tif,6,4464,50450.06720430108,28253.631410666327,11049.817799999999,7819,4.565692223835168,2.008760342963724,0.7856135542720815
A33 - Site 3.tif,7,2211,34737.426503844414,26081.668630601678,11049.817799999999,5601,3.143710342790718,0.7833394206042839,0.3318713229522285
A33 - Site 3.tif,8,3280,45840.10274390244,27444.80099009901,13335.987,6060,3.437323592462115,1.3793731018026363,0.6702654451906216
A33 - Site 3.tif,9,107757,37871.750039440594,26251.20556339685,11328.5466,85020,3.343036964636502,1.0257754049432508,0.4426670785833291
A33 - Site 3.tif,10,1550,46206.1129032258,24976.36744730679,8001.592199999999,4270,5.774614820181421,2.6531901308207737,0.8499933187121541
A33 - Site 3.tif,11,1483,35612.1955495617,21851.525718102872,9160.9854,4491,3.8873760839661227,1.5020949418218488,0.6297349672042588
A33 - Site 3.tif,12,5357,43358.854582788874,34537.76140065146,17543.605799999998,8596,2.4714904722017956,0.5028095867345801,0.25540431181415457
A33 - Site 3.tif,13,3080,42657.597727272725,23785.83374129166,8806.644,5311,4.843797220283264,2.142900744705887,0.7934035103092554
A33 - Site 3.tif,14,5407,24977.52191603477,18446.75428977561,8348.5206,9849,2.991850066945376,0.7822664564367652,0.3540334263505312
A33 - Site 3.tif,15,1683,35025.71004159239,20563.521820303384,7295.874599999999,4285,4.8007554901703475,1.9822418851975867,0.7032933535248199
A33 - Site 3.tif,16,17125,32689.39205839416,22104.139646790358,7961.562,20158,4.1059018391558215,1.3295446812560787,0.47888099608238094
A33 - Site 3.tif,17,2708,31411.69460856721,20047.711268645697,7963.044599999999,6771,3.9446839979431694,1.4270902538844557,0.5668469177171828
A33 - Site 3.tif,18,457,30048.754923413566,18659.254850746267,7620.563999999999,2680,3.94311430536823,1.4945744268603156,0.6103941536660923
A33 - Site 3.tif,19,2983,51584.02681863895,29061.048325791857,11430.846,5525,4.512704205672425,1.9703684655385427,0.7750229186622309
A33 - Site 3.tif,20,1795,38619.72646239554,24975.767476876747,8001.592199999999,4649,4.8265052125934735,1.7051555046134124,0.5462878767647594
A33 - Site 4.tif,1,5267,38955.62768179229,24888.608383825893,10287.7614,8087,3.7865990634030866,1.3673547384130356,0.5651991096096131
A33 - Site 4.tif,2,1068,36497.2265917603,23530.16535639413,9950.4699,3816,3.66788975380184,1.3031606914717804,0.5510824526287048
A33 - Site 4.tif,3,1075,34696.04,20062.80579076755,9874.116,3661,3.5138375931541477,1.4819791674735874,0.7293712734815506
A33 - Site 4.tif,4,1240,55351.0435483871,37040.258633540376,17822.3346,4025,3.105712286893999,1.0274066403644138,0.49434819275967895
A33 - Site 4.tif,5,18561,43683.52944345671,20533.742883295195,10275.900599999999,10925,4.251065784288941,2.2528231306693436,1.1274021834072576
A33 - Site 4.tif,6,1049,35691.15061963775,21276.072245635158,7239.5358,3322,4.930033030513981,1.9911605898796279,0.6775253537199805
A33 - Site 4.tif,7,500,27098.08,23990.946267789717,10668.7896,3443,2.539939488540912,0.2912358241845328,0.1295127627533655
A33 - Site 4.tif,8,478,28159.780334728035,25836.710113179994,10668.7896,2739,2.63945408902821,0.2177444966714747,0.08991354593408865
A33 - Site 4.tif,9,1316,37655.80015197569,29256.533727227965,10287.7614,6093,3.6602520886554664,0.816432856300454,0.28709027880934396
A33 - Site 4.tif,10,242,40016.59917355372,27231.973992197658,11811.8742,2307,3.387828086885639,1.0823536523395445,0.4694711145440407
A33 - Site 4.tif,11,228,34247.587719298244,26506.675836772123,10287.7614,2181,3.328964036750012,0.7524389010925736,0.29203631304776456
A33 - Site 4.tif,12,1956,44951.21625766871,33019.21375661375,16384.2126,4725,2.743568907158912,0.7282621870426459,0.3613654337442049
A33 - Site 4.tif,13,183,36221.551912568306,30544.51131418625,10668.7896,2298,3.395094783060897,0.5321166515812379,0.18586123509998748
A33 - Site 4.tif,14,821,35330.76979293545,22363.466886424932,11430.846,3337,3.090827204994673,1.1344132277260293,0.5798431420477174
A33 - Site 4.tif,15,207,32874.893719806765,31218.51326663767,11811.8742,2299,2.7832072339357397,0.14023011294580942,0.05305763407185346
A33 - Site 4.tif,16,1342,41965.4955290611,27417.99049244271,9906.733199999999,4102,4.236057909485111,1.4684462317612137,0.5305824670346593
A33 - Site 4.tif,17,1110,37834.33603603604,24731.868591338975,9335.1909,4018,4.0528722381023305,1.4035564548211894,0.5297807319451879
A33 - Site 4.tif,18,1186,40988.032883642496,33287.788550323174,22480.6638,4332,1.8232572333395363,0.3425274449999069,0.23132339721745354
A33 - Site 4.tif,19,36202,45514.244240649685,29959.768319696217,15241.127999999999,22121,2.986277934324797,1.020559365484186,0.5191787785195394
A33 - Site 4.tif,20,1049,40983.292659675884,26898.510274886576,11049.817799999999,3747,3.708956419140123,1.2746619573018265,0.5236268566863398
A33 - Site 4.tif,21,478,25980.119246861923,26028.38888888889,10668.7896,3456,2.4351515233590857,-0.004524378475597867,-0.0018544998014669526
A33 - Site 4.tif,22,819,24190.007326007326,20088.137370753324,8382.6204,3385,2.8857333592224297,0.48933027615673835,0.20419364322069727
A33 - Site 4.tif,23,642,28087.457943925234,23442.82108218479,8382.6204,3918,3.3506775451613824,0.5540793499052996,0.1981261916155698
A33 - Site 4.tif,24,849,36457.06949352179,27284.50407640345,11430.846,4293,3.1893588185415056,0.8024397684222425,0.3361822297165269
A33 - Site 4.tif,25,511,35411.18003913894,23404.49472674976,8001.592199999999,3129,4.42551671642235,1.5005370196664332,0.5130076702173458
A33 - Site 4.tif,26,1055,34258.22180094787,26029.081507017974,8382.6204,4061,4.08681535918136,0.9816906768103296,0.31615177399586636
A33 - Site 4.tif,27,619,31114.852988691437,24382.478057094162,8382.6204,4694,3.7118289393915913,0.8031348922336079,0.2761152872087055
A33 - Site 4.tif,28,715,40109.253146853145,21318.284988139614,9525.705,2951,4.210633559071065,1.9726590481957822,0.8814483983659583
A33 - Site 4.tif,29,2439,46408.67855678557,25984.69441093687,12573.9306,9948,3.6908648562724418,1.6243118238486585,0.7860005518188604
A33 - Site 4.tif,30,581,42629.26678141136,26930.60108548168,8763.648599999999,2948,4.864328629215316,1.7913390201327521,0.5829303863695422
A33 - Site 4.tif,31,1491,31908.85110663984,20436.630776132795,7620.563999999999,4458,4.187203349594331,1.5054293003105794,0.5613557565417986
A33 - Site 4.tif,32,9342,28516.463605223722,21333.880765797043,8382.6204,10081,3.4018555349577446,0.8568421921405519,0.33667493121732406
A33 - Site 4.tif,33,822,34498.96715328467,22214.46881091618,8763.648599999999,3078,3.9365986392066548,1.401756152380924,0.5529953674303643
A33 - Site 4.tif,34,2010,41095.83432835821,30072.319785759293,13717.0152,6348,2.9959749791870354,0.8036379913460238,0.3665668169641977
A33 - Site 4.tif,35,366,27131.756830601094,13725.877630121817,8001.592199999999,1806,3.390794750895602,1.675401453283576,0.9766864867751653
A33 - Site 5.tif,1,1494,32780.4016064257,21899.842224744607,9906.733199999999,4405,3.3089012235024775,1.0982994254523895,0.49683277486730903
A33 - Site 5.tif,2,741,39618.23211875843,25049.913429183238,10287.7614,3269,3.851006120604617,1.41608248122483,0.5815716182315119
A33 - Site 5.tif,3,513,25558.22417153996,19525.131029986962,5715.423,3068,4.471799230169883,1.0555812127190662,0.30899117308274154
A33 - Site 5.tif,4,1326,49028.661387631975,28874.66049537153,18670.3818,3997,2.6260127892834904,1.0794637789490547,0.6979822635658022
A33 - Site 5.tif,5,648,39894.88734567901,26621.20240807029,10287.7614,3073,3.8778978044378274,1.2902403566237273,0.4986132757692334
A33 - Site 5.tif,6,1512,33425.637566137564,25849.85440891473,16003.184399999998,4128,2.0886866470223686,0.47339223043746853,0.29306869730791507
A33 - Site 5.tif,7,1040,46569.63557692308,25672.102924634422,10668.7896,3556,4.365034584324301,1.958753845166191,0.814017173179361
A33 - Site 5.tif,8,1679,45002.092912447886,29020.061235080437,10668.7896,3854,4.218106701851698,1.4980173268533168,0.5507235683583713
A33 - Site 5.tif,9,645,31932.548837209302,21962.254749299285,8382.6204,3211,3.8093755071112616,1.1894006422977381,0.45397406603816864
A33 - Site 5.tif,10,900,40770.765555555554,22609.44004254188,8763.648599999999,3761,4.652259283366181,2.0723475280595975,0.8032629502912645
A33 - Site 5.tif,11,1047,45563.62082139446,28441.30976616231,17146.269,3635,2.657349002361265,0.9986027313126935,0.6020225930522084
A33 - Site 5.tif,12,562,29916.26334519573,22017.874597207305,6858.5076,3724,4.361920273318952,1.1516191580770296,0.3587262118836234
A33 - Site 5.tif,13,896,29633.01785714286,18823.179609086106,8382.6204,3786,3.5350542483240095,1.2895535921015648,0.5742833289883187
A33 - Site 5.tif,14,1101,32434.287011807446,21277.731380964404,10287.7614,3961,3.152705992168123,1.0844492982537677,0.5243301285784036
A33 - Site 5.tif,15,1413,41057.796178343946,24190.17026773133,10287.7614,4258,3.9909358879866748,1.6395817568821358,0.6972925665226237
A33 - Site 5.tif,16,7484,36481.981026189205,26300.91335113485,11430.846,14980,3.1915381439096713,0.8906661567346328,0.3870993960980137
A33 - Site 5.tif,17,1859,29514.632060247444,15202.868611670021,6096.4511999999995,4970,4.841280786467878,2.3475564683522685,0.9413857222696786
A33 - Site 5.tif,18,1791,45732.798436627585,36356.3445483987,12192.902399999999,5558,3.7507721243294854,0.769009180965903,0.2579041981446753
A33 - Site 5.tif,19,269429,44610.649662805416,30072.37053705693,12954.958799999999,93100,3.4435192231387863,1.1222173184940785,0.4834430697050881
A33 - Site 5.tif,20,4574,37749.67031045037,21875.083279618408,9906.733199999999,7757,3.8105064049178456,1.6024038106543474,0.7256926443619749
A33 - Site 5.tif,21,798,28486.42105263158,21101.58798405467,8001.592199999999,3512,3.5600940838494597,0.9229204493285327,0.3499657501678893
A33 - Site 5.tif,22,2285,30078.110284463895,21893.96259212905,8001.592199999999,7191,3.759015647464052,1.0228148958059395,0.3738084258567855
A33 - Site 5.tif,23,36184,43617.22689586558,28093.534200295402,12954.958799999999,58903,3.3668364036659004,1.1982819038805583,0.5525717264651386
A33 - Site 5.tif,24,8563,31614.391451594067,22800.435789129013,10287.7614,30540,3.0730097853516836,0.85674184302685,0.38656961401867507
A33 - Site 5.tif,25,2450,53324.66775510204,33398.10230520099,14479.0716,5249,3.6828789323111857,1.376232261320352,0.5966376552715684
A33 - Site 5.tif,26,247637,55291.08982098798,35509.87629801794,16765.2408,100249,3.2979597776463194,1.1798943873778565,0.5570623044966396
A33 - Site 5.tif,27,994,42399.311871227364,28353.191422121898,12192.902399999999,4430,3.477376467082406,1.1519915429728977,0.4953982160238005
A33 - Site 5.tif,28,916,38438.33406113537,25908.53628679685,9144.6768,3431,4.203356214961401,1.3701739326998215,0.483616582412606
A33 - Site 5.tif,29,5185,28575.128640308583,18243.256858981596,7620.563999999999,8857,3.7497393421630063,1.35578833552391,0.5663392156995637
A33 - Site 5.tif,30,6609,32551.5056740808,24190.295102118,9525.705,10576,3.417227981975783,0.8777524153807009,0.34564318197289245
A33_001.tif,1,3355,53864.74873323398,27668.04549950544,14860.0998,6066,3.6247905100339723,1.7628887817907462,0.946821604518011
A33_001.tif,2,1283,47730.48869836321,23631.116536458332,13907.529299999998,4608,3.4319890807872606,1.7328291490198442,1.0198152137548777
A33_001.tif,3,3032,49653.298482849605,24007.902568807338,12573.9306,5450,3.948908266028613,2.039568749808582,1.0682064308004893
A33_001.tif,4,2543,37923.11403853716,18240.41176470588,9525.705,4369,3.98113462872274,2.0662724988660277,1.0790711595615048
A33_001.tif,5,1158,45959.94473229707,23430.84700055036,12192.902399999999,3634,3.7694015111823886,1.8477223053740044,0.9615144399691532
A33_001.tif,6,7424,45606.97629310345,28425.92512908778,15241.127999999999,9296,2.992362264333291,1.1272821253127983,0.6044148461655005
A33_001.tif,7,4719,54629.19220173766,25222.35489443378,12954.958799999999,5210,4.216855726449357,2.269929048889077,1.1659037163806576
A33_001.tif,8,1480,33538.847297297296,22532.70816532258,8382.6204,3968,4.000997981163179,1.3129711959713202,0.488451678831401
A33_001.tif,9,1054,55201.84440227704,29806.33740376958,12192.902399999999,3767,4.527375237763879,2.082810652079577,0.852017027603237
A33_001.tif,10,3475,55518.360287769785,25102.054114825365,10668.7896,6671,5.203810588571148,2.8509612911398974,1.2117058641415452
A33_001.tif,11,1536,43707.568359375,26360.395551257254,12192.902399999999,4136,3.584673027427756,1.4227271111514448,0.658077105648128
A33_001.tif,12,480,35988.03125,34558.39098497496,14479.0716,2995,2.485520635865572,0.09873839321466239,0.04136883183149913
A33_001.tif,13,1473,47795.718940936866,34522.17181208054,17527.297199999997,4470,2.72693036442091,0.7573071294100471,0.38449339749266864
A33_001.tif,14,557,28213.24775583483,22847.144084934276,8763.648599999999,3956,3.2193495019645857,0.6123138792779106,0.2348697785136606
A33_001.tif,15,1169,34991.35243798118,21711.75448731174,12954.958799999999,4847,2.7010006730360403,1.0250590646926017,0.6116317296432153
A33_001.tif,16,464,40031.62715517241,27869.79804045512,16003.184399999998,3164,2.501478840370508,0.7599630680197432,0.43638023845953655
A33_001.tif,17,643,46184.45878693624,31754.317580340266,12002.388299999999,3174,3.847939062836166,1.202272484934015,0.45443083984035654
A33_001.tif,18,22317,46157.83107048438,23480.909291222917,14479.0716,13615,3.187899911376397,1.566186175862671,0.9657599498384146
A33_001.tif,19,6707,54829.36171164455,21045.668985331922,11049.817799999999,6613,4.962015003685846,3.0573981705184363,1.6052562999941982
A33_001.tif,20,1678,45326.345649582836,28153.503535541495,13335.987,5374,3.3987994776501242,1.2877068726917973,0.6099717604367049
A33_001.tif,21,1498,40199.740987983976,29648.279326446867,14479.0716,7067,2.7764032182806675,0.7287388275315816,0.3558878255751399
A33_001.tif,22,1811,42120.75317504141,22830.065752837865,10287.7614,4669,4.094258365576059,1.8751103055505152,0.8449685441574863
A33_001.tif,23,1356,46015.31932153392,22792.737273129704,10668.7896,4518,4.313077776085375,2.176683852532104,1.018858848330212
A33_001.tif,24,598,40632.64548494983,24842.78064516129,11811.8742,2635,3.4399829186222988,1.3367789541625135,0.6355916861850017
A33_001.tif,25,3582,32170.703238414295,18078.316717422666,10287.7614,6239,3.127084891216764,1.3698205054578667,0.7795187318187948
A33_001.tif,26,7673,46920.938485598854,21871.099048334585,11811.8742,7986,3.972353387031427,2.1207336797781897,1.1453397646772707
A33_001.tif,27,932,54206.59442060086,24127.60986964618,11811.8742,3222,4.589161169745184,2.5465039706339923,1.246662421742121
A33_001.tif,28,798,33682.78070175439,23185.52515266066,11430.846,3439,2.946656853020758,0.9183270904957119,0.4527503897354936
A33_001.tif,29,927,23212.06256742179,21810.972265747416,11430.846,6382,2.0306513242678177,0.12257100670179182,0.06423786544692675
A33_001.tif,30,2202,41704.0272479564,25280.438061828547,12954.958799999999,4561,3.219155528917947,1.267745381491694,0.6496560362583144
A33_001.tif,31,3313,27544.6906127377,15514.70616883117,8382.6204,6160,3.2859284207483426,1.4351102483290523,0.7753923479431952
A33_001.tif,32,492,38084.0569105691,32375.61406291303,16384.2126,3783,2.324436202112383,0.3484111801413385,0.17631921472011408
A33_001.tif,33,1419,53486.2459478506,36893.64496124031,14860.0998,3870,3.5993194303994245,1.1165874529724977,0.4497414393193634
A33_001.tif,34,2150,52764.371162790696,25594.68990011099,11430.846,4505,4.615963784547927,2.3768740531239714,1.0615358642243706
A33_001.tif,35,1418,23837.384344146685,12785.034325983179,6858.5076,4399,3.475593486855935,1.6114803194425842,0.8644755842143527
A33_001.tif,36,1895,57114.48654353562,29744.400085124493,14479.0716,4699,3.9446235312142646,1.890320540882761,0.9201761131531447
A33_001.tif,37,278,33519.08633093525,23629.377920120573,12192.902399999999,2654,2.749065417837492,0.811103713157465,0.41853443811524715
A33_001.tif,38,4131,48913.675865407895,23503.838109860117,11811.8742,5862,4.14105966903766,2.1512113425256647,1.081093123462132
A33_001.tif,39,1293,36309.54833720031,20791.72131147541,9525.705,3599,3.811743943063761,1.6290476164975303,0.7463464324693889
A33_001.tif,40,1816,42351.788546255506,25547.305217570633,12192.902399999999,4849,3.473478845055036,1.378218473123437,0.6577790958993476
A33_001.tif,41,3281,49546.71746418775,21323.840537944285,9525.705,5205,5.201370131043921,2.9628124035138432,1.3235362961943742
A33_002.tif,1,48905,40179.539229117676,27052.616401600157,14860.0998,40996,2.703853928968272,0.8833670704895726,0.48523671916392574
A33_002.tif,2,2643,55258.01437760121,28205.801195219123,15431.6421,5020,3.5808252951619064,1.7530352898972792,0.9591010372347744
A33_002.tif,3,4321,49442.19648229577,36032.639912280705,19432.4382,6840,2.5443125547812278,0.6900604253566164,0.3721502671648844
A33_002.tif,4,1424,52023.54985955056,33571.67133243607,16765.2408,3715,3.1030601039455115,1.1006032509299533,0.5496264497645453
A33_002.tif,5,783,39997.14303959131,20370.646245595013,9525.705,3689,4.198864340177375,2.060372097810681,0.9634695216520553
A33_002.tif,6,2111,50890.86972998579,29988.966305901573,15622.1562,4897,3.2576085578988905,1.337965333112649,0.6969864586484239
A33_002.tif,7,1932,33162.57763975155,15484.508811681773,8382.6204,3972,3.956111103362379,2.108895307730825,1.141661582104673
A33_002.tif,8,1017,53635.16715830875,31237.52012742543,20575.5228,3453,2.6067462625193993,1.0885578582174562,0.7170110475963108
A33_002.tif,9,1273,36017.14689709348,21578.22462092007,9906.733199999999,3891,3.635622981858149,1.457485730630036,0.6691432001392827
A33_002.tif,10,11092,45444.30535521096,35384.200744845126,19051.41,11009,2.385351286607506,0.5280503968137034,0.28431063578081756
A33_002.tif,11,538,43945.566914498144,30220.990102072377,17908.325399999998,3233,2.453918271692428,0.766379686870002,0.45414054159264866
A33_002.tif,12,566,39457.673144876324,25223.024809698338,12192.902399999999,3547,3.23611818174186,1.1674536437826577,0.5643513592271088
A33_002.tif,13,588,48138.110544217685,34467.862676056335,15241.127999999999,2840,3.1584348969568463,0.896931504554806,0.39660851607296344
A33_002.tif,14,1193,51307.36797988265,32061.07002636976,20956.551,3413,2.4482734768644976,0.9183905287422393,0.6003011732820235
A33_002.tif,15,1120,47840.55,29154.132491265787,14098.043399999999,3721,3.393417699364301,1.3254617664690238,0.6409526167285554
A33_002.tif,16,3414,46455.34710017575,21650.560608566233,9144.6768,6047,5.080042533610914,2.712483670454312,1.1456879542317175
A33_002.tif,17,5042,50542.245934153114,34768.806376262626,19432.4382,15840,2.600921480564755,0.8117066626195353,0.45366640968885263
A33_002.tif,18,2510,55587.3593625498,26602.02674217398,10287.7614,6357,5.403251222612508,2.8174577046807916,1.0895911390996584
A33_002.tif,19,12988,40923.668463196795,25433.110902377404,11049.817799999999,30874,3.7035604752831093,1.401883527962368,0.6090704994867652
A33_002.tif,20,934,50756.39935760172,35794.81717713925,13717.0152,3167,3.700251010698356,1.0907316177976938,0.4179818018462646
A33_002.tif,21,4252,38745.590780809034,24869.125448028673,10668.7896,12276,3.631676341313612,1.3006597611379789,0.5579796266569053
A33_002.tif,22,15322,39520.870251925335,28135.978542618985,11049.817799999999,18595,3.5766083176402756,1.0303239307073504,0.4046381998783882
A33_002.tif,23,735,41386.79047619048,26159.69324137931,14098.043399999999,3625,2.9356407341008133,1.0800858532468673,0.5820824080123072
A33_002.tif,24,3405,38760.27958883994,23567.458277153557,12573.9306,6675,3.0825905456173834,1.208279399257564,0.6446525175949056
A33_002.tif,25,1357,59799.56300663228,40780.46475195822,14479.0716,3830,4.1300688786283075,1.3135578564761652,0.4663776729949141
A33_002.tif,26,3856,58323.27074688797,29138.684442934784,14860.0998,5888,3.924823623785401,1.963956278674087,1.0015752894094543
A33_002.tif,27,1149,52623.7136640557,27919.280710790626,16384.2126,3883,3.2118549086712647,1.5078193597933414,0.8848520565111878
A33_002.tif,28,1605,31684.657320872273,26059.921253650864,11811.8742,8902,2.6824411422232592,0.47619336034044846,0.21583856729541165
A33_002.tif,29,522,34438.49233716475,29024.75600282486,9906.733199999999,2832,3.476271303756317,0.5464703878705878,0.186521338329636
A33_002.tif,30,2639,45682.69950738916,24002.092890503372,11811.8742,5781,3.8675233696063644,1.8354925094670775,0.9032798396282712
A33_002.tif,31,402,34288.40298507463,24949.521196283393,10287.7614,3444,3.332931397985309,0.9077661724135787,0.37431106253769153
A33_002.tif,32,454,45020.85242290749,30778.687043548824,16003.184399999998,3697,2.8132433706681126,0.8899582122761622,0.46272816508393527
A33_002.tif,33,784,27280.025510204083,13363.616875372689,9525.705,3354,2.863832704264455,1.4609321446356762,1.041365430078066
A33_002.tif,34,12379,35641.30559819048,26420.146594467642,11811.8742,15328,3.0174132398193256,0.7806685753320192,0.34901997877825003
A33_002.tif,35,20685,49226.65095479816,30133.56256960319,14098.043399999999,17061,3.4917363749045665,1.3543076754311474,0.6336153696094508
A33_002.tif,36,6190,56868.079806138936,26258.22489244919,17908.325399999998,6741,3.175510749101487,1.709252776570201,1.1657244554440636
A33_002.tif,37,596,28549.854026845638,15993.794556059624,8763.648599999999,3086,3.257758877599572,1.4327433748052938,0.785058194086969
A33_002.tif,38,2563,46245.66094420601,24978.00839054157,14860.0998,5244,3.1120693377964317,1.431191771245717,0.8514550968647023
A33_002.tif,39,3065,52062.83360522023,22179.46602848471,12954.958799999999,4283,4.018757173135899,2.30671266794862,1.3473438692502042
A33_002.tif,40,3068,51093.07431551499,25342.70227318447,11430.846,4971,4.4697544097322535,2.252709208251777,1.0160862785957616
A33_003.tif,1,506,35387.782608695656,22069.500529848112,10287.7614,2831,3.4397942596784232,1.2945753270322344,0.6034700269192349
A33_003.tif,2,967,50944.73526370217,20673.397159647404,10668.7896,4084,4.775118562995601,2.8373732390435733,1.4642653004861257
A33_003.tif,3,490,39789.89387755102,23310.054470323066,10478.2755,2662,3.7973704621063877,1.5727625607107032,0.7069841654897033
A33_003.tif,4,515,24784.281553398057,14503.864046159395,8382.6204,2773,2.9566269699351397,1.226396641702444,0.7088054241623849
A33_003.tif,5,2003,40167.95806290564,21244.246349054345,8382.6204,4177,4.791814032621318,2.257493577286253,0.8907687946616544
A33_003.tif,6,3095,56957.593861066234,37282.96568863236,21718.607399999997,6237,2.622525137640271,0.9058881082967051,0.5277109213022566
A33_003.tif,7,775,43544.42193548387,27621.02100840336,10668.7896,3332,4.081477240440008,1.4925217877635888,0.5764957393222446
A33_003.tif,8,2381,41140.508189836204,23629.122945085695,13717.0152,5718,2.999231800064362,1.2766177619120624,0.7410933230759229
A33_003.tif,9,431,43127.70069605568,30127.014993752604,11049.817799999999,2401,3.9030236947451438,1.176552042540585,0.4315291675924315
A33_003.tif,10,1537,47505.03708523097,22182.916025350838,14098.043399999999,4418,3.3696191547542886,1.7961443543195628,1.1415145344701467
A33_003.tif,11,1300,37355.74076923077,22150.916360068677,8763.648599999999,4077,4.262578575912793,1.7349879146391998,0.6864196569567149
A33_003.tif,12,858,47869.994172494175,32112.14170432537,13335.987,3098,3.5895351557000077,1.181603766422162,0.49071322035307846
A33_003.tif,13,1519,53146.88940092166,38877.591899251194,15241.127999999999,5876,3.487070602706492,0.9362363141140934,0.3670314133304545
A33_003.tif,14,727,34865.39064649244,26400.587175410707,9525.705,3774,3.6601375590001823,0.8886275053733916,0.32062936384091384
A33_003.tif,15,551,35837.27404718693,22215.979237576583,10668.7896,2938,3.359075901839262,1.2767422847665475,0.6131305158300143
A33_003.tif,16,6221,57497.439639929275,40265.761745953896,21718.607399999997,20390,2.647381509364307,0.7934062058678516,0.42794863791947574
A33_003.tif,17,319,39646.47962382445,29489.961835529306,11430.846,2201,3.4683766734141783,0.8885184690867378,0.34440593192139024
A33_003.tif,18,970,52054.68762886598,25162.04175007149,13335.987,3497,3.9033247129610236,2.0165470976219697,1.0687783664736743
A33_003.tif,19,1083,20402.19298245614,12578.242686890575,6858.5076,3692,2.9747277647438044,1.1407657105394413,0.6220225265420982
A33_003.tif,20,425,40991.19764705883,37946.748569384836,18289.3536,2796,2.241260054539949,0.1664601791980405,0.08022951089225676
A33_003.tif,21,6333,51901.41986420338,34098.07466666667,10668.7896,10125,4.864789897455164,1.6687314929821115,0.5221217142484456
A33_003.tif,22,1056,34146.68465909091,25938.780017376193,11811.8742,5755,2.890877779502765,0.694885883707411,0.31643371955863536
A33_003.tif,23,816,34427.606617647056,21808.248566610455,10668.7896,2965,3.226945877498117,1.1828294046613097,0.5786506886367618
A33_003.tif,24,2589,31417.331788335265,21814.360193207085,11049.817799999999,13043,2.843244328273615,0.8690615328625138,0.44021330490885124
A33_003.tif,25,8487,50300.29315423589,35865.59208413616,18670.3818,12456,2.6941223641291017,0.7731336843948207,0.40246654889270256
A33_003.tif,26,1852,48831.1101511879,25401.058108386565,13335.987,4853,3.6616045104986443,1.7569042353433433,0.9224045684560009
A33_003.tif,27,1465,53635.110580204775,33176.3024750119,18670.3818,4202,2.8727377487361316,1.0957894875605552,0.616669326565132
A33_003.tif,28,2182,46974.58249312557,25248.6903855307,9144.6768,4202,5.1368226040612175,2.3757966063460123,0.8604759999764879
A33_003.tif,29,1148,51105.16637630662,25255.718454471764,8001.592199999999,3701,6.386874649303267,3.230538032393422,1.0235087142115227
A33_003.tif,30,531,31835.5725047081,20604.178883071552,10287.7614,3438,3.0945092199238946,1.0917237662243635,0.5451027039402594
A33_003.tif,31,756,36544.65211640212,22116.909294871795,9144.6768,3120,3.9962759664028975,1.577720365307448,0.6523399191617217
A33_003.tif,32,1438,51357.64325452017,27847.615457788346,10668.7896,4205,4.813820984385335,2.203626529171574,0.8442384531041833
A33_003.tif,33,557,36224.08078994614,29315.43896467296,9906.733199999999,2859,3.6565111887649886,0.6973683136299874,0.235665644768144
A33_003.tif,34,830,48408.89156626506,31014.575845131465,16765.2408,3461,2.887455786870427,1.0375225699784294,0.5608432566669608
A33_003.tif,35,1355,49044.70405904059,20350.457982050586,11811.8742,3677,4.152152590568486,2.4292712224251174,1.410004929731049
A33_003.tif,36,4045,51973.72311495674,29090.139222101054,11049.817799999999,8253,4.703581910184049,2.070946716681154,0.7866440142528488
A33_003.tif,37,812,37069.08497536946,22095.146666666667,11049.817799999999,3750,3.3547236385504844,1.35512988356145,0.6777025984301837
A33_003.tif,38,1298,37642.97611710324,22345.851978171897,9525.705,4398,3.9517260000245353,1.6058784246326419,0.6845621350158045
A33_003.tif,39,1005,36363.32636815921,22525.086514693765,10668.7896,3641,3.4083834934869386,1.297076835543975,0.6143479113579526
A33_003.tif,40,1679,47333.92019058963,29062.255639097744,15622.1562,4389,3.029922347758841,1.1695994021286378,0.6287077224282808
A33_003.tif,41,1903,47523.12191276931,34118.18006817726,16003.184399999998,4987,2.9696040940913995,0.8376421535568682,0.3928973297462368
A33_003.tif,42,1447,40536.02211472011,29354.795245940222,14479.0716,4249,2.7996285421153737,0.7722336885724195,0.38089950126027344
A33_003.tif,43,850,19995.50705882353,17395.80238410596,7620.563999999999,3775,2.623888082141596,0.3411433425024918,0.14944436694057586
A33_003.tif,44,640,34034.028125,22973.184973045823,9906.733199999999,2968,3.435444100277743,1.1164975303809543,0.4814675529286392
A33_003.tif,45,508,40402.120078740154,26211.892802915274,10287.7614,3293,3.92720228510557,1.3793309082587284,0.54136598919103
A33_003.tif,46,776,25585.740979381444,21605.217807424593,10668.7896,3448,2.398185917862459,0.37309979118466446,0.18423897446602502
A33_003.tif,47,869,40074.55120828538,24767.598654022637,16003.184399999998,3269,2.5041610598613326,0.9564941683889602,0.6180232798535954
A33_003.tif,48,415,41194.93253012048,25330.453724604966,9525.705,2658,4.324607210707998,1.665438810618097,0.6263006173513247
A33_003.tif,49,691,25640.492040520985,23779.882221155385,13335.987,6249,1.9226542467761674,0.1395179688885573,0.078243020804769
A33_003.tif,50,1038,36263.24470134875,19407.990236382324,8382.6204,3892,4.326003441752591,2.010738129683925,0.8684698549240192
A33_003.tif,51,883,33523.510758776894,23937.76411509229,11811.8742,3684,2.8381195220271236,0.8115347726677015,0.4004445276339311
A33_003.tif,52,310,34303.69677419355,26612.808149405773,13717.0152,3534,2.5008134987098756,0.5606823724145301,0.28899199895057354
A33_003.tif,53,1098,41077.166666666664,20244.219724220624,9525.705,3336,4.312244255582504,2.187024156471796,1.0290812501659798
A33_003.tif,54,2800,35816.34607142857,29163.471179624667,14479.0716,7460,2.4736631643843676,0.4594821460651736,0.22812356083488833
A33_003.tif,55,555,43656.65945945946,31398.660089115212,15241.127999999999,3142,2.8643981901753475,0.8042711386149505,0.39039880477542255
A33_003.tif,56,473,32533.048625792813,20117.8622462092,12192.902399999999,3891,2.668195607451605,1.0182306043533518,0.6171225465030128
A33_004.tif,1,1507,32832.21897810219,22890.211966683666,11049.817799999999,5883,2.9712905291589946,0.899743976901549,0.43433442319733034
A33_004.tif,2,1418,43843.330042313115,22337.120627572018,8382.6204,3888,5.230265471911482,2.5655711923583513,0.9628013284839002
A33_004.tif,3,1950,42857.4517948718,34609.560652009095,23623.7484,5276,1.8141681442413964,0.3491355818392991,0.23831250635600104
A33_004.tif,4,2506,56472.62210694334,37228.70191414235,16765.2408,5381,3.3684348933962016,1.1478463341122727,0.5169108564992829
A33_004.tif,5,1228,51239.89820846906,31050.758045640727,15241.127999999999,3418,3.3619492079874562,1.3246486849802117,0.6501979801313166
A33_004.tif,6,24369,55006.25766342484,32293.924953531598,16003.184399999998,38736,3.437207013835976,1.419238330458721,0.7033004734657512
A33_004.tif,7,780,34568.14743589744,20520.17332613391,11430.846,3704,3.0241110269412426,1.228953142204106,0.6845933456061787
A33_004.tif,8,848,39878.64150943396,33721.18817039534,16384.2126,3263,2.433967532221208,0.37581625003052405,0.18259894366481946
A33_004.tif,9,1760,48256.42272727273,20564.28993323061,8382.6204,3894,5.756722889087899,3.30351745308771,1.3466126418145803
A33_004.tif,10,2069,48125.206379893665,23280.59392670157,11430.846,4775,4.210117639573795,2.173471014583729,1.0671812124469044
A33_004.tif,11,1692,26545.882387706857,13775.259284890426,7239.5358,4335,3.6667934410477243,1.764011320007395,0.9270695265108211
A33_004.tif,12,14248,48968.56499157777,26653.59636841882,13335.987,23571,3.6719115721649285,1.673289620268992,0.8372216760058324
A33_004.tif,13,3570,39730.97619047619,31084.526421596784,12573.9306,6964,3.159789683461796,0.687648917743552,0.2781592890174862
A33_004.tif,14,3238,46470.40982087708,16193.255227781927,8382.6204,5356,5.543661480939974,3.611896179034784,1.86973861445298
A33_004.tif,15,1076,42767.8094795539,33520.27875854214,17527.297199999997,3512,2.440068710624106,0.5276073438753858,0.27587869383849944
A33_004.tif,16,1033,39298.60890609874,17236.799944812363,11049.817799999999,3624,3.5564938370353203,1.9965767183298186,1.279924871896733
A33_004.tif,17,1186,38929.432546374366,24493.374319289196,12573.9306,3489,3.096043217094216,1.1480943140463722,0.5893862576423571
A33_004.tif,18,675,40530.613333333335,28894.367678381255,15241.127999999999,3756,2.659292234361311,0.7634766701614503,0.40271674343142944
A33_004.tif,19,16060,50138.74769613948,38498.933826868924,15622.1562,22018,3.209463985266476,0.7450836952496419,0.3023412004501784
A33_004.tif,20,1350,39267.31555555556,17560.92879701407,8763.648599999999,3483,4.480704024977765,2.476866399973719,1.236061429861268
A33_004.tif,21,1397,48582.934144595565,27548.367231638418,13335.987,3717,3.6429950137593217,1.5772786005971193,0.7635504034080097
A33_004.tif,22,862,43323.58120649652,24971.388515577277,13335.987,3274,3.2486220334845886,1.3761405654418741,0.7349288037973422
A33_004.tif,23,788,40001.9847715736,22732.28543956044,10287.7614,3640,3.888307982291922,1.678664449974158,0.7596992118509795
A33_004.tif,24,2103,50987.55349500713,20125.099542334097,9525.705,4370,5.352627810220199,3.2399128413740117,1.5335304994510495
A33_004.tif,25,741,30685.314439946018,18314.74537296691,8382.6204,3566,3.6605873790860683,1.4757400999530348,0.6754431369399034
A33_004.tif,26,406,28744.120689655174,26950.083448275862,16765.2408,2900,1.714506879593285,0.10700933334511019,0.06656889374097356
A33_004.tif,27,1378,28919.027576197386,18231.216501240695,11240.3319,4836,2.572791251490684,0.9508447944448315,0.5862368577666491
A33_004.tif,28,784,48388.11734693877,26033.894262841895,12764.4447,2998,3.790851735751643,1.7512883332934461,0.8586584418910547
A33_004.tif,29,4869,53010.08995687,34740.02416431736,18289.3536,7449,2.898412437979274,0.998945407919865,0.5259082637977316
A33_004.tif,30,856,30423.57593457944,23939.936333267833,9525.705,5089,3.1938398191574797,0.6806466924290433,0.27082944211087934
A33_004.tif,31,1114,42987.97935368043,36545.59868121873,14098.043399999999,4398,3.049215989337211,0.4569698425284409,0.17628335298747638
A33_004.tif,32,3921,39488.33511859219,20187.06638370119,9525.705,5890,4.1454501392338665,2.0262299467462763,0.9561205361896996
A33_004.tif,33,568,22809.654929577464,16770.660101294317,8763.648599999999,3554,2.6027578204757593,0.6890959580780379,0.36009285214798853
A33_004.tif,34,1025,37199.05756097561,17009.03734567901,10287.7614,3240,3.615855395026896,1.9625280398976763,1.187017219432105
A33_004.tif,35,1257,47269.19013524264,25123.25489115459,10668.7896,3629,4.430604774059686,2.0757682993455315,0.8814914842851987
A33_004.tif,36,2035,45482.306633906635,29786.465727251016,13335.987,4187,3.4104942239275227,1.1769538247633153,0.5269453936017173
A33_004.tif,37,689,39204.622641509435,22119.840672782873,9525.705,3270,4.115666256877394,1.793545146391645,0.7723736450661071
A33_004.tif,38,962,48444.5,23757.237833140207,10287.7614,3452,4.708944746711652,2.3996728935447313,1.0391469892350809
A33_004.tif,39,759,41036.703557312256,19688.65769474351,12192.902399999999,3158,3.3656222457155565,1.7508584225648554,1.0842814270805987
A33_004.tif,40,741,43578.32118758435,33891.30350404313,15050.613899999998,3710,2.8954514066403227,0.6436294059430216,0.285826058073651
A33_004.tif,41,1243,49118.0136765889,32468.537932930183,20575.5228,3638,2.387206106693193,0.8091884665817882,0.5127879727151922
A33_004.tif,42,581,29670.45094664372,21276.595076923077,10097.247299999999,3250,2.9384692743550347,0.831301405256493,0.3945112382582682
A33_004.tif,43,551,42767.41197822142,26575.526119402984,10287.7614,3484,4.157115461307243,1.573897880135779,0.6092780924096373
A33_004.tif,44,1414,35562.32956152758,27900.088080168778,11430.846,7584,3.1110846530078757,0.6703127206290853,0.27463144414953766
A33_004.tif,45,2871,35179.549285963076,25785.89321244176,10668.7896,7941,3.2974264752517097,0.8804800193559457,0.36429438360449
A33_004.tif,46,2429,39814.36805269658,27214.957377534407,14098.043399999999,6757,2.824105936052683,0.8936992402189116,0.4629590449242517
A33_004.tif,47,1487,41191.55211835911,25360.498994469584,9525.705,3978,4.324252338101576,1.6619298124257371,0.6242406006023618
A33_004.tif,48,1035,56488.10338164251,31904.914679689744,18670.3818,3481,3.025546236103873,1.3166944824845308,0.7705141652547468
A33_004.tif,49,756,39421.96428571428,22377.440156768163,11430.846,3317,3.448735490416002,1.4910990952840417,0.7616833743954089
A33_004.tif,50,1842,43139.58469055375,24315.135383386583,10287.7614,5008,4.193291719470848,1.8297906196725038,0.7741864896224804
A33_004.tif,51,1167,45018.163667523564,26437.780494148243,11430.846,3845,3.9383054996527975,1.6254600204883407,0.7027966351971524
A33_004.tif,52,6044,55958.13567174057,28272.961159635757,11811.8742,5381,4.737447650068368,2.3438426487882316,0.9792102905591688
A33_005.tif,1,438,41557.134703196345,24147.87548364404,10287.7614,2843,4.039473028909472,1.6922300724757655,0.720943721584817
A33_005.tif,2,1325,53952.34943396226,40338.27067816543,18289.3536,5102,2.9499319994520072,0.7443717833630485,0.3374978284124258
A33_005.tif,3,537,55973.35567970205,36545.103997289974,18860.8959,2952,2.9676933681433644,1.0300810621833598,0.5316239265278182
A33_005.tif,4,997,50226.10030090271,28254.63668020894,11430.846,3446,4.393909278530983,1.9221205167731723,0.7776232931027559
A33_005.tif,5,800,26501.51875,22486.641312893084,12573.9306,5088,2.1076558789006614,0.3193017016575328,0.17854500284144856
A33_005.tif,6,8445,53466.43824748372,32498.841944670465,13717.0152,9832,3.8978186921776348,1.5285830041799449,0.6451797986680357
A33_005.tif,7,560,43070.90535714286,27024.240860215054,12573.9306,2790,3.425413001492835,1.2761852285803965,0.5937877988848775
A33_005.tif,8,3329,53306.61730249324,26743.936510285628,11049.817799999999,6757,4.824207807521043,2.4039021523217854,0.9932225490432856
A33_005.tif,9,1610,56847.12298136646,29048.107885714286,19432.4382,4375,2.9253726370444446,1.4305469447286274,0.956999168586606
A33_005.tif,10,1380,40898.384057971016,21963.088790233076,10287.7614,3604,3.9754405713502705,1.8405651658794822,0.862141725536792
A33_005.tif,11,2236,54515.37790697674,25649.15618619845,9144.6768,4898,5.961432984369346,3.1566147554549686,1.125425784427936
A33_005.tif,12,658,41237.563829787236,26504.229936305732,11430.846,3140,3.607568838715101,1.2889101903278737,0.5558861332278925
A33_005.tif,13,1117,47635.8818263205,25029.30129085416,9144.6768,3641,5.209137826092269,2.4721027358169314,0.9032046189686436
A33_005.tif,14,761,45051.99868593955,23214.53674293405,9144.6768,3715,4.926581843317884,2.387997128885038,0.9406804962258354
A33_005.tif,15,1026,44362.55847953216,24674.172387295082,11049.817799999999,3904,4.014777373025283,1.7817837767622977,0.7979350141189254
A33_005.tif,16,1470,32702.28843537415,28407.9041507373,15241.127999999999,7324,2.1456606384614507,0.28176289081976297,0.15116864172198644
A33_005.tif,17,10414,48300.724121375075,23429.87100047352,10287.7614,14783,4.694969317749547,2.417518462362218,1.0615019229251539
A33_005.tif,18,1766,32138.97055492639,26282.273075139146,10287.7614,8624,3.1240003831052254,0.569287841355025,0.22283831626895942
A33_005.tif,19,1593,45323.15191462649,22349.705025833726,9525.705,4258,4.757983993266525,2.4117319283736633,1.0279082816631264
A33_005.tif,20,11253,50883.57913445304,35397.186575020125,18670.3818,16149,2.72536360956613,0.8294630889350435,0.4375034870810134
A33_005.tif,21,611,23196.037643207856,17475.215985356925,9525.705,3278,2.435099306894713,0.6005667462770393,0.32736772253008645
A33_005.tif,22,3626,46344.62713734142,19758.718638902996,8001.592199999999,5907,5.79192565415712,3.3225772863562333,1.345527965871223
A33_005.tif,23,678,47198.16371681416,28568.341355288158,12954.958799999999,3158,3.6432507772064646,1.4380456664602919,0.6521142452700005
A33_005.tif,24,3540,56652.3104519774,32060.50845864662,13717.0152,6384,4.130075648814335,1.79279541757108,0.7670434180743874
A33_005.tif,25,1112,30038.492805755395,16629.691793156675,7620.563999999999,3887,3.941767670439613,1.759554937479841,0.8063168686089868
A33_005.tif,26,942,44009.203821656054,21338.715768799102,11430.846,3564,3.8500390803635667,1.9832729837176635,1.0624110793956263
A33_005.tif,27,534,38929.24344569288,30655.3548273432,16384.2126,2838,2.3760216249677524,0.5049915318081647,0.26990027239766434
A33_005.tif,28,6408,36629.157615480646,24724.320986388455,10668.7896,39011,3.4333002138730255,1.1158563506661554,0.4815030768950693
A33_005.tif,29,925,23760.691891891893,13637.043844367015,7620.563999999999,3444,3.117970256776364,1.3284644086069737,0.7423638262847689
A33_005.tif,30,3617,56262.25241913188,24168.861683548726,10668.7896,5726,5.273536598667119,3.0081566830742514,1.327881766041767
A33_005.tif,31,1146,44161.615183246075,21181.745449292113,11430.846,3461,3.8633724208345943,2.010338494100424,1.0848902791772097
A33_005.tif,32,968,41781.88119834711,23339.66752063763,10287.7614,3513,4.061319034703361,1.7926362170191419,0.7901660836168476
A33_005.tif,33,1417,48601.6563161609,25901.880361832507,9144.6768,3427,5.314748391775613,2.482293956447271,0.8763756004281715
A33_005.tif,34,955,38297.3057591623,25182.33489058274,12192.902399999999,4067,3.140950735333606,1.0756233781194544,0.5208004311577503
A33_005.tif,35,444,40425.40540540541,35157.13174491941,19051.41,2854,2.121911470352283,0.2765293309252822,0.14984935912031053
A33_005.tif,36,2749,41530.50818479447,21179.446933221687,10287.7614,4777,4.036884854731769,1.978181691845322,0.9608872845324811
A33_005.tif,37,1404,44783.16524216524,30652.12328437274,15241.127999999999,4153,2.9383104217834703,0.9271650994456071,0.4610134778164704
A33_005.tif,38,1533,41830.31245923027,31480.004359889022,15241.127999999999,5046,2.744568017485505,0.6791038103829623,0.328789919499695
A33_005.tif,39,2520,50191.79404761905,24053.39593596059,9525.705,4872,5.269089694418035,2.7439856799713005,1.0866822373538472
A33_005.tif,40,3850,42882.08545454546,24974.187662988967,12954.958799999999,9970,3.3100904538972644,1.3823199338575023,0.7170562675833622
A33_005.tif,41,930,45631.5935483871,25357.564864864864,11811.8742,3330,3.863196709997848,1.7164108201817008,0.7995258531944324
A33_005.tif,42,2012,38243.439363817095,23668.53677510608,11049.817799999999,4242,3.461001806182043,1.3190174582514678,0.6157922953663253
A33_005.tif,43,1285,38053.2,21173.90071465033,9906.733199999999,3918,3.841145131470946,1.7038209210411186,0.7971747630639837
A33_005.tif,44,10242,43875.81185315368,24106.680659081994,10668.7896,17843,4.112538863182057,1.85298725865333,0.8200685724276863
A33_005.tif,45,808,33830.169554455446,25626.79794344473,12954.958799999999,3890,2.6113683630108753,0.6332225163853384,0.3201091150408792
A33_005.tif,46,2355,44105.12866242038,23472.112750050514,9906.733199999999,4949,4.452035577416767,2.082726514967521,0.8790438309528259
A33_005.tif,47,4597,42471.24864041767,18156.397861474627,9906.733199999999,6266,4.2871093611741555,2.454376259867228,1.3391891367682798
A33_005.tif,48,1602,46113.853308364545,24762.808607021518,9144.6768,4415,5.042699082411979,2.3348058294766285,0.8622222559714126
A33_005.tif,49,1200,46721.9575,30019.787234042553,12954.958799999999,4371,3.6064921719368135,1.2892491997693232,0.5563720400726743
A33_005.tif,50,3765,39503.254980079684,23377.439670555937,11811.8742,7285,3.344368074970375,1.3652207123497888,0.689802456418161
A33_005.tif,51,612,35654.13071895425,22533.53782211139,10668.7896,3609,3.341909631334451,1.2298108209792196,0.5822695486352901
A33_005.tif,52,819,39288.05128205128,19484.05408,9906.733199999999,3125,3.965792808673966,1.9990441654400555,1.016420767501848
A33_005.tif,53,2029,40706.44406111385,25562.07394924663,11811.8742,5044,3.446230748129656,1.2821310027035673,0.5924546710071477
A33_10.00kV_0.10nA_22.5nm_500.00ns_006.tif,1,174183,240.42418031610433,158.08011904112684,51.891,128359,4.633253941334178,1.5868659547726742,0.5209008050426979
A33_10.00kV_0.10nA_22.5nm_500.00ns_006.tif,2,5077,221.07524128422295,160.80841624092497,50.4084,7438,4.385682569579001,1.195571076077445,0.3747740724543783
A33_10.00kV_0.10nA_33.7nm_50.00ns_003.tif,1,4211,199.33293754452623,166.70626137052759,53.373599999999996,13192,3.73467290021995,0.6112886552131721,0.19571356170914442
A33_10.00kV_0.10nA_33.7nm_50.00ns_003.tif,2,35045,146.33048937080895,93.31976896823313,65.2344,22854,2.243149156708385,0.8126191149830401,0.5680545610324066
A33_10.00kV_0.10nA_33.7nm_50.00ns_003.tif,3,10226,230.8509681204772,172.37381063277664,63.751799999999996,15029,3.6210894136991634,0.9172628455749946,0.3392461840324875
A33_10.00kV_0.10nA_33.7nm_50.00ns_003.tif,4,5652,227.3722576079264,169.06221198156683,57.8214,8246,3.93232017157321,1.0084509475086225,0.3449028907137935
A33_10.00kV_0.10nA_33.7nm_500.00ns_004.tif,1,7316,227.2069436850738,180.2579429648026,50.4084,11677,4.507323058061763,0.9313725631235565,0.2604545461102593
A33_10.00kV_0.10nA_33.7nm_500.00ns_004.tif,2,3809,237.55631399317406,171.48809901618534,61.527899999999995,6302,3.8609527377752944,1.0737927828879386,0.3852641399150412
A33_10.00kV_0.10nA_33.7nm_500.00ns_004.tif,3,33703,147.16366495564193,94.94136521471583,60.7866,22751,2.420988588462458,0.8591087465384644,0.5500479123859409
A33_10.00kV_0.10nA_45.0nm_500.00ns_005.tif,1,17928,216.16499330655958,120.68914911795748,66.717,19897,3.2400286774609066,1.4310572144174878,0.79108888312218
A33_10.00kV_0.10nA_45.0nm_500.00ns_005.tif,2,29109,143.96578377821294,72.8982783545801,35.5824,15218,4.045982950496681,1.997265653909241,0.9748859234810572
A33_10.00kV_0.10nA_45.0nm_500.00ns_005.tif,3,1941,163.87789799072644,103.52059819413093,40.0302,3544,4.093856587021495,1.5077941099849006,0.5830462810655106
A33_10.00kV_0.10nA_45.0nm_500.00ns_005.tif,4,1320,201.22272727272727,157.92093611638202,50.4084,4743,3.991849121035557,0.8590193528807709,0.27419917978254255
A33_10.00kV_0.10nA_45.0nm_500.00ns_005.tif,5,1176,234.40221088435374,167.5305257207462,45.9606,3538,5.10006855509617,1.4549785065699263,0.3991611968739548
A33_10.00kV_0.10nA_45.0nm_500.00ns_005.tif,6,1608,225.04912935323384,168.18004096071496,50.4084,5371,4.464516416085189,1.1281669003824204,0.33814409881385055
A33_10.00kV_0.10nA_45.0nm_500.00ns_005.tif,7,6529,240.88420891407566,148.74914264866837,48.925799999999995,13705,4.92345978736865,1.883159115366038,0.6193989734571294
A33_10.00kV_0.10nA_45.0nm_500.00ns_005.tif,8,1160,213.03879310344828,145.3324148296593,50.4084,3992,4.226255803818128,1.3431566615952382,0.4658725195510395
A33_10.00kV_0.20nA_42.2nm_50.00ns_007.tif,1,2329,130.4182052382997,99.23182163668609,44.477999999999994,3947,2.932195809365928,0.7011642518683835,0.31427805198066816
A33_10.00kV_0.20nA_42.2nm_50.00ns_007.tif,2,25052,119.32632125179626,79.85049224094777,44.477999999999994,11986,2.682816700952563,0.8875360628169686,0.49437176776302133
A33_10.00kV_0.20nA_42.2nm_50.00ns_007.tif,3,94272,133.94860616089613,82.93991283332988,40.0302,48413,3.3461887806564605,1.2742552701416354,0.6150077999710416
A33_10.00kV_0.20nA_42.2nm_50.00ns_007.tif,4,33849,143.3034358474401,85.68386684647598,40.0302,28178,3.579883083562942,1.4394024757950274,0.6724669545724319
A33_10.00kV_0.20nA_42.2nm_50.00ns_007.tif,5,6799,101.0866303868216,77.11933139534884,32.6172,13760,3.09918173098334,0.7348055315638591,0.31078198623763537
A33_10.00kV_0.20nA_42.2nm_50.00ns_007.tif,6,2167,134.0867558837102,114.68538681948424,41.5128,5235,3.230009921070371,0.46735871970939985,0.16917036773893587
A33_10.00kV_0.20nA_42.2nm_50.00ns_007.tif,7,74218,120.33851626290118,94.0007006041058,37.065,75649,3.246688688262088,0.7105845312745052,0.28018743995236894
A33_10.00kV_0.20nA_42.2nm_50.00ns_007.tif,8,2618,195.52291825821237,118.67303300809633,59.303999999999995,4817,3.2969600402206054,1.295863436482487,0.6475766506987084
A33_10.00kV_0.20nA_42.2nm_50.00ns_007.tif,9,2131,162.87939934303145,116.83831789889176,41.5128,6587,3.92359463355388,1.1090815708178894,0.3940580647527092
A33_10.00kV_0.20nA_42.2nm_50.00ns_007.tif,10,99064,171.18974602277316,132.72611464968153,106.74719999999999,23550,1.6036930805373466,0.3603244990921391,0.2897970114752089
A33_15.00kV_0.20nA_33.7nm_500.00ns_016.tif,1,20210,208.4610094012865,89.69306640625,40.0302,10240,5.207593500637283,2.9669585204512323,1.3241596897117447
A33_15.00kV_0.20nA_33.7nm_500.00ns_016.tif,2,307881,209.66280478496563,87.5825884947041,51.891,76191,4.040446411604347,2.3526279367662073,1.3938868258467214
A33_15.00kV_0.20nA_33.7nm_500.00ns_016.tif,3,39083,133.20658598367578,80.61679743223966,35.5824,22432,3.7436088050901484,1.4779719337834545,0.6523428146487171
A33_15.00kV_0.20nA_33.7nm_500.00ns_016.tif,4,167175,189.38612830865858,104.76462859493822,60.7866,75349,3.115590085273772,1.3921077951357583,0.8077296778555241
A33_15.00kV_0.20nA_33.7nm_500.00ns_016.tif,5,5632,172.2029474431818,121.94256017505471,38.547599999999996,10968,4.467280645189558,1.3038525681258648,0.41216444194589763
A33_15.00kV_0.20nA_39.7nm_25.00ns_010.tif,1,13246,196.2452815944436,164.92509331159638,51.891,23309,3.7818751143093188,0.6035765022221862,0.18990553621682232
A33_15.00kV_0.20nA_39.7nm_25.00ns_010.tif,2,146276,207.95388853947333,78.41524260609812,47.4432,37159,4.383218005860506,2.7303943643361173,1.6519574716814283
A33_15.00kV_0.20nA_39.7nm_25.00ns_010.tif,3,21528,140.17126532887403,89.94209679777745,44.477999999999994,13678,3.151474106240373,1.1293036674266725,0.5584611690613063
A33_15.00kV_0.20nA_39.7nm_25.00ns_010.tif,4,15291,153.60545418873846,87.37139378044212,47.4432,10676,3.2376706073022428,1.396070678081066,0.758074897685127
A33_15.00kV_0.20nA_39.7nm_50.00ns_008.tif,1,16403,173.8789245869658,92.69299628420222,45.9606,17762,3.7832170282618947,1.7664244654138401,0.8758582800051488
A33_15.00kV_0.20nA_39.7nm_50.00ns_008.tif,2,57141,189.22327225634834,87.88335266664868,45.9606,37069,4.117075760872956,2.204930300467147,1.1531184974538018
A33_15.00kV_0.20nA_39.7nm_50.00ns_009.tif,1,9007,195.28755412456977,165.87631983106164,50.4084,20836,3.8741073726963897,0.5834589927010883,0.17730821567351632
A33_15.00kV_0.20nA_39.7nm_50.00ns_009.tif,2,146386,199.17130053420408,84.38977245572578,53.373599999999996,37663,3.7316444927246364,2.150530000917551,1.3601355321238233
A33_15.00kV_0.20nA_39.7nm_50.00ns_009.tif,3,14758,162.90926954871935,101.08785257086586,47.4432,14217,3.4337749037666434,1.3030617025163327,0.6115612845608631
A33_15.00kV_0.20nA_39.7nm_50.00ns_009.tif,4,15193,148.4629105509116,111.90151968409717,75.6126,8357,1.963467868202878,0.483535691961116,0.32672827828220335
A33_15.00kV_50pA_39.7nm_50.00ns_011.tif,1,10684,224.47819168850617,174.75577332765232,71.1648,11735,3.154343041179948,0.6986939941356811,0.2845251828377839
A33_15.00kV_50pA_39.7nm_50.00ns_011.tif,2,20931,227.3271702259806,169.52039597200888,78.5778,29295,2.893020295771203,0.7356629257451227,0.34100188310146895
A33_15.00kV_50pA_39.7nm_50.00ns_011.tif,3,152861,173.6881088047311,105.95234809205864,81.54299999999999,53618,2.130018625552542,0.8306753578402278,0.6393040071884575
A33_15.00kV_50pA_39.7nm_50.00ns_011.tif,4,56469,217.27195452372098,136.53537219818156,83.0256,41134,2.6169272428931767,0.9724299772096212,0.5913235597471163
A33_15.00kV_50pA_39.7nm_50.00ns_011.tif,5,3905,165.10934699103714,123.64978207091531,74.13,8489,2.227294576672929,0.5592818685353976,0.33529832582309826
A33_15.00kV_50pA_39.7nm_50.00ns_011.tif,6,8571,181.5512775638782,158.56586496667632,69.6822,17255,2.6054182780943203,0.3298606041988237,0.1449581383772783
A33_15.00kV_50pA_39.7nm_50.00ns_011.tif,7,48676,158.73389349987673,67.7049357511709,59.303999999999995,16654,2.676613609083883,1.5349547708983593,1.344495149804298
A33_15.00kV_50pA_39.7nm_50.00ns_011.tif,8,9245,233.2583017847485,172.50635422023066,72.64739999999999,13613,3.2108279408848808,0.8362576989149685,0.3521722306149778
A33_15.00kV_50pA_39.7nm_50.00ns_011.tif,9,2844,225.348452883263,183.283172201205,71.1648,7137,3.1665718564739493,0.5910967314760536,0.22950978081929094
A33_15.00kV_50pA_39.7nm_50.00ns_011.tif,10,24837,230.70326528968877,178.4822426366133,68.19959999999999,21118,3.3827656651338303,0.7657086353207114,0.2925838552828513
A33_15.00kV_50pA_39.7nm_50.00ns_011.tif,11,6782,214.01710409908583,164.4228947672404,78.5778,8657,2.7236331899321375,0.6311478474268045,0.30162593475218585
A33_20.00kV_0.20nA_22.5nm_50.00ns_018.tif,1,11315,224.16897923110915,138.83240973971454,53.373599999999996,5955,4.199997361787648,1.5988535432387188,0.6146732570963681
A33_20.00kV_0.20nA_22.5nm_50.00ns_018.tif,2,210264,214.36911691968191,113.07043380822795,53.373599999999996,74964,4.016388568122031,1.8979173803617293,0.8958901075262677
A33_20.00kV_0.20nA_22.5nm_50.00ns_018.tif,3,3653,190.56419381330414,142.51519111401504,65.2344,6122,2.9212224498744828,0.7365592799492832,0.3371500421837657
A33_20.00kV_0.20nA_33.7nm_50.00ns_017.tif,1,21152,217.75245839636915,118.14409672007868,53.373599999999996,17287,4.079778361504028,1.866247764018691,0.8431090882506267
A33_20.00kV_0.20nA_33.7nm_50.00ns_017.tif,2,16070,235.02912258867454,160.6646367250275,57.8214,11823,4.06474285555222,1.286106629220081,0.4628553449897689
A33_20.00kV_0.20nA_33.7nm_50.00ns_017.tif,3,90359,221.18167531734525,121.69535910283942,53.373599999999996,50292,4.144027670531967,1.8639611380132917,0.817502959354919
A33_20.00kV_0.20nA_33.7nm_50.00ns_017.tif,4,9416,174.0998300764656,139.1657039529861,65.2344,19909,2.6688346953413733,0.5355169376605646,0.251025397268647
A33_20.00kV_0.20nA_33.7nm_50.00ns_017.tif,5,5640,194.954609929078,153.73673279381222,56.3388,13963,3.4603969181891348,0.731607296001152,0.26810688885827355
A33_20.00kV_0.20nA_33.7nm_500.00ns_014.tif,1,62117,243.3666146143568,174.11311342800647,83.0256,22252,2.9312237982627596,0.8341222608208686,0.3977500592510411
A33_20.00kV_0.20nA_33.7nm_500.00ns_014.tif,2,77864,230.31468971540122,144.57108896271686,48.925799999999995,67725,4.7074281803941265,1.7525232236398613,0.5930895406678834
A33_20.00kV_0.20nA_33.7nm_500.00ns_014.tif,3,3768,201.302016985138,128.56615776081424,50.4084,6288,3.9934220674570864,1.4429313211666004,0.5657465423675866
A33_20.00kV_0.20nA_33.7nm_500.00ns_014.tif,4,49852,185.85787932279547,80.84554255165439,50.4084,20763,3.687041828066851,2.0832309049743447,1.2989254997089867
A33_20.00kV_0.20nA_33.7nm_500.00ns_014.tif,5,18315,216.08244608244607,158.29518511413772,45.9606,26065,4.701471391483822,1.2573217267776122,0.3650601306855329
A33_20.00kV_0.20nA_33.7nm_500.00ns_014.tif,6,56817,241.75496770332822,135.75866677804694,54.856199999999994,35913,4.407067344425198,1.9322574459397244,0.7807700490368535
A33_20.00kV_0.20nA_33.7nm_500.00ns_015.tif,1,67038,242.06579850234195,163.0708625967945,81.54299999999999,22212,2.9685662591841893,0.9687518964946094,0.48442091151516375
A33_20.00kV_0.20nA_33.7nm_500.00ns_015.tif,2,78732,229.37653050856068,146.23482105762955,48.925799999999995,67396,4.6882530374910205,1.6993428709175467,0.5685493293863326
A33_20.00kV_0.20nA_33.7nm_500.00ns_015.tif,3,2256,206.12632978723406,152.41924040066777,40.0302,4792,5.149270544132714,1.3416642777990027,0.3523642372305599
A33_20.00kV_0.20nA_33.7nm_500.00ns_015.tif,4,3107,223.1918249114902,127.16335583413694,54.856199999999994,5185,4.068670904488527,1.7505490547986877,0.7551583429038673
A33_20.00kV_0.20nA_33.7nm_500.00ns_015.tif,5,53196,177.91283179186405,78.24742511575168,47.4432,21166,3.7500175315822686,2.1007311196357974,1.2737212312857553
A33_20.00kV_0.20nA_33.7nm_500.00ns_015.tif,6,22162,208.5162891435791,152.40189697595048,47.4432,25198,4.39507219368905,1.1827699682104267,0.36820008987684477
A33_20.00kV_0.20nA_33.7nm_500.00ns_015.tif,7,2088,173.21695402298852,161.7387690296068,44.477999999999994,10707,3.894441161564012,0.2580643237286091,0.07096743138048073
A33_20.00kV_0.20nA_33.7nm_500.00ns_015.tif,8,57094,242.6189967422146,134.67773805837814,53.373599999999996,35527,4.54567420404016,2.0223717093022158,0.8014781079040165
A33_20.00kV_50pA_39.7nm_25.00ns_013.tif,1,152911,150.90508858093924,97.519172091131,71.1648,58992,2.120501828990375,0.7501730698646875,0.5474402144682388
A33_20.00kV_50pA_39.7nm_25.00ns_013.tif,2,104903,138.68788309199928,93.93133924690504,75.6126,62117,1.8341901095010276,0.5919191224633864,0.47648148316808037
A33_20.00kV_50pA_39.7nm_25.00ns_013.tif,3,48200,150.1812033195021,105.08522601797272,68.19959999999999,58867,2.202083345026676,0.6612352168475626,0.42913717756600006
A33_20.00kV_50pA_39.7nm_25.00ns_013.tif,4,120782,181.3075209882267,138.55236521584266,80.0604,101069,2.2646342132387596,0.534036249719508,0.30858481342193217
A33_20.00kV_50pA_39.7nm_25.00ns_013.tif,5,70519,209.3116039648889,137.7852442382954,75.6126,34495,2.768210641311194,0.9459582095726626,0.5191148015653959
A33_20.00kV_50pA_39.7nm_25.00ns_013.tif,6,3971,188.2558549483757,134.0502086593636,72.64739999999999,7668,2.5913639706646365,0.746147092415567,0.4043682350596781
A33_20.00kV_50pA_89.9nm_15.00µs_021.tif,1,3866,153.58070356958098,89.0873473917869,23.7216,9010,6.4742978342454975,2.7187607982010684,0.7239339598576988
A33_20.00kV_50pA_89.9nm_15.00µs_021.tif,2,2601,127.34256055363322,64.60436662799283,11.8608,9481,10.736422538637274,5.289541504177203,0.9711138300788639
A33_20.00kV_50pA_89.9nm_15.00µs_021.tif,3,31715,190.05817436544223,48.02244734023563,25.2042,22408,7.540734254212984,5.6353991385901,2.9576944712816613
A33_20.00kV_50pA_89.9nm_15.00µs_021.tif,4,8834,133.7651120670138,54.63800247146907,14.825999999999999,13757,9.02233319686972,5.337050421028884,1.4482064863623327
A36 - Site 1.tif,1,1150,32952.093043478264,28369.696768707483,8763.648599999999,5880,3.760088354460112,0.5228868116375127,0.16152433041948014
A36 - Site 1.tif,2,1073,28911.182665424043,22258.86488609584,9906.733199999999,6365,2.9183366586873323,0.6714945931239462,0.2988615014003088
A36 - Site 1.tif,3,644,35851.10093167702,24806.10741531889,9906.733199999999,3277,3.6188620615765483,1.1148976452042723,0.44525299078294317
A36 - Site 1.tif,4,2351,39522.79583156104,25471.89897775105,8763.648599999999,6652,4.509856297925494,1.6033158670686494,0.5516234524201558
A36 - Site 1.tif,5,1043,35422.38638542665,25589.09713375796,12192.902399999999,5024,2.9051644328259036,0.8064764999398852,0.38427652215569796
A36 - Site 1.tif,6,1945,38762.20668380463,24910.692894784665,10668.7896,5503,3.633233772251755,1.2983210193785226,0.5560469091533932
A36 - Site 1.tif,7,11563,46193.65519328894,28632.94349254486,13335.987,19785,3.4638347497829973,1.3167913031657061,0.6133044514026377
A36 - Site 1.tif,8,1558,29338.249037227215,20275.7821728035,9525.705,5486,3.07990317117698,0.9513696744140406,0.44696016100306085
A36 - Site 1.tif,9,11981,45014.812369585175,37510.53159965035,17908.325399999998,22880,2.5136248847455076,0.4190386651077178,0.2000579690532239
A36 - Site 1.tif,10,1165,37323.459227467814,19817.016637695557,7620.563999999999,4027,4.897729253034138,2.2972633770609745,0.8834045461950613
A36 - Site 1.tif,11,616,36934.57142857143,26887.236555592215,9144.6768,3031,4.0389149049566235,1.0987085812555153,0.3736841773308143
A36 - Site 1.tif,12,1359,42695.8506254599,32921.077331563225,15622.1562,6026,2.7330318605720105,0.6256993700965822,0.2969153529043868
A36 - Site 1.tif,13,1855,34957.95741239892,21778.8640760507,8382.6204,5996,4.17028992656726,1.5721925492811888,0.6051322644891597
A36 - Site 1.tif,14,1455,30745.501718213058,18198.80467608378,8001.592199999999,4106,3.842422976538924,1.5680250540778122,0.6894242377693524
A36 - Site 1.tif,15,1823,47507.07734503566,26352.120621716287,9906.733199999999,4568,4.795433205467541,2.135411976502811,0.8027800504934673
A36 - Site 1.tif,16,7099,35735.489787293984,28521.59936771634,12954.958799999999,16132,2.7584410216160937,0.556843949173507,0.25292727545077764
A36 - Site 1.tif,17,886,45060.86004514673,29959.376276512176,9525.705,3819,4.730448827157614,1.5853402733570585,0.5040653593469138
A36 - Site 1.tif,18,528,31174.392045454544,24909.52614727855,9525.705,3748,3.272659823647889,0.6576800245409046,0.25150482032986954
A36 - Site 1.tif,19,258,31718.581395348836,27837.77718428081,14479.0716,2621,2.1906502206486036,0.2680285254660489,0.1394078336562737
A36 - Site 1.tif,20,1110,36571.7945945946,26291.418672501823,10287.7614,4113,3.55488363042314,0.999282110302712,0.39101640159270307
A36 - Site 1.tif,21,2303,44738.97959183674,30786.005523809523,12573.9306,5250,3.5580743217877435,1.1096748114719288,0.4532245684563274
A36 - Site 1.tif,22,967,35976.8107549121,22060.276224672994,7620.563999999999,3899,4.721016811205167,1.8261817012783887,0.630841354319401
A36 - Site 1.tif,23,5300,41374.28452830188,27437.488072902706,12573.9306,7462,3.2904813812372224,1.1083882119874346,0.507947244236184
A36 - Site 1.tif,24,2182,43682.69752520623,24684.994382022473,9144.6768,4628,4.776844330371355,2.0774603147443096,0.7696053257768478
A36 - Site 1.tif,25,774,33438.88759689922,22064.77300109529,9144.6768,3652,3.6566505660279494,1.2437962373685523,0.5154874965282519
A36 - Site 2.tif,1,1785,50275.5350140056,28252.50921612315,12192.902399999999,4937,4.123344333008387,1.8062168526719602,0.77950689722478
A36 - Site 2.tif,2,2009,46782.698855151815,25748.827723649247,14098.043399999999,4516,3.318382383126912,1.4919709448112246,0.8168865533313444
A36 - Site 2.tif,3,3062,35669.199542782495,20451.15526518063,7620.563999999999,5204,4.680650873443972,1.9969708643063553,0.7441166076081821
A36 - Site 2.tif,4,1330,37700.16090225564,26713.36788321168,10668.7896,4110,3.5336867925692617,1.0298068882184779,0.4112844575447419
A36 - Site 2.tif,5,1106,47021.47287522604,32108.73258096173,18860.8959,4076,2.493066772888615,0.790669773764904,0.46444499971020026
A36 - Site 2.tif,6,9460,34961.72579281184,26450.507963538013,10668.7896,19966,3.277009586240136,0.7977678957382242,0.3217789934697402
A36 - Site 2.tif,7,868,38262.503456221195,25365.998629385966,9144.6768,3648,4.184128569331105,1.410274535544124,0.5084169961236937
A36 - Site 2.tif,8,551,43097.17422867514,30440.222222222223,11430.846,2727,3.7702523705277313,1.1072629275595038,0.4157969647543777
A36 - Site 2.tif,9,1301,36384.95772482706,19257.976105985334,8382.6204,4227,4.340523128636917,2.0431536681323768,0.8893448368912351
A36 - Site 2.tif,10,1977,35990.65958523015,22945.6532048907,10287.7614,5398,3.4983956359247563,1.2680121430816589,0.5685175429023444
A36 - Site 2.tif,11,662,46541.84592145015,26709.726444833625,11049.817799999999,5710,4.212001207966346,1.794791537340876,0.7425055257518431
A36 - Site 2.tif,12,915,27232.450273224043,22877.026566757493,9525.705,2936,2.858838298393185,0.457228489278429,0.1903841696277738
A36 - Site 2.tif,13,1327,45727.601356443105,36262.63669950739,17527.297199999997,4872,2.6089362686459734,0.54001278970327,0.2610114850545791
A36 - Site 2.tif,14,1162,32662.886402753873,21143.949345613186,7620.563999999999,4126,4.286150789195001,1.5115596505882731,0.5447864478319475
A36 - Site 2.tif,15,465,25688.393548387096,18060.223047013078,6858.5076,2829,3.745478615252922,1.1122201718290574,0.42237410255192787
A36 - Site 2.tif,16,401,33266.43890274314,23942.649497487437,10668.7896,3184,3.1181080656714757,0.8739313225604302,0.3894217891896323
A36 - Site 2.tif,17,28485,34062.03205195717,25959.750110889334,10668.7896,18036,3.192680081714728,0.7594377848692638,0.3121093965255871
A36 - Site 2.tif,18,1768,38625.152149321264,36107.28015102481,16003.184399999998,9270,2.413591644254073,0.15733568615849236,0.06973308395881193
A36 - Site 2.tif,19,1008,35039.706349206346,21525.033084947838,9144.6768,3355,3.8317052767975386,1.4778732545521707,0.6278584200505994
A36 - Site 2.tif,20,3399,27374.99882318329,24434.274605997423,11811.8742,16307,2.3175829982307223,0.2489633878071083,0.12035242562358937
A36 - Site 2.tif,21,1774,38568.10879368658,28059.550243550424,12954.958799999999,5543,2.9770923542926906,0.8111610937834898,0.3745091585189551
A36 - Site 2.tif,22,6995,49497.097784131525,28387.965683159327,11811.8742,11015,4.190452501101783,1.787111151332303,0.7435943926579913
A36 - Site 3.tif,1,2326,27385.305674978503,18192.11319266417,7239.5358,5071,3.782743318285777,1.2698593855011584,0.5053394503952606
A36 - Site 3.tif,2,2138,38705.30589335828,24695.8048101769,10668.7896,5031,3.6279003846248874,1.313129380971975,0.5672826292100642
A36 - Site 3.tif,3,9233,37104.754251055994,29608.819187338024,13717.0152,21608,2.705016631535769,0.5464698372363476,0.25316561988804387
A36 - Site 3.tif,4,8198,44234.65942912905,33787.522573136965,17908.325399999998,24919,2.4700611833367936,0.5833676026450947,0.30920103222646683
A36 - Site 3.tif,5,671,43452.15052160954,35437.20315944159,16003.184399999998,2722,2.715219011135208,0.5008345315425436,0.22617324866480762
A36 - Site 3.tif,6,15419,40710.47344185745,25644.899788669984,11049.817799999999,14669,3.684266490061095,1.3634228116570242,0.5874686108088292
A36 - Site 3.tif,7,1334,33568.36131934033,22504.46058661778,8001.592199999999,4364,4.195210213199616,1.382712397253727,0.49163145635655675
A36 - Site 3.tif,8,3944,35722.087728194725,19305.073246985263,8001.592199999999,6717,4.464372444293035,2.0517184668807475,0.850398973946638
A36 - Site 3.tif,9,2848,44305.7893258427,29288.724567327987,12954.958799999999,4738,3.419986895350721,1.1591750302211012,0.5127251179541409
A36 - Site 3.tif,10,1594,30496.258469259723,19221.341738299903,8001.592199999999,5235,3.8112737698906494,1.4090841483955818,0.5865832304769792
A36 - Site 3.tif,11,7418,23351.80021569156,18671.63384222371,7620.563999999999,16441,3.064313903230905,0.6141496053916364,0.2506564992122809
A36 - Site 3.tif,12,652,29256.217791411043,21965.061313414255,9144.6768,3213,3.19926208779506,0.7973115548478231,0.33194337015306646
A36 - Site 3.tif,13,4999,59243.82096419284,33806.9876790831,16003.184399999998,6980,3.7020020193078462,1.589485732920371,0.752413481099364
A36 - Site 3.tif,14,633,34524.47867298578,25464.981299816063,8001.592199999999,3262,4.314701100731257,1.1322118331847,0.3557629698016545
A36 - Site 3.tif,15,739,21790.748308525035,20095.144547214455,8001.592199999999,4649,2.7233015334745256,0.21190829511512235,0.0843787790292246
A36 - Site 3.tif,16,1476,34691.865853658535,23367.23546166627,9906.733199999999,4213,3.5018471935454483,1.14312459650986,0.4846371497631959
A36 - Site 3.tif,17,635,27043.685039370077,19884.54366913124,9144.6768,4328,2.9573144716651445,0.7828752756172869,0.3600354873292409
A36 - Site 3.tif,18,2715,49953.227255985264,38391.12560300161,13335.987,5597,3.745746546989571,0.8669850722691156,0.3011659979064709
A36 - Site 3.tif,19,3201,34468.99094033115,23027.358723623263,9525.705,5829,3.6185238720173425,1.2011323273916072,0.49687123712391706
A36 - Site 3.tif,20,5524,32961.55267921796,21109.200621010867,8001.592199999999,11594,4.119374226441678,1.4812492016516765,0.5614780147763785
A36 - Site 3.tif,21,549,26340.39344262295,23230.227682596935,8001.592199999999,4436,3.2918940111181914,0.388693360306731,0.1338844286211915
A36 - Site 4.tif,1,707,36355.86704384724,26023.243436754175,7239.5358,3352,5.021850578292192,1.4272494663371638,0.3970536429173819
A36 - Site 4.tif,2,9143,53126.64759925626,37518.228655282815,19051.41,11244,2.788593999038831,0.8192789375676265,0.41602227779406425
A36 - Site 4.tif,3,2017,44672.002478929106,29993.41176470588,15622.1562,8228,2.8595286020056894,0.9396008160649314,0.48939383186447144
A36 - Site 4.tif,4,1841,45104.96577946768,29410.00420891525,11811.8742,5227,3.818612103016598,1.3287443893145379,0.5336606366683001
A36 - Site 4.tif,5,4002,50943.92453773113,26351.95067490854,14479.0716,7927,3.518452421887046,1.6984496342158848,0.9332126553435349
A36 - Site 4.tif,6,1052,21582.136882129278,14999.867034482759,5715.423,3625,3.7761224116030463,1.151668012609916,0.43882187972135633
A36 - Site 4.tif,7,2093,34019.53081700908,21637.274436090225,9144.6768,5054,3.720145781092217,1.3540398038895496,0.5722650705146095
A36 - Site 4.tif,8,1147,51491.641673932,34369.74163652803,16003.184399999998,4424,3.2175872243214183,1.0699058143323819,0.49816784247228374
A36 - Site 4.tif,9,477,35133.03144654088,24116.1191799861,8763.648599999999,2878,4.008950272892137,1.257114789671303,0.45682774182394636
A36 - Site 4.tif,10,4911,32662.54917532071,26852.734877126655,13335.987,10580,2.4492037353737834,0.4356493672489106,0.2163583830390673
A36 - Site 4.tif,11,358,39051.796089385476,26214.0,10287.7614,2700,3.795946909241841,1.2478707067771806,0.48973052908295484
A36 - Site 4.tif,12,3331,24061.40318222756,20728.828397968035,9144.6768,8071,2.631192300005753,0.3644278367777724,0.1607700503027271
A36 - Site 4.tif,13,8058,36784.01005212212,18380.370724191063,6858.5076,9735,5.363267374970684,2.6833300188956883,1.0012659485534399
A36 - Site 4.tif,14,833,43061.229291716685,39498.24332019273,16765.2408,4566,2.568482600720593,0.21252220675063807,0.09020618822563047
A36 - Site 4.tif,15,442,47859.56334841629,35166.95371024735,12954.958799999999,2830,3.694304558373381,0.9797491319045449,0.360924342288619
A36 - Site 4.tif,16,932,38661.954935622314,27610.971976047906,9525.705,4175,4.058697485968936,1.1601223174098723,0.4002388242310689
A36 - Site 4.tif,17,2198,44860.29708826206,31842.370615807336,12192.902399999999,6187,3.6792139899541283,1.0676642890575458,0.408824036046745
A36 - Site 4.tif,18,1436,28003.3356545961,16233.743535988819,7239.5358,4293,3.8681120486423204,1.625738506409627,0.7250078881995303
A36 - Site 4.tif,19,590,27779.086440677966,21117.021670854272,9144.6768,3184,3.0377329946365723,0.7285183408358847,0.31548316205099725
A36 - Site 4.tif,20,842,29680.75296912114,19877.61788874842,8382.6204,3164,3.5407487817396253,1.1694595022292817,0.493174541096133
A36 - Site 4.tif,21,651,28448.044546850997,24125.155370476736,10287.7614,3482,2.765231758468207,0.42019726238694255,0.17918596212079213
A36 - Site 4.tif,22,1460,47075.71095890411,28488.97499045437,10287.7614,5238,4.575894514705439,1.8066841993858516,0.6524185575181611
A36 - Site 4.tif,23,447,36276.671140939594,32434.54554263566,14860.0998,3096,2.441213156651558,0.25855314903748816,0.11845782125272024
A36 - Site 4.tif,24,3852,57786.30321910696,35596.63035736215,17527.297199999997,8143,3.296931783588059,1.266006538745298,0.6233644207041995
A36 - Site 4.tif,25,282,37793.58156028369,26173.64548765682,12573.9306,2471,3.0057094127952024,0.9241291718770601,0.44395558418112796
A36 - Site 4.tif,26,3053,49899.07959384212,29312.739860712823,13717.0152,4882,3.6377505504117065,1.5007885777595618,0.7023000862745574
A36 - Site 4.tif,27,453,43389.883002207505,35649.33921438082,12573.9306,3004,3.450781174358716,0.6156025537329215,0.2171300775387725
A36 - Site 4.tif,28,1402,32972.256776034235,19857.573869610937,10287.7614,3804,3.204998200677767,1.2747849018359378,0.6604373219271648
A36 - Site 4.tif,29,581,44632.18588640275,25528.12483355526,8382.6204,3004,5.324371587475142,2.279008250549518,0.7483534798344771
A36 - Site 4.tif,30,930,52044.43440860215,29981.913949759488,14098.043399999999,3742,3.6916069082724796,1.5649349227302716,0.7358609759138571
A36 - Site 4.tif,31,808,37733.51608910891,23382.78829431438,8382.6204,2990,4.501398642489393,1.711962024998461,0.6137303906684999
A36 - Site 4.tif,32,1605,41378.76137071651,30209.90634690924,15241.127999999999,4837,2.7149408738440726,0.732810263374203,0.3697083630630404
A36 - Site 4.tif,33,2307,37948.99653229302,22882.262482419126,9525.705,5688,3.983851749792082,1.5816922789292842,0.6584459933296966
A36 - Site 5.tif,1,1516,27921.62598944591,20138.064804256937,8001.592199999999,5262,3.4895087491975683,0.9727515462709093,0.3865098886532414
A36 - Site 5.tif,2,566,34100.63074204947,31813.57235274089,13335.987,2937,2.5570383910860066,0.17149524735640967,0.0718893924878832
A36 - Site 5.tif,3,2003,40486.41737393909,25916.967131118257,12573.9306,5598,3.219869638369635,1.1587029311907642,0.5621587653025114
A36 - Site 5.tif,4,681,31166.06167400881,26409.19761904762,8763.648599999999,3360,3.5562883790175306,0.5427949330323176,0.1801214911402119
A36 - Site 5.tif,5,708,38875.24293785311,20893.557805907174,8001.592199999999,3555,4.858438416519718,2.2472633798962494,0.8606329902728878
A36 - Site 5.tif,6,1903,35823.74724119811,22959.898935176538,9525.705,5353,3.7607449780525952,1.3504353017449169,0.5602746049682059
A36 - Site 5.tif,7,867,27602.452133794694,22439.679052077237,9144.6768,3418,3.0184174615951993,0.5645659430754086,0.23007339230358725
A36 - Site 5.tif,8,6202,26215.823282811994,17139.78147017379,7620.563999999999,8516,3.440142131576822,1.190993450435728,0.5295307777655627
A36 - Site 5.tif,9,1254,31391.914673046253,23267.452759975193,8382.6204,4837,3.7448808576622175,0.9692031280649863,0.34917711005492247
A36 - Site 5.tif,10,2466,44433.069748580696,29146.572614107885,12573.9306,4820,3.5337454263144537,1.2157294024241436,0.5244698008529622
A36 - Site 5.tif,11,481,32658.234927234927,20682.3891493637,13335.987,2986,2.4488802311527778,0.8980097069577414,0.5790358981923459
A36 - Site 5.tif,12,811,30832.71146732429,22667.249045521294,8382.6204,3405,3.6781710248131367,0.9740942607628106,0.36023173369654077
A36 - Site 5.tif,13,2953,48162.47883508297,20771.16415261757,8001.592199999999,7889,6.019111900631825,3.423233026350827,1.3187183193581558
A36 - Site 5.tif,14,1733,25205.575302942874,20368.04131903059,7620.563999999999,7551,3.3075734686973037,0.6347999943187846,0.23750609634663425
A36 - Site 5.tif,15,2063,34898.93068347067,17475.67935121647,6477.479399999999,4809,5.387733179578587,2.6898196437687334,0.9969999438695019
A36 - Site 5.tif,16,1182,31655.355329949238,21133.58431845597,12573.9306,4145,2.5175385754017174,0.8367925151014353,0.49786968707904505
A36 - Site 5.tif,17,1432,38680.29469273743,25568.215562090027,11430.846,4421,3.3838523144046895,1.1470786266069835,0.5128273069663705
A36 - Site 5.tif,18,1014,37488.2909270217,23114.72973752524,9906.733199999999,3467,3.7841223913230913,1.4508880878594723,0.6218355720662273
A36 - Site 5.tif,19,547,40300.60694698355,27868.448585231195,12192.902399999999,2898,3.3052513359698916,1.0196225602316114,0.4461015590346238
A36 - Site 5.tif,20,1134,31634.1164021164,26277.12760971453,10668.7896,4694,2.9651082820198034,0.5021177652989659,0.2038650826667743
A36 - Site 5.tif,21,1776,40576.76914414414,27028.329875940613,11811.8742,4917,3.4352523957721957,1.147018588141758,0.5012680890896895
A36 - Site 5.tif,22,2348,37779.54727427598,30487.75857541441,16384.2126,6093,2.3058506500491163,0.4450496875789515,0.23917103255794414
A36 - Site 5.tif,23,1752,38118.14611872146,20966.3042690294,9144.6768,4966,4.168342627339194,1.8756094091453626,0.8180670102656054
A36 - Site 5.tif,24,2089,27185.408329344184,16429.95487656819,7049.021699999999,4942,3.856621455613567,1.5258079646372398,0.6546246495240524
A36 - Site 5.tif,25,944,31254.085805084746,24023.06480852028,10668.7896,4413,2.929487502973669,0.6777733245913563,0.3010032672432712
A36 - Site 5.tif,26,2526,46664.62747426762,23860.215987399093,9144.6768,5079,5.10292801974331,2.4937361905281974,0.9557504214925082
A37 - Site 2.tif,1,2408,34538.21719269103,21377.005302614736,10287.7614,5469,3.3572140575361185,1.2793076528838918,0.6156714518127718
A37 - Site 2.tif,2,1346,33941.566121842494,19811.90386790319,7620.563999999999,4421,4.4539441072600345,1.8541491487927617,0.7131905317198369
A37 - Site 2.tif,3,431,25135.31554524362,22257.009893733968,11430.846,2729,2.1989024736420757,0.2518016296875255,0.1293213088932799
A37 - Site 2.tif,4,3948,35969.454407294834,19779.06272555422,11049.817799999999,5819,3.255207919108158,1.4652179768725202,0.8185621283669176
A37 - Site 2.tif,5,2126,23780.961900282222,17114.659843848913,9525.705,4739,2.496504132791983,0.6998224337648825,0.38950829974136547
A37 - Site 2.tif,6,642,20801.38785046729,15964.470821230525,6477.479399999999,3787,3.2113398693996897,0.7467282766239749,0.30298010396945374
A37 - Site 2.tif,7,31238,28757.993949676675,19976.581994970664,9144.6768,29825,3.14477969846296,0.9602758136511077,0.4395853082830905
A37 - Site 2.tif,8,2998,25516.80820547031,12365.016926331988,5715.423,5199,4.464552878312886,2.3011054963237743,1.0636290558664923
A37 - Site 2.tif,9,2780,25029.211510791367,19572.180631451123,11430.846,6588,2.1896202180284354,0.47739518836448935,0.27881568140488083
A37 - Site 2.tif,10,1887,28897.586645468997,19224.888996889582,8382.6204,5144,3.447321394326113,1.1538990419472979,0.5031341221340389
A37 - Site 2.tif,11,273,34043.556776556776,26519.827908869,15431.6421,2458,2.2060877614920007,0.48755205822735487,0.2837020245206337
A37 - Site 2.tif,12,1943,20545.58260422028,14180.307659392383,6477.479399999999,11685,3.1718483896974745,0.9826777596263864,0.44888130058358366
A37 - Site 2.tif,13,3385,27573.632496307237,18520.070994182974,8382.6204,7564,3.2893810265193855,1.080039542541311,0.48885133890485816
A37 - Site 2.tif,14,8483,43818.3636685135,24206.830328602482,11430.846,15642,3.8333438897239245,1.7156677064754315,0.8101652745807937
A37 - Site 2.tif,15,3422,46290.41642314436,30337.685767410414,15241.127999999999,5916,3.0372040982212067,1.0466896318778687,0.525838746502726
A37 - Site 2.tif,16,4923,37704.24395693683,21856.82585483666,10287.7614,7867,3.664960965842402,1.54041462334894,0.7250557883996713
A37 - Site 2.tif,17,1153,37568.58542931483,20885.996878251823,9525.705,3844,3.943916532086117,1.751323240751786,0.7987451424177062
A37 - Site 2.tif,18,1332,19315.518018018018,17700.53405070755,9335.1909,6784,2.069107983426169,0.1729995652588892,0.09123927914734302
A37 - Site 3.tif,1,3040,16739.32302631579,14789.035795454545,7239.5358,7040,2.3122094411485152,0.2693939618143128,0.13187385965076587
A37 - Site 3.tif,2,2173,31845.528762080074,18624.407871720116,8382.6204,6860,3.7989944960459,1.577206202769743,0.709881408387121
A37 - Site 3.tif,3,7922,35993.23605150214,19842.459409916202,8763.648599999999,11456,4.107106262962332,1.842928371359791,0.813950342945215
A37 - Site 3.tif,4,866,16221.566974595842,13763.649178113037,5715.423,4441,2.838209345934231,0.43005002367777584,0.17858038697975545
A37 - Site 3.tif,5,1587,21594.477630749843,11258.758204633205,4572.3384,4144,4.722852016093694,2.260488730688445,0.9180159337513886
A37 - Site 3.tif,6,2032,43635.74163385827,20362.499450951684,8763.648599999999,5464,4.979175184387069,2.655656707056925,1.1429462399227925
A37 - Site 3.tif,7,3038,39057.23238973009,22303.824289911852,11049.817799999999,5105,3.5346494482193855,1.5161705290564225,0.7511450898305537
A37 - Site 3.tif,8,910,28146.301098901098,24115.314113597247,14479.0716,4648,1.9439299615647774,0.27840092905549735,0.16715465393956183
A37 - Site 3.tif,9,2272,51504.180017605635,23605.33365440185,9525.705,5191,5.4068628009739506,2.928795964516484,1.1818873976386042
A37 - Site 4.tif,1,9567,43428.19149158566,25265.257977441433,14098.043399999999,10373,3.0804410413117935,1.2883300894173262,0.7188896915422023
A37 - Site 4.tif,2,536,19922.774253731342,14754.350265800354,6858.5076,3386,2.904826445581586,0.7535785172744363,0.3502983116720201
A37 - Site 4.tif,3,2859,32011.10738020287,19798.120804195805,9906.733199999999,5720,3.2312475499159055,1.2327965565878707,0.6168760508528973
A37 - Site 4.tif,4,19937,40077.3304910468,24831.151506758255,12954.958799999999,18052,3.0935899611672917,1.1768604763356543,0.6139940380989933
A37 - Site 4.tif,5,11154,28948.39797382105,19001.202968903897,8763.648599999999,14214,3.3032358204992405,1.1350517870953662,0.5235034340294578
A37 - Site 4.tif,6,1289,34218.483320403415,20451.500811876595,10287.7614,4311,3.3261350054609697,1.3381902994477923,0.6731526764297575
A37 - Site 4.tif,7,2149,29613.5993485342,22131.975310744085,10287.7614,5873,2.8785270378165473,0.7272353767635827,0.33804592372533243
A37 - Site 4.tif,8,1139,24611.75504828797,17717.945049248316,8001.592199999999,3858,3.07585720855122,0.8615547789390017,0.38908631784746583
A37 - Site 4.tif,9,7068,50118.41794001132,31564.68615885284,17146.269,9833,2.922992631223859,1.08208565846877,0.5878002932701074
A37 - Site 4.tif,10,796,38362.41582914573,26760.10629004077,12954.958799999999,3434,2.9612148075002844,0.8955883008362792,0.4335673936922522
A37 - Site 4.tif,11,495,36883.91313131313,30275.525467898602,15241.127999999999,4221,2.420025153734614,0.43358914533164417,0.21827491220323406
A37 - Site 4.tif,12,3889,52030.90228850604,23343.638520368346,10668.7896,6407,4.876926459254316,2.688895820769659,1.228911411693362
A37 - Site 4.tif,13,534,37100.88576779026,21490.48025682183,12192.902399999999,3115,3.042826437104904,1.2802862680960714,0.7263870013331081
A37 - Site 4.tif,14,429,35761.34032634032,22185.51130063966,8763.648599999999,2345,4.080645169444553,1.5491069582234474,0.6119231980604891
A37 - Site 4.tif,15,2324,44659.8321858864,34595.32265234303,18289.3536,5399,2.4418485837499464,0.5502933429827651,0.2909211061472447
A37 - Site 4.tif,16,837,23367.041816009558,18956.626865671642,6858.5076,5293,3.407015516899841,0.643057529065286,0.23265821401603698
A37 - Site 4.tif,17,1572,27721.831424936387,15901.915510718789,6096.4511999999995,4758,4.547207960081911,1.938819081205507,0.743301390718802
A37 - Site 4.tif,18,1938,35102.38080495356,20118.39615194869,8382.6204,4054,4.187518834195531,1.7875060467949844,0.7447902178596902
A37 - Site 4.tif,19,1049,25396.940896091517,20275.33126293996,8001.592199999999,3864,3.173985909461842,0.6400738134524224,0.2526030064184702
A37 - Site 4.tif,20,2400,23795.415833333333,16961.54175334324,8001.592199999999,10095,2.9738351116298576,0.8540642798543959,0.4029040625766851
A37 - Site 4.tif,21,642,32476.8738317757,24755.921072994584,16003.184399999998,3877,2.029400713007807,0.4824635251204312,0.3118830737912042
A37 - Site 5.tif,1,855,19590.614035087718,16102.769276511397,6858.5076,5045,2.8563960525551004,0.5085428145579711,0.2165990643399309
A37 - Site 5.tif,2,933,28878.20578778135,20974.7722007722,8001.592199999999,3626,3.60905743081299,0.9877326148912303,0.3768066471165017
A37 - Site 5.tif,3,592,20040.35641891892,17660.41555492478,6477.479399999999,3523,3.0938510462708666,0.3674177433880323,0.13476131728560156
A37 - Site 5.tif,4,350,16503.071428571428,11334.97114774889,4953.366599999999,3154,3.3316878723529393,1.043351057604358,0.45594295860597356
A37 - Site 5.tif,5,613,25707.965742251225,18057.96048632219,9525.705,2961,2.6987992744079556,0.8030907167418058,0.4236361720759779
A37 - Site 5.tif,6,1092,26143.8663003663,11648.395983935743,4572.3384,3735,5.717832761527258,3.1702531720746774,1.2444177152295266
A37 - Site 5.tif,7,1046,12351.72466539197,9923.502370791844,4953.366599999999,4218,2.4936019606073647,0.49021655182865403,0.24469408116883626
A37 - Site 5.tif,8,471,30488.057324840764,17989.835467349552,6858.5076,3124,4.4452903026303145,1.8222946720177124,0.6947379746839691
A37 - Site 5.tif,9,1944,37671.25565843622,23056.781059263634,12192.902399999999,5079,3.089605282037304,1.1986050670889155,0.6338471342379562
A37 - Site 5.tif,10,1063,37692.688617121355,23895.133073496658,14479.0716,3592,2.6032531406982837,0.9529309561267152,0.5774211635976413
A37 - Site 5.tif,11,1617,26253.098330241188,23060.62777575537,11430.846,5494,2.2966890053648017,0.27928558870297315,0.13843814598320764
A37 - Site 5.tif,12,2035,48189.457493857495,27874.090230515918,14098.043399999999,4555,3.4181663459642433,1.4410061514867494,0.7288262000778589
A37 - Site 5.tif,13,4543,45247.3871890821,26430.751139715743,14479.0716,7458,3.1250199211012157,1.2995747634367223,0.7119221073170608
A37 - Site 5.tif,14,4591,28391.250707906773,24257.57379646557,10287.7614,8205,2.7597112339599144,0.4018052859815726,0.17040768158115596
A37 - Site 5.tif,15,702,37066.2094017094,19828.629007633586,9906.733199999999,3275,3.7415168707351465,1.739986335158235,0.8693278989400139
A37 - Site 5.tif,16,783,42440.77650063857,24847.936724960255,13717.0152,3145,3.094024165009865,1.2825559729397606,0.7080201455116741
A37 - Site 5.tif,17,2065,43733.68377723971,27546.279281098545,17527.297199999997,4952,2.495175569751551,0.9235539462485941,0.5876439547769566
A37 - Site 5.tif,18,1425,44958.407719298244,25402.62344139651,11430.846,3609,3.9330778946071807,1.7107906342089312,0.7698332545458917
A37 - Site 5.tif,19,1406,23646.37624466572,20829.28112513984,8382.6204,6257,2.820881194219114,0.33606378257597325,0.13524687206436717
A37 - Site 5.tif,20,910,32580.53956043956,26627.793234179062,10668.7896,3429,3.053817797701158,0.5579589203122834,0.22355387372534502
A37 - Site 5.tif,21,27585,48120.070690592715,25682.126429295124,14098.043399999999,13818,3.413244613118341,1.5915644195904288,0.8736793786551221
A37 - Site 5.tif,22,911,24451.391877058177,20609.65370446173,9144.6768,4886,2.673838825778013,0.4201065009309292,0.18640479008935973
A37 - Site 5.tif,23,681,44599.50073421439,35485.29692832765,23242.7202,3809,1.918858909388549,0.39213154602630457,0.25684451293426747
A37 - Site 5.tif,24,18441,35470.7522910905,23062.55021279773,12573.9306,13393,2.820975669379175,0.9868196726235234,0.5380238509530445
A37 - Site 5.tif,25,626,25229.928115015973,14739.275873886223,4953.366599999999,2918,5.093490983478801,2.117883267737254,0.7117481435915766
A37 - Site 5.tif,26,14186,26716.387353729027,13608.57512800315,5334.3948,20312,5.00832584676315,2.457225742965501,0.9632024001354514
A37 - Site 5.tif,27,2280,48507.05921052631,21516.112613521695,9144.6768,4955,5.3044038921608765,2.951547352332354,1.2544527481246657
A37 - Site 5.tif,28,1440,33746.24166666667,27156.509574299733,11430.846,6319,2.9522085825176148,0.5764868227916963,0.24265755046078796
A37 - Site 5.tif,29,952,22871.920168067227,14767.418784530386,4572.3384,5430,5.002236966541498,1.772506904458147,0.5488096126874403
A37 - Site 5.tif,30,26884,20051.850468680255,15513.278441392526,6477.479399999999,15655,3.0956255096155614,0.7006694652368518,0.29256046969253047
A37 - Site 5.tif,31,1483,20799.323668240053,14593.286130913804,6096.4511999999995,6172,3.411710023727564,1.0179754309057816,0.425266624778595
A37 - Site 5.tif,32,3734,42757.46304231387,23866.88279916556,9906.733199999999,5273,4.316000257508773,1.9068425344420545,0.7914975911224089
A37 - Site 5.tif,33,3320,37853.3906626506,23008.091416962925,11430.846,5907,3.3115126091819875,1.2987052091922757,0.6452208041357307
A37 - Site 5.tif,34,570,40025.2701754386,23413.010447273915,9906.733199999999,3063,4.040208751700127,1.6768655613081331,0.7095311286674726
A37 - Site 6.tif,1,901,23546.448390677026,16390.593799682036,6858.5076,3774,3.43317376955924,1.0433544742276812,0.4365829986665548
A37 - Site 6.tif,2,9696,36714.5015470297,21521.609692258884,8763.648599999999,12608,4.1894082274120175,1.7336263180102272,0.7059365945210173
A37 - Site 6.tif,3,1028,29040.5,17853.88051716451,10287.7614,4486,2.822820132664796,1.087371591143688,0.62656515887818
A37 - Site 6.tif,4,1190,26882.2,24151.666027154664,13526.5011,6776,1.9873727729915407,0.20186550480843252,0.11305778946157004
A37 - Site 6.tif,5,2425,29973.088659793815,19823.090553108173,8763.648599999999,6129,3.420160942984366,1.1581931875582119,0.5120290440830906
A37 - Site 6.tif,6,511,30734.383561643837,19712.838608695653,6477.479399999999,2875,4.744806067865904,1.7015175614346487,0.5591049149096574
A37 - Site 6.tif,7,828,27751.65458937198,15955.395607997378,5715.423,3051,4.855573172680907,2.0639345471636945,0.7393272640293876
A37 - Site 6.tif,8,1175,40430.58382978723,20287.49288135593,7620.563999999999,4425,5.305458208832598,2.6432546132287413,0.9928822189228091
A37 - Site 6.tif,9,887,29632.360766629088,19899.75849303136,9144.6768,4592,3.2403945393233236,1.064291553047242,0.48908142664148757
A37 - Site 6.tif,10,1088,44087.07444852941,35155.101111973105,15241.127999999999,3867,2.892638553294775,0.5860441127815768,0.25407332233533875
A37 - Site 6.tif,11,1137,43290.37291116975,23982.767070217917,8001.592199999999,4130,5.410219844884828,2.4129704886644565,0.8050616421538861
A37 - Site 6.tif,12,473,26469.9133192389,25261.23768115942,9144.6768,3450,2.8945706773595274,0.13217259226462344,0.04784704745407114
A37 - Site 6.tif,13,1543,36549.29747245625,18151.772853828305,9906.733199999999,4310,3.689339031803073,1.8570727854677036,1.013538719703496
A37 - Site 6.tif,14,268,23887.574626865673,19291.676709154115,8001.592199999999,2589,2.9853526685396217,0.5743729251418005,0.23823216545653447
A37 - Site 6.tif,15,1668,35266.4706235012,25305.807894318,9144.6768,6283,3.8565026839945435,1.0892307018627827,0.3936117262399578
A37 - Site 6.tif,16,1335,39191.05617977528,24334.154304979253,8382.6204,3856,4.675275070278564,1.7723457780312113,0.61053701265262
A37 - Site 6.tif,17,3133,57210.34918608363,32079.45951383068,14479.0716,5965,3.9512443039541374,1.7356699632755177,0.7833950463351862
A37 - Site 6.tif,18,1914,38039.893939393936,22073.17551369863,9525.705,4672,3.9933940783757214,1.6761718345968666,0.7233539377140873
A37 - Site 6.tif,19,1404,33723.74501424501,26826.514725872225,14479.0716,4414,2.3291372503622205,0.47635860080752845,0.2571049709158953
A37 - Site 6.tif,20,573,48288.640488656194,20540.409676296553,8001.592199999999,2873,6.034878969287619,3.467838664950329,1.3509093172745887
A37 - Site 6.tif,21,1316,38179.53723404255,22689.88483844242,9144.6768,6035,4.1750559444594915,1.6938436135417267,0.6826677396506616
A37 - Site 6.tif,22,634,30369.779179810725,27528.845839296668,9525.705,4891,3.1881922839074734,0.298238643807579,0.10319841801931524
A37 - Site 6.tif,23,4511,24791.697849700733,19367.275889250173,10668.7896,10149,2.3237591872350256,0.5084383668458018,0.2800818241794443
A37 - Site 6.tif,24,692,21756.23843930636,13944.566351316798,6477.479399999999,3911,3.358750695412906,1.2059740534223082,0.5601946945626096
A37 - Site 6.tif,25,1558,41065.89473684211,24815.419261565836,9525.705,4496,4.311060938460617,1.7059603961343763,0.6548539560819948
A37 - Site 6.tif,26,540,38964.531481481485,21249.655963302754,10668.7896,3488,3.652197947688926,1.6604391109336456,0.8336546976931404
A37 - Site 6.tif,27,839,31915.47914183552,23521.524585477415,9144.6768,3498,3.4900609217594893,0.9179060933404367,0.35686269084518035
A41 - Site 12.tif,1,165485,168.4668761519171,103.58781911602507,37.065,74346,4.545174048467971,1.7504129776983108,0.6263193644125288
A41 - Site 12.tif,2,1,149.0,113.61183431952662,29.651999999999997,845,5.024956156405991,1.1934495369128182,0.31148309407478986
A41 - Site 12.tif,3,1,101.0,112.4215456674473,29.651999999999997,854,3.406178334208088,-0.3851863504517551,-0.10159570034926643
A41 - Site 5.tif,1,151304,126.53910008988527,73.27443711904466,37.065,40195,3.4139781480033857,1.4370609188309724,0.7269201246409501
A41 - Site 5.tif,2,1,75.0,102.95786864931847,29.651999999999997,807,2.5293403471842235,-0.942866202613308,-0.2715466919952414
A41 - Site 5.tif,3,1,123.0,111.19441210710129,32.6172,859,3.7710165177357298,0.3619436337048943,0.10617069390560732
A41 - Site 5.tif,4,34151,148.69992093935755,105.31714285714285,38.547599999999996,19600,3.8575662531722315,1.1254339588187168,0.41192513299512784
A44 - Site 13.tif,1,36853,154.6606517786883,109.51292433389972,42.9954,27661,3.597144153623803,1.0500594815791455,0.4122593540011105
A44 - Site 16.tif,1,247948,130.09633471534354,89.01962432946004,45.9606,59467,2.8306056641348785,0.8937374702885977,0.46143432631489195
A44 - Site 16.tif,2,1,56.0,95.6080459770115,26.686799999999998,870,2.0984156953630952,-1.484181166800429,-0.4142752376969645
A44 - Site 16.tif,3,1,120.0,96.06928406466513,26.686799999999998,866,4.496605061492347,0.8967248199996862,0.2490985143257225
A44 - Site 5.tif,1,32743,176.27364627553982,112.05248689425905,44.477999999999994,31284,3.963164850845546,1.4438859518602887,0.5731346189233018
A44 - Site 8.tif,1,79953,136.87416357109802,108.69034747559648,53.373599999999996,52349,2.5644544034026837,0.5280478755456081,0.2593037629145167
A44_10.00kV_0.10nA_16.9nm_250.00ns_054.tif,1,65722,193.24392136575273,108.47712703473738,69.6822,29795,2.773217856755679,1.2164770101812312,0.7814255100621943
A44_10.00kV_0.10nA_16.9nm_250.00ns_054.tif,2,40026,120.0673062509369,102.28658785161028,74.13,26983,1.619685771411575,0.23985860511166915,0.17383235447626064
A44_10.00kV_0.10nA_28.1nm_250.00ns_049.tif,1,46546,188.23795814892793,130.5423617496388,68.19959999999999,38065,2.76010355077342,0.845981448437078,0.441968381922806
A44_10.00kV_0.10nA_28.1nm_500.00ns_048.tif,1,40275,201.46644320297952,130.6837025606152,57.8214,38233,3.4842885708083275,1.2241616534729827,0.541634031252801
A44_10.00kV_0.10nA_33.7nm_250.00ns_050.tif,1,17653,192.1307992975698,129.92873373269987,71.1648,19364,2.699801014976109,0.8740566341243056,0.4787398735683038
A44_10.00kV_0.10nA_33.7nm_250.00ns_053.tif,1,9519,186.54722134678013,135.20743527611273,69.6822,15682,2.677114403965561,0.7367704530468284,0.3797112633785795
A44_10.00kV_0.20nA_30.7nm_500.00ns_047.tif,1,14613,204.39642783822623,118.6228839642967,59.303999999999995,12996,3.4465875455915347,1.4463365685192595,0.7230775462558726
A44_10.00kV_0.20nA_30.7nm_500.00ns_047.tif,2,49108,155.16158263419402,105.50881819115784,63.751799999999996,29201,2.433838458049116,0.77884490218704,0.47060298171827397
A44_15.00kV_0.10nA_16.9nm_500.00ns_067.tif,1,47080,186.93336873406966,132.86210602851452,72.64739999999999,31633,2.573159792481742,0.7442972865940444,0.40697279546269405
A44_15.00kV_0.10nA_22.5nm_500.00ns_068.tif,1,73455,214.69672588659725,148.0607947262406,66.717,27305,3.218021281748536,0.9987848846676081,0.4500579054641956
A44_15.00kV_0.10nA_33.7nm_250.00ns_052.tif,1,16811,236.07013265124027,154.06643390553776,88.95599999999999,10311,2.6537853840629353,0.9218456173443508,0.5322619383184953
A44_15.00kV_0.10nA_37.5nm_750.00ns_062.tif,1,28346,189.33521484512806,133.83011665808885,51.891,23316,3.648710080912701,1.069647880679554,0.4147429559872313
A44_15.00kV_0.10nA_37.5nm_750.00ns_062.tif,2,7791,209.65639840841996,132.32296204107033,65.2344,9642,3.2138932584078503,1.1854701868261983,0.5844294532758617
A44_15.00kV_0.20nA_45.0nm_250.00ns_060.tif,1,3523,209.53051376667614,118.71485260770974,57.8214,5292,3.623753726655505,1.5706236988945297,0.7649898825331871
A44_15.00kV_0.20nA_45.0nm_250.00ns_060.tif,2,12252,188.747143323539,111.6917315104356,51.891,13751,3.637377257851366,1.484947520731031,0.6898936095283384
A44_15.00kV_0.20nA_45.0nm_250.00ns_060.tif,3,8550,170.82830409356725,101.85707746881795,62.2692,8739,2.7433836321348823,1.107629881444968,0.6771373019129915
A44_15.00kV_0.20nA_45.0nm_250.00ns_060.tif,4,13325,180.9037148217636,115.42542694497153,60.7866,10540,2.9760459507852577,1.0771829295604662,0.567277848600341
A44_15.00kV_0.20nA_45.0nm_250.00ns_060.tif,5,22878,174.96594982078852,117.24302788844622,59.303999999999995,18574,2.950322908931696,0.9733394361697173,0.49233564645175193
A44_15.00kV_0.20nA_45.0nm_750.00ns_061.tif,1,5934,177.5891472868217,106.56386999244143,40.0302,6615,4.436379214754308,1.7742923411983293,0.6665042973078312
A44_15.00kV_0.20nA_45.0nm_750.00ns_061.tif,2,18192,182.56255496921725,108.63870967741936,38.547599999999996,19685,4.736029089278112,1.9177288669753916,0.6804558476853713
A44_15.00kV_0.40nA_45.0nm_250.00ns_059.tif,1,6204,171.82978723404256,90.31213662790698,48.925799999999995,8256,3.512048596015233,1.6661485471770332,0.9026212161602202
A44_15.00kV_0.40nA_45.0nm_250.00ns_059.tif,2,56032,190.50537193032554,92.95079758568657,40.0302,55668,4.759041220946563,2.4370244045812592,1.0495291796093855
A44_15.00kV_0.40nA_45.0nm_250.00ns_059.tif,3,5589,132.15190552871712,98.92914411705753,42.9954,9978,3.0736289346762873,0.7727050196982129,0.3358238030341256
A44_15.00kV_0.40nA_45.0nm_250.00ns_059.tif,4,14213,173.98825019348484,101.45084202085005,41.5128,12470,4.191195249454936,1.747350411322804,0.7150005531800022
A44_15.00kV_0.40nA_45.0nm_250.00ns_059.tif,5,8509,209.12657186508403,110.51807228915662,53.373599999999996,8466,3.9181650071552676,1.8475144932598189,0.8922386857147517
A44_15.00kV_50pA_16.9nm_50.00ns_065.tif,1,33146,172.46044771616485,125.00292410422031,146.7774,22913,1.1749795793113589,0.3233299105224049,0.3796513077452544
A44_15.00kV_50pA_16.9nm_500.00ns_066.tif,1,40957,195.98776765876406,146.8655010713953,77.09519999999999,32201,2.542152658444917,0.6371637479505485,0.3344711060505923
A44_15.00kV_50pA_37.5nm_50.00ns_064.tif,1,2950,205.09559322033897,152.59494451294697,128.9862,4866,1.5900584186869477,0.4070253151369817,0.3440523463704726
A44_15.00kV_50pA_37.5nm_50.00ns_064.tif,2,19909,197.85298106384047,124.34737067122703,134.9166,23390,1.4664835983798556,0.5448225821519755,0.5911311995574888
A44_15.00kV_50pA_37.5nm_750.00ns_063.tif,1,6664,204.69627851140456,136.08695144724555,69.6822,8568,2.9375691135186446,0.9846033428093972,0.5041580131634736
A44_15.00kV_50pA_37.5nm_750.00ns_063.tif,2,9100,195.29318681318682,132.93799162325058,63.751799999999996,9789,3.0633360435713732,0.9780930919621926,0.4690547406640668
A44_20.00kV_0.10nA_33.7nm_250.00ns_055.tif,1,7757,139.69833698594817,116.43101314771849,71.1648,12930,1.963025779125606,0.32694989425896215,0.19983785425547712
A44_20.00kV_0.10nA_33.7nm_250.00ns_055.tif,2,68049,212.45830210583551,114.85657947284345,90.4386,20032,2.349199369321767,1.0792042625847817,0.8497704099534951
A44_20.00kV_0.40nA_16.9nm_250.00ns_057.tif,1,261765,212.72807288980573,136.31987365096077,66.717,37990,3.188513764976252,1.1452583183805085,0.5605066758562196
A44_20.00kV_0.40nA_33.7nm_250.00ns_056.tif,1,64741,210.22172966126567,115.27282184655397,83.0256,19225,2.5320109657255783,1.1436100167090104,0.823688587522101
A44_20.00kV_0.40nA_33.7nm_250.00ns_056.tif,2,10366,146.3076403627243,115.131706211274,56.3388,13234,2.5969250381043802,0.5533652499860958,0.27078495728650664
A44_20.00kV_0.40nA_45.0nm_250.00ns_058.tif,1,2105,111.46840855106889,90.1876879887708,37.065,4987,3.0073764608389353,0.5741459748160428,0.23596037368856965
A44_20.00kV_0.40nA_45.0nm_250.00ns_058.tif,2,12122,128.34573502722324,85.54371723321495,48.925799999999995,11826,2.623273099284846,0.8748353176700217,0.5003525585907738
A44_20.00kV_0.40nA_45.0nm_250.00ns_058.tif,3,91940,154.75714596475962,88.32624675337699,44.477999999999994,99719,3.4794088297577574,1.4935675883908215,0.7521082537260838
A44_20.00kV_0.40nA_45.0nm_250.00ns_058.tif,4,4868,105.80484798685292,73.47462146462242,37.065,10501,2.854575690228171,0.8722575614058526,0.44001895992614437
A44_20.00kV_0.40nA_45.0nm_250.00ns_058.tif,5,9928,141.8394439967768,71.88418731625367,32.6172,9524,4.348608830717864,2.14473519060728,0.9731661340626152
A50 - Site 4.tif,1,34194,117.54515412060596,88.66271438988048,38.547599999999996,31543,3.0493507790397447,0.7492668732484724,0.3257563218791372
A51 - Site 11.tif,1,460283,91.85564967639473,62.032021088553535,13.343399999999999,97873,6.883976318446196,2.2350846534983853,0.4807779604739757
A51 - Site 19.tif,1,618864,130.02549994829235,67.57959863069627,14.825999999999999,127364,8.770099815229418,4.211918337749689,0.9240348059716252
A51 - Site 19.tif,2,1,82.0,66.69852941176471,7.412999999999999,816,11.061648440494203,2.064140100849034,0.2294124131504794
A51 - Site 5.tif,1,84341,69.42225015117202,61.74613334452582,13.343399999999999,47651,5.202740688216243,0.5752744278739643,0.12431736838600858
A51 - Site 5.tif,2,17452,76.28231721292688,61.43915476488766,13.343399999999999,23946,5.716857559224659,1.1123973227899373,0.24159125402073636
A51 - Site 9.tif,1,181277,77.09303993336165,64.26162238679717,10.3782,57927,7.428363286415565,1.2363817939720436,0.1996746591197798
A51_10.00kV_0.10nA_14.4nm_50.00ns_086.tif,1,242692,119.15721985067493,115.50666397996488,111.195,69478,1.0716059160929798,0.032830216020340384,0.031604720841277245
A51_10.00kV_0.10nA_14.4nm_50.00ns_086.tif,2,8585,165.8834012813046,117.77103693362102,81.54299999999999,7879,2.0343058418375772,0.5900244575473473,0.4085245880166257
A51_10.00kV_0.10nA_14.4nm_50.00ns_086.tif,3,7830,181.39323116219668,130.4097375908947,90.4386,9489,2.005705872737301,0.563735988456971,0.39094851741310604
A51_10.00kV_0.10nA_14.4nm_50.00ns_086.tif,4,4978,145.888911209321,86.56321131959398,96.369,6502,1.5138572693935026,0.6156097903223126,0.6853454138137426
A51_10.00kV_0.10nA_14.4nm_50.00ns_086.tif,5,3536,176.08455882352942,116.60829817158931,83.0256,5688,2.1208465678335475,0.7163605038057721,0.5100516994023888
A51_10.00kV_0.10nA_14.4nm_50.00ns_086.tif,6,21765,166.01019986216403,118.42033527696793,97.85159999999999,13720,1.6965506935522623,0.4863473318814678,0.40187240198122737
A51_10.00kV_0.10nA_14.4nm_50.00ns_086.tif,7,19568,149.43586467702372,99.65463695183321,85.9908,13910,1.737812238747001,0.5789134153816615,0.49953749512184015
A51_10.00kV_0.10nA_14.4nm_50.00ns_086.tif,8,11958,108.90416457601606,87.9069535221496,80.0604,11016,1.3602750493678937,0.2622671264600699,0.23885722585287053
A51_10.00kV_0.10nA_14.4nm_50.00ns_086.tif,9,3451,96.07997681831353,74.78225205070842,74.13,8046,1.2961011305187176,0.2873023710337526,0.28479651495806196
A51_10.00kV_0.10nA_14.4nm_700.00ns_087.tif,1,7403,124.821828988248,101.71357659148306,47.4432,11483,2.6309740692436066,0.48707195956204935,0.22718945856464953
A51_10.00kV_0.10nA_14.4nm_700.00ns_087.tif,2,285051,147.94547993166134,113.31546975241876,80.0604,67493,1.8479233168105844,0.4325485530289268,0.30560708305625955
A51_10.00kV_0.10nA_14.4nm_700.00ns_087.tif,3,5474,183.06868834490317,151.45311748677673,63.751799999999996,6239,2.871584619041146,0.4959165208381139,0.20874823430953332
A51_10.00kV_0.10nA_14.4nm_700.00ns_087.tif,4,16424,168.61081344374088,130.31226987759976,56.3388,10049,2.9928009367223454,0.6797898350576019,0.29389821541114547
A51_10.00kV_0.10nA_14.4nm_700.00ns_087.tif,5,6268,184.91161455009572,114.3748326639893,40.0302,6723,4.619302788991878,1.7620891693892493,0.6167159351145232
A51_10.00kV_0.10nA_14.4nm_700.00ns_087.tif,6,10719,193.83188730292005,150.6629256229789,54.856199999999994,10514,3.533454509564744,0.786947722811126,0.2865267715901292
A51_10.00kV_0.10nA_14.4nm_700.00ns_087.tif,7,13245,160.15922989807476,109.87657665284009,45.9606,11813,3.484707115730162,1.0940382247902396,0.4576285025654618
A51_10.00kV_0.10nA_14.4nm_700.00ns_087.tif,8,2848,154.54002808988764,118.21423884514435,60.0453,9144,2.5737239728030405,0.6049730659800777,0.30728776496421606
A51_10.00kV_0.10nA_42.2nm_50.00ns_085.tif,1,1804,215.42960088691797,145.4800853485064,117.8667,4218,1.8277393094796122,0.5934629164342171,0.48081849392674636
A51_10.00kV_0.10nA_42.2nm_50.00ns_085.tif,2,3434,213.60366919044844,172.69633507853402,94.8864,6685,2.2511515788135807,0.4311190445375021,0.23687436152563968
A51_10.00kV_0.10nA_42.2nm_50.00ns_085.tif,3,124611,155.00992689248943,163.81807391524922,115.6428,104471,1.3404200423985346,-0.07616684326216691,-0.05376785852566532
A51_10.00kV_0.10nA_42.2nm_50.00ns_085.tif,4,5569,214.50834979349972,166.7060096153846,108.2298,8320,1.9819712294920624,0.44167447573310104,0.286746352369268
A51_10.00kV_0.10nA_42.2nm_50.00ns_085.tif,5,6133,225.10223381705526,170.0306792237443,99.3342,7008,2.2661100989829706,0.554406786260592,0.3238918696407904
A51_10.00kV_0.10nA_42.2nm_50.00ns_085.tif,6,5760,224.9998263888889,174.60457629067494,81.54299999999999,8697,2.7592782502642303,0.6180205547016145,0.28862502441763976
A51_10.00kV_0.10nA_42.2nm_50.00ns_085.tif,7,5188,189.66827293754818,130.278038755138,108.97109999999999,6812,1.740537380279201,0.5450090361293967,0.4558729525355951
A51_10.00kV_0.10nA_42.2nm_50.00ns_085.tif,8,10650,236.85370892018778,199.8770870602266,19.273799999999998,13416,12.288895225502955,1.918491519097235,0.18499680179434225
A51_10.00kV_0.10nA_42.2nm_50.00ns_085.tif,9,2785,198.57235188509875,148.73511293634496,111.195,6818,1.7858028856265187,0.44819676194317937,0.3350737963720254
A51_10.00kV_0.10nA_42.2nm_50.00ns_085.tif,10,1775,177.70140845070424,167.52476695302505,103.782,5471,1.712256541920388,0.09805786645756111,0.06074708642886998
A51_10.00kV_0.10nA_42.2nm_50.00ns_085.tif,11,27164,163.76744956560154,111.44170403587444,97.85159999999999,17394,1.6736307791478653,0.5347459369533012,0.46953468611882915
A51_10.00kV_0.10nA_42.2nm_50.00ns_085.tif,12,4879,183.90346382455422,119.39476861167002,93.40379999999999,7455,1.9689077297161912,0.6906431559099071,0.5402975017883317
A51_10.00kV_0.10nA_42.2nm_50.00ns_085.tif,13,39179,223.93407182419153,196.65045259879307,25.2042,41096,8.88479188926225,1.0825028850181095,0.1387417057192092
A51_10.00kV_0.10nA_42.2nm_50.00ns_085.tif,14,3035,159.82108731466226,113.92325726789622,87.4734,6398,1.8270821449308186,0.5247061397124039,0.40288375827252004
A51_10.00kV_0.10nA_42.2nm_50.00ns_085.tif,15,10704,186.94843049327355,164.10179425837322,114.16019999999999,8360,1.6375972578613003,0.20012785745731923,0.13922234267308975
A51_10.00kV_0.10nA_42.2nm_50.00ns_085.tif,16,4931,124.4469681606165,96.53966065747613,83.0256,9430,1.498898751055428,0.33612894697272994,0.28907608862708845
A51_10.00kV_0.20nA_14.4nm_700.00ns_088.tif,1,315067,122.44847921235801,131.03749159540519,84.5082,105597,1.4489538198407785,-0.10163525411771668,-0.06554622099232009
A51_10.00kV_0.20nA_14.4nm_700.00ns_088.tif,2,11394,194.52834825346673,137.20150222551928,48.925799999999995,10784,3.9759870704966884,1.171709936602577,0.4178295798069363
A51_10.00kV_0.20nA_14.4nm_700.00ns_088.tif,3,21005,185.22989764341824,147.6226509646705,47.4432,11973,3.9042454472796058,0.7926793865258024,0.25475254935775743
A51_10.00kV_0.20nA_14.4nm_700.00ns_088.tif,4,15562,135.6236987533736,109.43762781186093,41.5128,9780,3.267033269755431,0.6307951025997934,0.2392784955475963
A51_10.00kV_0.20nA_14.4nm_700.00ns_088.tif,5,9128,190.52114373356704,144.02122485076276,56.3388,9046,3.3817039713261554,0.8253622525604141,0.32286851419129087
A51_10.00kV_0.20nA_14.4nm_700.00ns_088.tif,6,9848,195.89155158407797,157.76163715406636,62.2692,9431,3.145881937661302,0.6123398794891891,0.2416931968724303
A51_10.00kV_0.20nA_14.4nm_700.00ns_088.tif,7,6224,120.37612467866325,76.83994360902255,35.5824,10640,3.3830243222726124,1.2235313260883296,0.5665826784763913
A51_10.00kV_0.20nA_14.4nm_700.00ns_088.tif,8,53901,113.96981503126102,64.22078150668857,34.099799999999995,17044,3.342242916317357,1.458924495451094,0.7746563082799693
A51_10.00kV_0.20nA_14.4nm_700.00ns_088.tif,9,14016,168.88948344748857,134.4734623655914,45.9606,11625,3.6746579333329414,0.7488157481496984,0.25593169443180874
A51_10.00kV_0.20nA_14.4nm_700.00ns_088.tif,10,6820,161.12976539589442,116.70619687414313,69.6822,7294,2.312351868522678,0.6375167333318428,0.3806444705404253
A51_10.00kV_0.20nA_14.4nm_700.00ns_088.tif,11,3960,187.32323232323233,116.43178621659634,37.065,5688,5.05391156812878,1.9126250124783422,0.6088667743073959
A51_10.00kV_0.40nA_14.4nm_700.00ns_089.tif,1,537188,150.6939860905307,137.95499072356216,71.1648,134750,2.1175354398432282,0.17900697205891775,0.09234167824759493
A51_10.00kV_0.40nA_14.4nm_700.00ns_089.tif,2,108125,172.18510982658958,143.84593401546275,84.5082,39191,2.037495885679906,0.3353423195355411,0.19701061419025165
A51_10.00kV_0.40nA_14.4nm_700.00ns_089.tif,3,9996,169.14135654261705,88.83776815181518,31.1346,9696,5.432584856985193,2.579239443095767,0.9039352299410699
A51_10.00kV_0.40nA_14.4nm_700.00ns_089.tif,4,7414,136.1752090639331,106.9678606211449,57.8214,9241,2.3551005171161905,0.5051304264119668,0.2730478881269142
A51_10.00kV_0.40nA_14.4nm_700.00ns_089.tif,5,57131,190.74449948364287,167.43435654044455,45.9606,29287,4.150174267571379,0.5071766456079022,0.13921959282099575
A51_10.00kV_0.40nA_14.4nm_700.00ns_089.tif,6,15068,191.44690735333157,134.75233364734092,38.547599999999996,11677,4.966506534872898,1.470767925662894,0.42073166502747306
A51_10.00kV_0.40nA_14.4nm_700.00ns_089.tif,7,3213,139.18425147836913,101.65383396704689,31.1346,6312,4.4704043550797214,1.2054247525026174,0.369198249028133
A51_10.00kV_0.40nA_42.2nm_400.00ns_082.tif,1,192032,139.63621688051992,102.88200852590263,77.09519999999999,153884,1.8112180377300762,0.4767379596894478,0.35724621707585746
A51_10.00kV_0.40nA_42.2nm_400.00ns_082.tif,2,1830,172.50819672131146,108.03883495145631,35.5824,4532,4.84813269124146,1.8118328654541802,0.5967239631272876
A51_10.00kV_0.40nA_42.2nm_400.00ns_082.tif,3,2743,210.90448414145098,156.36877130335984,56.3388,6161,3.7435033068509793,0.9679956411640146,0.34876345436521133
A51_10.00kV_0.40nA_42.2nm_400.00ns_082.tif,4,1069,159.60056127221702,148.06674684305472,75.6126,4989,2.1107667406108157,0.15253825986194,0.07789604806141086
A51_10.00kV_0.40nA_42.2nm_400.00ns_082.tif,5,117809,147.96761707509614,127.62231768968735,85.9908,46089,1.7207377656434035,0.23659855918357325,0.1594180371593317
A51_10.00kV_0.40nA_42.2nm_400.00ns_082.tif,6,3382,99.60792430514489,67.13087995251522,32.6172,6739,3.0538465679030216,0.9957030138292878,0.4837869602001989
A51_10.00kV_0.40nA_42.2nm_400.00ns_082.tif,7,23459,207.8949656848118,149.65797101449274,63.751799999999996,23805,3.261005424979401,0.9134956920617788,0.38913393166868543
A51_10.00kV_0.40nA_42.2nm_400.00ns_082.tif,8,3065,131.76443719412725,103.98189593727726,44.477999999999994,7015,2.9624631765030496,0.6246355782769828,0.2671863308872228
A51_10.00kV_0.40nA_42.2nm_400.00ns_082.tif,9,176868,152.68663636158038,144.42010742770333,88.95599999999999,18431,1.716428755164532,0.09292828963698653,0.05723945979920339
A51_10.00kV_0.40nA_42.2nm_400.00ns_082.tif,10,38833,108.38796899544202,42.35478022642118,25.2042,24821,4.300393146873858,2.6199279779886515,1.559049259621431
A51_10.00kV_0.40nA_42.2nm_400.00ns_082.tif,11,10486,166.23564753004004,126.54188745899572,57.8214,7926,2.8749848239802254,0.6864890864659008,0.3136807966513837
A51_10.00kV_0.40nA_42.2nm_50.00ns_083.tif,1,79964,177.36831574208395,144.12630539091165,75.6126,28344,2.3457507838458995,0.43963585892795565,0.2306449905775634
A51_10.00kV_0.40nA_42.2nm_50.00ns_083.tif,2,9469,169.94899144577042,120.8859849722313,59.303999999999995,9183,2.8657256073302504,0.8273136123240589,0.40586182493157297
A51_10.00kV_0.40nA_42.2nm_50.00ns_083.tif,3,14053,196.99864797552124,173.01506557958172,77.09519999999999,11284,2.555264762916091,0.3110904750597783,0.13862135250598498
A51_10.00kV_0.40nA_42.2nm_50.00ns_083.tif,4,55691,172.94514373956295,154.96022615212675,69.6822,30422,2.4819127942967336,0.25809916427516943,0.1160615083809927
A51_10.00kV_0.40nA_42.2nm_50.00ns_083.tif,5,5048,208.69136291600634,172.37071172555042,77.09519999999999,5859,2.7069306894454788,0.47111430005687494,0.2107124280265126
A51_10.00kV_0.40nA_42.2nm_50.00ns_083.tif,6,25006,193.02507398224427,141.46249674224654,75.6126,19185,2.552816249629243,0.6819310172270021,0.3644964455158951
A51_10.00kV_0.40nA_42.2nm_50.00ns_083.tif,7,89642,141.83846857499833,126.81125798306847,80.0604,67330,1.7716432662999673,0.1876984200685092,0.11850060341449534
A51_10.00kV_0.40nA_42.2nm_50.00ns_083.tif,8,1182,178.31387478849408,116.03832521045636,62.2692,4514,2.8635966859997897,1.0001019696420814,0.5366808721146483
A51_10.00kV_0.40nA_42.2nm_50.00ns_083.tif,9,1110,219.12432432432433,136.23123909249563,60.7866,4584,3.6048129733901253,1.3636736586384495,0.6084733999186694
A51_10.00kV_0.40nA_42.2nm_50.00ns_083.tif,10,4288,146.00023320895522,108.70748383888612,50.4084,8044,2.8963472988627244,0.7398122011940664,0.3430559520806279
A51_10.00kV_50pA_42.2nm_50.00ns_084.tif,1,261039,159.05824800125652,153.14297803202112,128.9862,147715,1.2331415918053643,0.04585971188217654,0.03862579952971985
A51_10.00kV_50pA_42.2nm_50.00ns_084.tif,2,67631,201.8692167792876,164.94278383579217,96.369,31180,2.0947526357888955,0.38317750458823535,0.22387419493306587
A51_10.00kV_50pA_42.2nm_50.00ns_084.tif,3,4042,229.64027709054923,181.783908045977,43.7367,6090,5.25051677511207,1.0941924981452718,0.26325965568875187
A51_10.00kV_50pA_42.2nm_50.00ns_084.tif,4,1574,204.26238881829732,143.84747687814377,134.9166,6163,1.513990041278519,0.4477945036835765,0.4199928510886039
A51_10.00kV_50pA_42.2nm_50.00ns_084.tif,5,14714,104.84966698382493,73.48425835767608,69.6822,15405,1.5046836490348772,0.45012081452146524,0.4268316687529601
A51_10.00kV_50pA_42.2nm_50.00ns_084.tif,6,25081,166.88888002870698,123.29008679762448,126.02099999999999,17512,1.3242942050568085,0.3459645077219103,0.35362772758130845
A51_10.00kV_50pA_42.2nm_50.00ns_084.tif,7,12685,156.28088293259756,118.72172378290925,126.02099999999999,13598,1.2401177813237192,0.2980388915078275,0.31636298690544756
A51_15.00kV_0.10nA_22.5nm_500.00ns_069.tif,1,6217,215.102782692617,134.09915242836001,80.0604,7433,2.68675628232871,1.0117814831569563,0.6040577348278998
A51_15.00kV_0.10nA_22.5nm_500.00ns_069.tif,2,2738,183.30861943024104,141.33366336633662,63.751799999999996,5050,2.8753481376445458,0.6584120927929924,0.29699192012122033
A51_15.00kV_0.10nA_22.5nm_500.00ns_069.tif,3,2611,219.33282267330526,137.4525462962963,66.717,6048,3.287510269353091,1.2272775509200982,0.5956985052466667
A51_15.00kV_0.10nA_22.5nm_500.00ns_069.tif,4,2592,224.59992283950618,135.14253290966863,78.5778,4406,2.858312688964607,1.1384562805073823,0.6619484480360655
A51_15.00kV_0.10nA_22.5nm_500.00ns_069.tif,5,3475,205.5513669064748,115.12602078693392,62.2692,5388,3.3010118465222726,1.4521681040549614,0.785446639201041
A51_15.00kV_0.10nA_22.5nm_500.00ns_069.tif,6,5920,226.36435810810812,149.1687534780189,91.9212,7188,2.462591416163869,0.839801967573217,0.5175051934471617
A51_15.00kV_0.10nA_22.5nm_500.00ns_069.tif,7,3290,222.90729483282675,121.07102919859184,66.717,4829,3.341086901380696,1.5263915586577783,0.8411282723861413
A51_15.00kV_0.10nA_22.5nm_500.00ns_069.tif,8,1166,174.29588336192108,106.85507595852424,47.4432,4147,3.6737800849264657,1.421506293613875,0.6311427584709457
A51_15.00kV_0.10nA_22.5nm_500.00ns_069.tif,9,3905,147.81280409731113,82.79185645272602,75.6126,7245,1.9548700094661795,0.8599221245663539,0.7853543865616589
A51_15.00kV_0.10nA_22.5nm_500.00ns_069.tif,10,1380,162.04347826086956,127.33800880088009,63.751799999999996,3636,2.5417867140292776,0.5443841500090293,0.2725460354224115
A51_15.00kV_0.10nA_22.5nm_500.00ns_069.tif,11,5086,223.1578843885175,151.66379070414695,80.0604,7186,2.78736909084446,0.8930019544673837,0.47139856750067166
A51_15.00kV_0.10nA_22.5nm_500.00ns_069.tif,12,10768,174.4214338781575,129.22824069018236,72.64739999999999,18314,2.4009315385567582,0.6220896161700797,0.3497160755505926
A51_15.00kV_0.10nA_22.5nm_500.00ns_069.tif,13,18716,218.81625347296432,156.58958349798468,97.85159999999999,12653,2.2362051662987863,0.6359289982853664,0.39738703291082345
A51_15.00kV_0.10nA_22.5nm_500.00ns_069.tif,14,2204,190.1538112522686,146.53856459330143,106.74719999999999,5225,1.781347063290233,0.4085844561251381,0.29763664450405397
A51_15.00kV_0.10nA_22.5nm_500.00ns_069.tif,15,16656,215.10086455331412,148.80827351718926,88.95599999999999,10588,2.418059091338792,0.7452290011766782,0.44548995472360153
A51_15.00kV_0.10nA_22.5nm_500.00ns_069.tif,16,13787,228.46826720823964,172.09889328865876,91.9212,9849,2.48547959756166,0.6132358358403559,0.32754059505634364
A51_15.00kV_0.10nA_22.5nm_500.00ns_069.tif,17,6810,150.45535976505138,119.6324639670556,66.717,8742,2.2551277746676277,0.4619946309542671,0.2576465849930779
A51_15.00kV_0.10nA_22.5nm_500.00ns_069.tif,18,3124,245.33258642765685,178.22961672473866,75.6126,5740,3.244599265138494,0.8874575096484397,0.3764973012470108
A51_15.00kV_0.10nA_22.5nm_500.00ns_069.tif,19,11208,207.8606352605282,118.10792264504055,59.303999999999995,9618,3.5050019429630073,1.513434382172422,0.7599211856229972
A51_15.00kV_0.10nA_22.5nm_500.00ns_069.tif,20,9220,215.83167028199566,121.65961970001182,74.13,8467,2.911529343759347,1.2703635581988428,0.7740616878998355
A51_15.00kV_0.10nA_22.5nm_500.00ns_069.tif,21,6980,226.839111747851,149.63666981004985,74.13,7423,3.060017694823295,1.0414466737810157,0.5159326389089206
A51_15.00kV_0.10nA_25.0nm_1.00µs_073.tif,1,4043,240.40267128370022,138.35637324659484,54.856199999999994,4919,4.382415683913142,1.860250947358783,0.7375612386705956
A51_15.00kV_0.10nA_25.0nm_1.00µs_073.tif,2,1826,229.76889375684556,189.02157962883038,80.0604,4634,2.869944363607303,0.5089571638778423,0.21556964133868936
A51_15.00kV_0.10nA_25.0nm_1.00µs_073.tif,3,34168,238.0321645984547,190.95450372920251,51.891,17430,4.587157012826562,0.9072413493704067,0.24653862541806731
A51_15.00kV_0.10nA_25.0nm_1.00µs_073.tif,4,1058,190.30718336483932,111.48206967213115,97.85159999999999,3904,1.94485510043158,0.8055577393180348,0.7070653955157296
A51_15.00kV_0.10nA_25.0nm_1.00µs_073.tif,5,1720,220.28488372093022,160.69008078994614,63.751799999999996,4456,3.455351592996225,0.9347940438016833,0.3708679629402742
A51_15.00kV_0.10nA_25.0nm_1.00µs_073.tif,6,4832,236.18936258278146,179.74831784684395,56.3388,6242,4.192303750538855,1.0018148190220482,0.31400040572779414
A51_15.00kV_0.10nA_25.0nm_1.00µs_073.tif,7,6318,244.95093383982274,185.7747504403993,60.7866,8515,4.029686374949839,0.973507045791151,0.31853727837585294
A51_15.00kV_0.10nA_25.0nm_1.00µs_073.tif,8,19578,239.99882521197262,197.55851398052152,42.9954,12732,5.581965167347041,0.9870895775264377,0.21482400517290434
A51_15.00kV_0.10nA_25.0nm_1.00µs_073.tif,9,8570,243.81505250875145,173.886346104397,56.3388,7778,4.327657892349054,1.2412175337767626,0.40215179608380225
A51_15.00kV_0.10nA_25.0nm_1.00µs_073.tif,10,2568,202.74143302180684,139.57937331396556,44.477999999999994,4819,4.558240770183562,1.420074187095655,0.4525171463640355
A51_15.00kV_0.10nA_25.0nm_1.00µs_073.tif,11,1698,206.68374558303887,160.15077866918358,72.64739999999999,4238,2.8450260512363643,0.640531758981739,0.29055723173891534
A51_15.00kV_0.10nA_25.0nm_1.00µs_073.tif,12,1512,237.2956349206349,205.18482808804802,56.3388,5497,4.2119398155181775,0.569959012738775,0.1564969843542363
A51_15.00kV_0.10nA_25.0nm_1.00µs_073.tif,13,3074,235.77521145087834,179.4513060303128,57.8214,6202,4.077646189993703,0.9741013778778193,0.3138673474347001
A51_15.00kV_0.10nA_25.0nm_1.00µs_073.tif,14,52808,237.84773140433268,185.2903983097269,72.64739999999999,25558,3.2740019790328727,0.7234578675543958,0.28364844358484104
A51_15.00kV_0.10nA_25.0nm_1.00µs_073.tif,15,4978,234.48111691442347,168.79992841803866,68.19959999999999,8382,3.438159708855212,0.9630729283860037,0.3891067319047202
A51_15.00kV_0.10nA_25.0nm_1.00µs_073.tif,16,8220,233.14598540145985,143.41428222059184,69.6822,8178,3.3458470795698387,1.287727757849074,0.6256817785873717
A51_15.00kV_0.10nA_25.0nm_1.00µs_073.tif,17,3246,238.6608133086876,148.1631862579993,59.303999999999995,5938,4.024362829968366,1.5259953297488928,0.6107969822341369
A51_15.00kV_0.10nA_25.0nm_1.00µs_073.tif,18,6616,212.54821644498188,159.22108667529108,83.0256,7730,2.5600322842518644,0.6422974331202403,0.3349250459211769
A51_15.00kV_0.10nA_25.0nm_1.00µs_073.tif,19,6901,251.21851905520938,238.13460822053892,14.825999999999999,8053,16.94445695978449,0.8824976949848568,0.05494334037328956
A51_15.00kV_0.10nA_25.0nm_1.00µs_073.tif,20,7186,194.25146117450598,109.95243853284965,54.856199999999994,7443,3.541103123058013,1.5367273457929833,0.7666862486983778
A51_15.00kV_0.10nA_25.0nm_1.00µs_073.tif,21,9964,228.4129867523083,149.82083235363274,71.1648,8506,3.209634351817359,1.1043683729544929,0.5245742742098989
A51_15.00kV_0.10nA_25.0nm_500.00ns_072.tif,1,7005,221.8326909350464,166.59075092602987,75.6126,8909,2.93380588560251,0.7305917267983195,0.331602683213963
A51_15.00kV_0.10nA_25.0nm_500.00ns_072.tif,2,7986,221.21650388179313,181.10699939135728,74.13,8215,2.9841697538371976,0.5410698028466904,0.22146854965857965
A51_15.00kV_0.10nA_25.0nm_500.00ns_072.tif,3,47377,236.21278257382275,186.306271331058,80.0604,23440,2.9504322054888363,0.6233607530880577,0.2678734906964261
A51_15.00kV_0.10nA_25.0nm_500.00ns_072.tif,4,1552,191.96907216494844,137.51485673859216,66.717,5654,2.8773636724699077,0.8161970025360001,0.3959878715207531
A51_15.00kV_0.10nA_25.0nm_500.00ns_072.tif,5,2268,199.15917107583775,124.30448950036205,69.6822,5524,2.858106819923262,1.0742295961484196,0.6021880776014594
A51_15.00kV_0.10nA_25.0nm_500.00ns_072.tif,6,2279,226.96840719613866,146.0960801022582,63.751799999999996,4694,3.56018821681171,1.268549704968251,0.5535557629728276
A51_15.00kV_0.10nA_25.0nm_500.00ns_072.tif,7,8189,231.2800097692026,139.11792858019388,81.54299999999999,8149,2.8362950803973326,1.1302267659726337,0.6624745072254118
A51_15.00kV_0.10nA_25.0nm_500.00ns_072.tif,8,3086,239.75761503564485,160.64258962011772,84.5082,7476,2.837092909413216,0.9361816416177994,0.49249097389235824
A51_15.00kV_0.10nA_25.0nm_500.00ns_072.tif,9,3185,242.4065934065934,178.12329890145926,81.54299999999999,6099,2.9727455867072097,0.7883361477656057,0.36089211741518323
A51_15.00kV_0.10nA_25.0nm_500.00ns_072.tif,10,7533,249.78746847205628,192.8565119034795,53.373599999999996,9283,4.6799816468302025,1.0666501146242766,0.2951985183373923
A51_15.00kV_0.10nA_25.0nm_500.00ns_072.tif,11,5165,235.00174249757987,168.48969149736644,74.13,6645,3.1701300750826737,0.8972352757485645,0.39475442328354843
A51_15.00kV_0.10nA_25.0nm_500.00ns_072.tif,12,5599,214.75602786211823,162.3403741701871,68.19959999999999,8285,3.1489338329056027,0.7685624796075861,0.32287503313102645
A51_15.00kV_0.10nA_25.0nm_500.00ns_072.tif,13,9130,229.13077765607886,136.54466897101835,69.6822,7522,3.2882253663517607,1.328690952234195,0.6780646170663117
A51_15.00kV_0.10nA_25.0nm_500.00ns_072.tif,14,2421,183.89632383312681,149.20276600490743,66.717,4483,2.7563638024126265,0.5200107592220765,0.23252623764865735
A51_15.00kV_0.10nA_25.0nm_500.00ns_072.tif,15,16765,235.13408887563375,186.10230651772082,60.7866,12443,3.8681895160603137,0.8066215637960786,0.2634668171112077
A51_15.00kV_0.20nA_22.5nm_500.00ns_070.tif,1,2206,191.4909338168631,146.4430729550479,71.9061,5428,2.6630693889702326,0.6264817707475497,0.30761346337335416
A51_15.00kV_0.20nA_22.5nm_500.00ns_070.tif,2,1424,168.8363764044944,133.91293081109094,83.0256,3859,2.033545995261208,0.42063466676780537,0.260792183243764
A51_15.00kV_0.20nA_22.5nm_500.00ns_070.tif,3,3390,225.64454277286137,129.509387908374,63.751799999999996,5326,3.539422302389378,1.5079598513203982,0.7423025960487014
A51_15.00kV_0.20nA_22.5nm_500.00ns_070.tif,4,8889,177.0530993362583,97.11813904861474,48.925799999999995,7652,3.6188084671087695,1.6337997594583138,0.8230693160152047
A51_15.00kV_0.20nA_22.5nm_500.00ns_070.tif,5,6246,245.27745757284663,174.43413531835705,75.6126,7523,3.2438701689983938,0.9369248279403213,0.406132217877729
A51_15.00kV_0.20nA_22.5nm_500.00ns_070.tif,6,18060,242.16450719822814,154.26180021953897,88.95599999999999,10932,2.722295372667445,0.9881593930573271,0.5698280899606475
A51_15.00kV_0.20nA_22.5nm_500.00ns_070.tif,7,7800,208.7325641025641,106.44439284885071,55.5975,8614,3.754351617699008,1.8397980347194645,0.9609540578558364
A51_15.00kV_0.20nA_22.5nm_500.00ns_070.tif,8,13408,239.60836813842482,155.38081071030123,100.8168,10756,2.3766710321559317,0.8354516054840967,0.5420718107832531
A51_15.00kV_0.20nA_22.5nm_500.00ns_070.tif,9,8126,196.82106817622446,121.23726176584987,78.5778,7713,2.504792296948713,0.9618977166675018,0.6234370960152342
A51_15.00kV_0.20nA_22.5nm_500.00ns_070.tif,10,4578,227.21515945827872,169.83871456722753,84.5082,6597,2.6886758850785126,0.6789452962465388,0.33782901050491343
A51_15.00kV_0.20nA_22.5nm_500.00ns_070.tif,11,5690,209.07293497363796,141.4355253018238,71.1648,7786,2.9378700557615463,0.9504334960866867,0.47822079723388833
A51_15.00kV_0.20nA_22.5nm_500.00ns_070.tif,12,2650,225.22943396226415,136.59571150097466,52.632299999999994,5130,4.279300618051485,1.6840176554026582,0.648876318889179
A51_15.00kV_0.20nA_22.5nm_500.00ns_070.tif,13,4932,221.49472830494727,144.50141562853906,87.4734,7064,2.53213809317605,0.8801911514541141,0.5328204733232648
A51_15.00kV_0.20nA_22.5nm_500.00ns_070.tif,14,1315,138.4577946768061,101.68147656940761,34.099799999999995,4524,4.060369698244635,1.0784907271190323,0.3616815898486507
A51_15.00kV_0.20nA_22.5nm_500.00ns_070.tif,15,1951,159.01076371091747,87.92883895131087,42.9954,5073,3.698320370875356,1.653244876034975,0.8084028584851782
A51_15.00kV_0.20nA_22.5nm_500.00ns_070.tif,16,9664,240.7033319536424,179.61699377130097,84.5082,8509,2.8482837396271554,0.7228450987609838,0.34009219782800315
A51_15.00kV_0.20nA_22.5nm_500.00ns_070.tif,17,2068,179.36025145067697,132.57925246582454,59.303999999999995,11558,3.024420805012019,0.7888337882261584,0.3528530905948713
A51_15.00kV_0.20nA_22.5nm_500.00ns_070.tif,18,7541,213.80665694205013,130.98369152970923,44.477999999999994,7910,4.807020479652411,1.862110827683794,0.6323150954043171
A51_15.00kV_0.20nA_22.5nm_500.00ns_070.tif,19,7455,247.05150905432595,200.80521346469624,26.686799999999998,9744,9.257442217191702,1.7329277235300011,0.23030425749108985
A51_15.00kV_0.20nA_22.5nm_500.00ns_070.tif,20,6338,240.9020195645314,146.37947831552484,93.40379999999999,6364,2.579145811398894,1.011977470283723,0.6457362898834996
A51_15.00kV_0.20nA_22.5nm_500.00ns_070.tif,21,3118,164.32039769082746,90.98160711593547,66.717,6633,2.462946440430445,1.0992519232564335,0.8060837007789657
A51_15.00kV_0.20nA_22.5nm_500.00ns_070.tif,22,12014,215.85933078075578,150.69491140390733,78.5778,8804,2.747077810186656,0.8292980888820441,0.4324261434273922
A51_15.00kV_0.20nA_22.5nm_500.00ns_070.tif,23,9855,151.32369355657028,83.30462161250422,41.5128,8893,3.6452297488995677,1.638508410121239,0.8165101841803593
A51_15.00kV_0.20nA_22.5nm_500.00ns_070.tif,24,12270,244.0678076609617,178.19332553937718,66.717,9409,3.6582551317412233,0.9873717659923379,0.36967985146744886
A51_15.00kV_0.20nA_25.0nm_500.00ns_071.tif,1,3016,223.09151193633951,137.89098318899644,66.717,5889,3.3438480732482136,1.2770437629775415,0.6178832492940202
A51_15.00kV_0.20nA_25.0nm_500.00ns_071.tif,2,9213,214.21024639096927,140.96421411387328,71.1648,9976,3.0100589949085603,1.02924524858924,0.51960728282946
A51_15.00kV_0.20nA_25.0nm_500.00ns_071.tif,3,5728,170.4088687150838,137.66480402330964,51.891,12527,3.2839773502581187,0.6310162588014105,0.23785356701522153
A51_15.00kV_0.20nA_25.0nm_500.00ns_071.tif,4,10200,242.0479411764706,169.46267704478754,81.54299999999999,7837,2.9683472664335033,0.8901470895451676,0.4283259617586245
A51_15.00kV_0.20nA_25.0nm_500.00ns_071.tif,5,3512,245.98234624145786,189.31949320714395,60.7866,6551,4.046654134315644,0.9321602627057988,0.2992975106336423
A51_15.00kV_0.20nA_25.0nm_500.00ns_071.tif,6,9065,184.66012134583562,111.92857142857143,38.547599999999996,8232,4.790444056126223,1.8867983972645823,0.649803253829436
A51_15.00kV_0.20nA_25.0nm_500.00ns_071.tif,7,2562,233.660031225605,186.76094470046084,48.925799999999995,5208,4.775803996620331,0.9585757722011373,0.25111827634976214
A51_15.00kV_0.20nA_25.0nm_500.00ns_071.tif,8,3743,166.89019503072402,110.84713096802453,44.477999999999994,6849,3.7521964790053977,1.2600176278182318,0.5055887650697071
A51_15.00kV_0.20nA_25.0nm_500.00ns_071.tif,9,1985,245.06146095717884,188.06419316843346,65.2344,5094,3.756629338502578,0.8737302371142845,0.30307347095396797
A51_15.00kV_0.20nA_25.0nm_500.00ns_071.tif,10,2759,234.7607828923523,156.13257443082313,62.2692,5710,3.770094731498901,1.2627142864996181,0.5035990006770213
A51_15.00kV_0.20nA_25.0nm_500.00ns_071.tif,11,3255,219.0141321044547,131.12334315169366,57.8214,5432,3.787769442915201,1.520039102089549,0.6702909400683845
A51_15.00kV_0.20nA_25.0nm_500.00ns_071.tif,12,4430,238.8808126410835,169.79257849666985,73.3887,6306,3.2550080953679985,0.9414015255073281,0.4068978441345698
A51_15.00kV_0.20nA_25.0nm_500.00ns_071.tif,13,2097,204.1778731521221,145.59013531209078,68.19959999999999,6873,2.993828015445602,0.8590627779553062,0.40241557376409437
A51_15.00kV_0.20nA_25.0nm_500.00ns_071.tif,14,3871,224.62309480754328,158.78455576288215,65.2344,6967,3.4433227679431417,1.0092610499148997,0.41464069804643616
A51_15.00kV_0.20nA_25.0nm_500.00ns_071.tif,15,4794,241.31226533166458,173.34646302250803,87.4734,7464,2.7586931033214404,0.7769882307237019,0.3920806985049979
A51_15.00kV_50pA_25.0nm_1.00µs_074.tif,1,59630,226.5903404326681,198.9888016780567,47.4432,29558,4.776034086758646,0.5817807135436399,0.13870900533327885
A51_15.00kV_50pA_25.0nm_1.00µs_074.tif,2,4218,233.60621147463252,157.26883206634417,59.303999999999995,5788,3.939130774235148,1.2872214251216805,0.48539420303720016
A51_15.00kV_50pA_25.0nm_1.00µs_074.tif,3,5590,197.6932021466905,131.23035714285714,72.64739999999999,8400,2.721270164100544,0.9148688734171448,0.5064593775845434
A51_15.00kV_50pA_25.0nm_1.00µs_074.tif,4,4247,219.2178008005651,164.0478868438991,72.64739999999999,5868,3.017558794538959,0.7594203501993437,0.336303716035064
A51_15.00kV_50pA_25.0nm_1.00µs_074.tif,5,3026,218.60872438863186,170.85185906170918,72.64739999999999,5137,3.009174786138804,0.6573788644927265,0.27952207009277186
A51_15.00kV_50pA_25.0nm_1.00µs_074.tif,6,2445,204.34192229038854,129.25446030330062,71.9061,4484,2.8417884193687417,1.0442432836246924,0.5809274341874392
A51_15.00kV_50pA_25.0nm_1.00µs_074.tif,7,8048,231.07169483101393,196.1942177663791,51.891,8578,4.453020654573697,0.6721295996977036,0.17777015785647646
A51_15.00kV_50pA_25.0nm_1.00µs_074.tif,8,2422,221.55284888521882,146.7341866073085,65.2344,5391,3.396257938315617,1.1469203712526082,0.5098925070068495
A51_15.00kV_50pA_25.0nm_1.00µs_074.tif,9,4367,224.73528738264255,142.57217449890518,54.856199999999994,5937,4.096807422710186,1.4977908216165077,0.5762913637724266
A51_15.00kV_50pA_25.0nm_1.00µs_074.tif,10,2322,151.08570198105082,147.2334276776404,47.4432,6713,3.1845596829304355,0.08119760687724342,0.026164400054470727
A51_15.00kV_50pA_25.0nm_1.00µs_074.tif,11,4316,220.89990732159407,144.7490500863558,54.856199999999994,5790,4.026890438661905,1.3881905276223359,0.526088821892417
A51_15.00kV_50pA_25.0nm_1.00µs_074.tif,12,4404,196.2241144414169,143.09468626342567,63.751799999999996,7076,3.077938417591935,0.8333792641095222,0.37128861708024147
A51_15.00kV_50pA_25.0nm_1.00µs_074.tif,13,2968,183.77526954177898,147.4008735282947,53.373599999999996,5266,3.4431866973062926,0.6815053885566876,0.24677191620600683
A51_15.00kV_50pA_25.0nm_1.00µs_074.tif,14,2853,192.34805467928496,146.9576923076923,68.19959999999999,5200,2.8203692492489885,0.6655517387922679,0.30886686947606684
A51_15.00kV_50pA_25.0nm_1.00µs_074.tif,15,4951,216.92546960210058,151.11370991468078,54.856199999999994,6798,3.954438505812583,1.1997141558369457,0.43551150799104976
A51_15.00kV_50pA_25.0nm_1.00µs_074.tif,16,4661,228.97511263677322,215.6621533442088,32.6172,6130,7.0200726171030166,0.4081576373349901,0.061730623966732276
A51_15.00kV_50pA_25.0nm_1.00µs_074.tif,17,4704,209.07546768707482,176.6308500477555,65.2344,6282,3.204987976512775,0.4973544270254004,0.18368601877141189
A51_15.00kV_50pA_25.0nm_1.00µs_074.tif,18,4581,222.86487666448375,146.70221870047544,50.4084,6310,4.421185290948967,1.5109120295208573,0.5191650040025592
A51_15.00kV_50pA_25.0nm_1.00µs_074.tif,19,3002,230.14790139906728,179.67282070803196,72.64739999999999,5254,3.168012913984357,0.6947954184745411,0.2809277468307127
A51_15.00kV_50pA_25.0nm_1.00µs_074.tif,20,5355,218.9454715219421,135.2862273579013,65.2344,6404,3.356288576094503,1.282440616472542,0.6183869991180654
A51_15.00kV_50pA_25.0nm_1.00µs_074.tif,21,2737,211.97405918889294,153.40653917334978,66.717,4863,3.177212092227181,0.8778500233338529,0.38177981412867873
A51_15.00kV_50pA_28.1nm_1.00µs_075.tif,1,199,211.29145728643215,118.44770916334662,53.373599999999996,2008,3.958725985259471,1.739506949235024,0.783837431479658
A51_15.00kV_50pA_28.1nm_1.00µs_075.tif,2,2486,229.40506838294448,196.0423159761814,45.9606,7893,4.9913418957331075,0.7258989743281,0.17018138272307867
A51_15.00kV_50pA_28.1nm_1.00µs_075.tif,3,9219,203.6614600282026,143.55461158604578,66.717,18833,3.0526171739987777,0.900922529987074,0.41870370985568867
A51_15.00kV_50pA_28.1nm_1.00µs_075.tif,4,287326,212.60174853650557,146.68604503668493,71.1648,149789,2.987456558672701,0.9262402689329309,0.4493658785254045
A51_15.00kV_50pA_28.1nm_1.00µs_075.tif,5,2877,208.17413972888426,113.48334027488546,74.13,4802,2.808230671803615,1.2773613846111587,0.834402646382188
A51_15.00kV_50pA_28.1nm_1.00µs_075.tif,6,3177,211.40761724897703,134.46475142624286,54.856199999999994,4908,3.853850926794757,1.4026284323140847,0.5722158781457088
A51_15.00kV_50pA_28.1nm_1.00µs_075.tif,7,3871,224.1999483337639,122.38564273789649,59.303999999999995,5391,3.7805198350188642,1.7168202073839745,0.8319138038568445
A51_15.00kV_50pA_28.1nm_1.00µs_075.tif,8,1706,208.54044548651817,114.8911078410763,48.925799999999995,4757,4.262381922092114,1.9141094806073846,0.8151138882465268
A51_15.00kV_50pA_28.1nm_1.00µs_075.tif,9,2923,222.7444406431748,138.45205479452054,66.717,5037,3.338645931468567,1.2634318964584734,0.6088200421992009
A51_15.00kV_50pA_28.1nm_1.00µs_075.tif,10,1,187.0,146.78730703259006,44.477999999999994,583,4.2043257331255175,0.9041029938029792,0.2739521132828079
A51_15.00kV_50pA_28.1nm_1.00µs_075.tif,11,2006,186.45114656031905,121.67612076852699,54.856199999999994,5465,3.39890744394125,1.1808150360393888,0.5323561055146931
A51_15.00kV_50pA_28.1nm_1.00µs_075.tif,12,4418,193.5828429153463,131.18495353824161,56.3388,5596,3.436048387274593,1.1075473628481476,0.47564821795022894
A51_15.00kV_50pA_28.1nm_1.00µs_075.tif,13,3474,221.681922855498,127.33871521813809,60.7866,5822,3.646888011815583,1.5520395551295763,0.7408839288847547
A51_15.00kV_50pA_28.1nm_1.00µs_075.tif,14,3986,206.80105368790768,110.30622360932624,50.4084,5447,4.102511756907233,1.914260918010467,0.8747904416671104
A51_15.00kV_50pA_28.1nm_400.00ns_076.tif,1,17790,175.18729623383925,121.94852221569779,87.4734,15327,2.002749363964494,0.6086281545253206,0.43656760284154256
A51_15.00kV_50pA_28.1nm_400.00ns_076.tif,2,5183,186.33783523056144,126.3646408839779,83.0256,7240,2.244341928370503,0.7223458106820075,0.47460423993846573
A51_15.00kV_50pA_28.1nm_400.00ns_076.tif,3,6613,179.46000302434598,129.23644933228593,96.369,7638,1.8622171342000418,0.5211588133823996,0.38861756066233083
A51_15.00kV_50pA_28.1nm_400.00ns_076.tif,4,62656,167.51758810010213,129.26625831291565,80.0604,28570,2.0923900964668953,0.4777808977023431,0.2959111703506736
A51_15.00kV_50pA_28.1nm_400.00ns_076.tif,5,286220,203.03207672419816,169.3584762131162,85.9908,168265,2.361090682963611,0.3915953858687907,0.1988303228869377
A51_15.00kV_50pA_28.1nm_400.00ns_076.tif,6,4430,173.22595936794582,139.26612294215374,88.95599999999999,6621,1.9473218147002185,0.38175993099930844,0.24384850892603158
A51_15.00kV_50pA_28.1nm_400.00ns_076.tif,7,4484,167.21944692239072,105.33849628912553,78.5778,6198,2.1280749384827518,0.7875118751783592,0.5874485853447567
A51_15.00kV_50pA_28.1nm_400.00ns_076.tif,8,5438,188.78576682603898,159.9210992225387,94.8864,12991,1.9895977379913563,0.3042023683105089,0.18049317908657347
A51_15.00kV_50pA_28.1nm_400.00ns_076.tif,9,2280,175.67236842105262,142.6205072351019,87.4734,6427,2.0082947318952926,0.3778504228962429,0.23174690529706996
A51_15.00kV_50pA_28.1nm_400.00ns_076.tif,10,18045,178.01889720144084,123.27148997134671,109.71239999999999,15356,1.6225959616708312,0.4990083821437144,0.44412059299663237
A51_15.00kV_50pA_28.1nm_400.00ns_076.tif,11,15354,167.91722026833398,122.19676320272572,87.4734,10566,1.9196375155091447,0.5226784034961655,0.37415440363191943
A51_20.00kV_0.10nA_28.1nm_400.00ns_078.tif,1,13825,230.09714285714287,180.31268125494333,72.64739999999999,11379,3.1673142166886876,0.6852889655424236,0.276100722661034
A51_20.00kV_0.10nA_28.1nm_400.00ns_078.tif,2,8223,157.73951112732578,106.75657745947983,65.2344,13265,2.4180418782597126,0.7815344919249755,0.477562459160151
A51_20.00kV_0.10nA_28.1nm_400.00ns_078.tif,3,35795,192.91468082134375,155.1207955847131,83.0256,28809,2.323556599387517,0.45520761345992766,0.24364164128822163
A51_20.00kV_0.10nA_28.1nm_400.00ns_078.tif,4,5280,208.7528409090909,191.72231815238507,65.2344,9266,3.2000423224110364,0.2610665960612065,0.08882910930735416
A51_20.00kV_0.10nA_28.1nm_400.00ns_078.tif,5,4469,187.13313940478855,185.7406961339275,60.7866,8303,3.078526178039293,0.02290707607650361,0.007496705351971348
A51_20.00kV_0.10nA_28.1nm_400.00ns_078.tif,6,3969,197.2370874275636,138.2614308768155,80.0604,7436,2.463603571839856,0.7366395439365994,0.42655175902979886
A51_20.00kV_0.10nA_28.1nm_400.00ns_078.tif,7,3396,150.06743227326265,97.03029394121175,75.6126,6668,1.9846881637903706,0.7014325433199834,0.5466039127812882
A51_20.00kV_0.10nA_28.1nm_400.00ns_078.tif,8,12962,205.32633852800492,148.09058314165878,78.5778,14782,2.613032415031658,0.7283960021667976,0.38649152544514803
A51_20.00kV_0.10nA_28.1nm_400.00ns_078.tif,9,4829,203.45330296127563,152.78419235805262,85.9908,8401,2.3659891864899008,0.5892387394620194,0.3316384360049671
A51_20.00kV_0.10nA_28.1nm_400.00ns_078.tif,10,6185,174.27324171382378,113.87197031195639,72.64739999999999,8623,2.398891655996428,0.8314306003181545,0.5304314242661439
A51_20.00kV_0.10nA_28.1nm_400.00ns_078.tif,11,1584,188.63636363636363,136.44584913611462,66.717,4746,2.8274107589982993,0.7822671057215753,0.38249983291437606
A51_20.00kV_0.10nA_28.1nm_400.00ns_078.tif,12,3210,174.2348909657321,146.65502607008608,72.64739999999999,8247,2.3983637534412585,0.37964008198297,0.1880594592140679
A51_20.00kV_0.10nA_28.1nm_400.00ns_078.tif,13,144518,227.79626067341093,167.9433069056647,97.85159999999999,87030,2.3279768613914458,0.611670670296955,0.35638784817904223
A51_20.00kV_0.10nA_28.1nm_400.00ns_078.tif,14,3690,195.93143631436314,118.94800115874855,68.19959999999999,6904,2.8729118101225533,1.1287959921220454,0.647202427944965
A51_20.00kV_0.10nA_28.1nm_400.00ns_078.tif,15,2956,185.61671177266575,148.87963302752294,97.85159999999999,5450,1.896920558822713,0.3754366688065239,0.246756913592632
A51_20.00kV_0.10nA_28.1nm_400.00ns_078.tif,16,11875,185.39907368421052,142.63026268441885,80.0604,11116,2.3157400370352024,0.5342068112880975,0.29985789966202747
A51_20.00kV_0.10nA_28.1nm_400.00ns_078.tif,17,6001,176.44275954007665,136.91490362012223,87.4734,8508,2.0171018791987696,0.45188429757429777,0.2887038216580099
A51_20.00kV_0.20nA_28.1nm_400.00ns_079.tif,1,3836,207.42700729927006,153.35190192897062,69.6822,5547,2.9767574397694463,0.7760246571224675,0.3526210284096749
A51_20.00kV_0.20nA_28.1nm_400.00ns_079.tif,2,2235,176.23892617449664,113.78496120946888,42.9954,5027,4.099018177142356,1.4525731810961646,0.5488771476976322
A51_20.00kV_0.20nA_28.1nm_400.00ns_079.tif,3,4024,233.11356858846918,144.04777183600714,64.4931,5610,3.6145505263714055,1.3810128019687675,0.6183073546439646
A51_20.00kV_0.20nA_28.1nm_400.00ns_079.tif,4,2653,201.32114587259707,148.97099080694585,72.64739999999999,4895,2.771209235910508,0.7206060376344532,0.351411739819725
A51_20.00kV_0.20nA_28.1nm_400.00ns_079.tif,5,2786,208.04845656855707,154.3448160535117,83.0256,5980,2.5058350261063906,0.6468323084515747,0.34794586488053314
A51_20.00kV_0.20nA_28.1nm_400.00ns_079.tif,6,4708,208.90845369583687,157.1019959138771,74.13,6363,2.8181364315075617,0.6988595410086496,0.3297632055996431
A51_20.00kV_0.20nA_28.1nm_400.00ns_079.tif,7,5508,238.84150326797385,151.5375129995543,94.8864,6731,2.5171310455745246,0.9200896046137134,0.5761213084110407
A51_20.00kV_0.20nA_28.1nm_400.00ns_079.tif,8,7289,221.30813554671423,149.1878804648589,75.6126,7228,2.9268684785002175,0.9538126591641765,0.4834189939041933
A51_20.00kV_0.20nA_28.1nm_400.00ns_079.tif,9,405393,221.46088610311475,172.92992320482878,93.40379999999999,208086,2.3710050991437686,0.519582317776045,0.2806394752052051
A51_20.00kV_0.20nA_28.1nm_400.00ns_079.tif,10,2227,203.77548271216884,127.20371883939518,78.5778,4894,2.593295850561302,0.9744707011780549,0.6019616766348789
A51_20.00kV_0.20nA_28.1nm_400.00ns_079.tif,11,1325,158.17584905660377,126.66601466992665,53.373599999999996,4090,2.963559681695973,0.5903636700686009,0.24876313087057775
A51_20.00kV_0.20nA_28.1nm_400.00ns_079.tif,12,2524,205.29120443740095,144.9429906542056,62.2692,6420,3.2968338183954926,0.9691502985987269,0.41635827649648904
A51_20.00kV_0.20nA_28.1nm_400.00ns_079.tif,13,3121,212.65427747516821,120.86904952716782,50.4084,6239,4.218627796815252,1.8208320027969955,0.7593774278813701
A51_20.00kV_0.20nA_28.1nm_400.00ns_079.tif,14,4478,224.43255917820454,167.06352377147422,96.369,7509,2.3288874965488455,0.5953059116601528,0.34339653628862343
A51_20.00kV_0.20nA_28.1nm_400.00ns_079.tif,15,3623,199.25669334805409,152.72314960629922,78.5778,6350,2.5357886492456676,0.5921970802928168,0.30469214299643166
A51_20.00kV_0.20nA_28.1nm_400.00ns_079.tif,16,10568,223.09367903103708,151.9124183006536,109.71239999999999,14535,2.0334408782480624,0.6487986838670515,0.46856775451247984
A51_20.00kV_0.20nA_28.1nm_400.00ns_079.tif,17,3578,185.3963107881498,124.41254177940475,53.373599999999996,6283,3.473558290117478,1.1425830185207524,0.4901738050812702
A51_20.00kV_0.20nA_28.1nm_400.00ns_079.tif,18,1824,176.90899122807016,103.62085086489013,60.7866,4278,2.9103287763909624,1.2056627669769884,0.7072721343667286
A51_20.00kV_0.20nA_28.1nm_400.00ns_079.tif,19,5974,216.48828255775024,153.66906788910717,99.3342,9162,2.1793932254546404,0.6324026836912066,0.408795442879159
A51_20.00kV_0.20nA_28.1nm_400.00ns_079.tif,20,7032,187.839590443686,122.02987334801762,48.925799999999995,7264,3.8392747876436006,1.345092304718931,0.5392918576797372
A51_20.00kV_0.20nA_28.1nm_400.00ns_079.tif,21,5340,179.90861423220974,159.36671638610696,102.29939999999999,9386,1.7586477947536672,0.2008017431587553,0.12889703892151338
A51_20.00kV_0.20nA_28.1nm_400.00ns_079.tif,22,9075,195.5638567493113,159.4598526703499,71.1648,10860,2.7480419634683284,0.5073295234988099,0.22641438250501067
A51_20.00kV_0.20nA_28.1nm_400.00ns_079.tif,23,2362,190.18416596104996,128.3683241252302,50.4084,5430,3.772866544530699,1.226300414683996,0.4815505869711251
A51_20.00kV_0.20nA_28.1nm_400.00ns_079.tif,24,5022,189.71166865790522,119.73876202786155,62.2692,6963,3.046637320335557,1.1237161649548493,0.5843797400203465
A51_20.00kV_0.20nA_28.1nm_400.00ns_079.tif,25,4409,145.8253572238603,127.34188309077751,68.19959999999999,12437,2.138214259357506,0.2710202718252392,0.14514842786214402
A51_20.00kV_0.20nA_28.1nm_400.00ns_079.tif,26,3162,169.0056925996205,112.06227566403446,53.373599999999996,5572,3.166466053778569,1.0668835702466613,0.508140822529987
A51_20.00kV_0.20nA_28.1nm_400.00ns_079.tif,27,3774,217.5641229464759,141.3564386470499,65.2344,6593,3.335113420421201,1.1682131557543851,0.5391171779894388
A51_20.00kV_0.20nA_28.1nm_400.00ns_079.tif,28,2023,216.53188334157193,158.006718924972,77.09519999999999,6251,2.8086298928271236,0.7591285113600931,0.37039668193278585
A51_20.00kV_0.40nA_28.1nm_400.00ns_080.tif,1,11355,227.7142228093351,161.9240420808802,78.5778,10361,2.897946020127258,0.8372616784903913,0.4063027323115489
A51_20.00kV_0.40nA_28.1nm_400.00ns_080.tif,2,4998,231.43377350940375,122.86659008861174,44.477999999999994,6094,5.203331387593202,2.4409187327753683,0.8836184298242252
A51_20.00kV_0.40nA_28.1nm_400.00ns_080.tif,3,2803,235.4113449875134,166.57666850523992,72.64739999999999,7252,3.240464833636287,0.947517412499254,0.41323119915785717
A51_20.00kV_0.40nA_28.1nm_400.00ns_080.tif,4,3724,207.3531149301826,146.6084132384782,60.7866,6466,3.4111648767338685,0.9993107310116262,0.4143329863938416
A51_20.00kV_0.40nA_28.1nm_400.00ns_080.tif,5,4975,247.1246231155779,158.85922787193974,72.64739999999999,6372,3.401699483829579,1.214983540105886,0.5556201954426898
A51_20.00kV_0.40nA_28.1nm_400.00ns_080.tif,6,5385,209.10937790157845,157.35357680207906,68.19959999999999,7311,3.0661378933442003,0.7588871649087463,0.32891404280761427
A51_20.00kV_0.40nA_28.1nm_400.00ns_080.tif,7,5793,235.8672535819092,156.97371512481644,68.19959999999999,6810,3.4584844126259453,1.1568035361721294,0.5025907578815682
A51_20.00kV_0.40nA_28.1nm_400.00ns_080.tif,8,79662,209.98528784112878,175.82825727854635,77.09519999999999,58116,2.723714158778908,0.4430500285121764,0.1942636018198621
A51_20.00kV_0.40nA_28.1nm_400.00ns_080.tif,9,3308,227.84945586457073,149.65153906866615,71.1648,5068,3.2017156773089166,1.0988285892030372,0.5225333282726807
A51_20.00kV_0.40nA_28.1nm_400.00ns_080.tif,10,10874,165.5533382379989,150.28478487694102,99.3342,16293,1.6666298034446607,0.15370892763540447,0.10159746625411474
A51_20.00kV_0.40nA_28.1nm_400.00ns_080.tif,11,213568,219.9463636874438,166.12434940564145,97.85159999999999,106249,2.247754392007553,0.550037140693683,0.3239863058674211
A51_20.00kV_0.40nA_28.1nm_400.00ns_080.tif,12,12800,154.667421875,125.06949040370615,32.6172,13599,4.7418975824896386,0.9074332395858479,0.23665189146761137
A51_20.00kV_0.40nA_28.1nm_400.00ns_080.tif,13,9431,208.87413847948255,140.26806247922897,106.74719999999999,15045,1.956717726178442,0.6426967264136823,0.48910689135327406
A51_20.00kV_0.40nA_28.1nm_400.00ns_080.tif,14,3476,248.34781357882625,198.50848513155847,47.4432,6423,5.234634542494602,1.0505052027848611,0.2510690080160897
A51_20.00kV_0.40nA_28.1nm_400.00ns_080.tif,15,4142,171.64896185417672,129.2728426395939,54.856199999999994,7092,3.1290713141429047,0.7724946169595757,0.32780372386060413
A51_20.00kV_0.40nA_28.1nm_400.00ns_080.tif,16,2266,171.42409532215356,96.37640901771337,46.701899999999995,4968,3.6706021657672934,1.6069514578287112,0.7786935315556318
A51_20.00kV_0.40nA_28.1nm_400.00ns_080.tif,17,2176,202.2238051470588,165.37319587628866,81.54299999999999,4850,2.4799652345665377,0.4519162805667071,0.22283302365462412
A51_20.00kV_0.40nA_28.1nm_400.00ns_080.tif,18,2488,228.4127813504823,128.3793103448276,41.5128,4698,5.502225368933439,2.4097018505511,0.7792024332361047
A51_20.00kV_0.40nA_28.1nm_400.00ns_080.tif,19,5620,195.43078291814948,121.9387354760827,37.065,6627,5.2726502864001885,1.9827882752526345,0.6026964864700822
A51_20.00kV_0.40nA_28.1nm_400.00ns_080.tif,20,6137,189.09450871761447,136.63860103626942,60.7866,11580,3.110792653093059,0.8629518293952209,0.38390255227790354
A51_20.00kV_0.40nA_28.1nm_400.00ns_080.tif,21,2188,196.7902193784278,114.41873030166592,34.099799999999995,4442,5.771008021182463,2.415600356970008,0.7199126301470891
A51_20.00kV_0.40nA_28.1nm_400.00ns_080.tif,22,2773,189.34186801298233,133.33167627759,69.6822,5029,2.717220007201411,0.8037948246087867,0.42008165872437586
A51_20.00kV_0.40nA_28.1nm_400.00ns_080.tif,23,8341,229.36326579546818,144.90588711855253,77.09519999999999,7406,2.97506544850675,1.0954946438424276,0.5828429772628196
A51_20.00kV_0.40nA_28.1nm_400.00ns_080.tif,24,1446,188.22475795297373,112.69532150265039,40.0302,4339,4.702068885640168,1.8868113682033871,0.6702091571906553
A51_20.00kV_0.40nA_28.1nm_400.00ns_080.tif,25,2902,140.0144727773949,113.70576540755467,48.925799999999995,10060,2.86177175945569,0.5377266670031552,0.23137531569510478
A51_20.00kV_0.40nA_28.1nm_400.00ns_080.tif,26,1626,193.74538745387454,151.2312554489974,42.9954,4588,4.506188741326111,0.988806523372014,0.28112000972182505
A51_20.00kV_0.40nA_28.1nm_400.00ns_080.tif,27,2235,195.6,127.20673843700159,50.4084,5016,3.88030566257205,1.35678302722226,0.5376543915674187
A51_20.00kV_0.40nA_28.1nm_400.00ns_080.tif,28,4089,238.52188799217413,183.96644562334217,69.6822,7540,3.4229959438413857,0.7829179096096678,0.29655104864919074
A51_20.00kV_0.40nA_28.1nm_400.00ns_080.tif,29,8073,174.25095999009042,137.3635913750442,60.7866,14145,2.866601520095291,0.606833884589332,0.26853817844385824
A51_20.00kV_0.40nA_28.1nm_400.00ns_080.tif,30,2287,199.14254481853956,162.17921283912878,68.19959999999999,5234,2.919995788675295,0.5419875186070141,0.22791658271147755
A51_20.00kV_0.40nA_42.2nm_400.00ns_081.tif,1,185340,224.92615733247007,161.47290664788545,99.3342,181742,2.2643375323889128,0.6387855409133689,0.39296530915259836
A51_20.00kV_0.40nA_42.2nm_400.00ns_081.tif,2,5924,165.6316677920324,110.82998643147897,44.477999999999994,7370,3.7239009792435227,1.2321075891054536,0.4944661920489371
A51_20.00kV_0.40nA_42.2nm_400.00ns_081.tif,3,3485,168.78134863701578,140.12095200936403,68.19959999999999,5126,2.4748143480646174,0.4202428844663213,0.20454040751657912
A51_20.00kV_0.40nA_42.2nm_400.00ns_081.tif,4,1509,218.45526838966202,168.64125978382407,94.8864,5366,2.3022821855043425,0.5249857577122549,0.2953844668068723
A51_20.00kV_0.40nA_42.2nm_400.00ns_081.tif,5,10106,178.74757569760538,108.28982636056404,44.477999999999994,8581,4.018786268659057,1.5841033616889322,0.6506405236622818
A51_20.00kV_0.40nA_42.2nm_400.00ns_081.tif,6,5122,197.5829754002343,127.44287114693388,71.1648,9181,2.7764143983046417,0.9856010871026744,0.5503650664534189
A51_20.00kV_0.40nA_42.2nm_400.00ns_081.tif,7,2165,226.6337182448037,109.56255355612682,32.6172,4668,6.948288577048944,3.589246307248459,1.068532640744068
A51_20.00kV_0.40nA_42.2nm_400.00ns_081.tif,8,7391,124.1275876065485,103.96147854411556,41.5128,7061,2.9901039577346618,0.48578050764041775,0.19397674352943892
A52 - Site 2.tif,1,171855,193.4797998312531,116.32132627376096,38.547599999999996,57605,5.019243734527199,2.001641439090261,0.6633218174392829
A52 - Site 3.tif,1,52678,37036.213504688865,28198.97887016502,11430.846,80171,3.240023835913498,0.7731041634640264,0.3133884625826167
A52 - Site 4.tif,1,45101,125.07514245803863,111.61341543513957,44.477999999999994,60900,2.812067593639956,0.30266034938334574,0.12061029553849455
A52 - Site 6.tif,1,77488,131.4238849886434,104.2657444372234,37.065,32313,3.5457678390175564,0.7327165936622916,0.26047040373040975
A52 - Site 9.tif,1,18012,31882.83899622474,25192.84677271524,9906.733199999999,49097,3.218299953428902,0.6752975060944154,0.26555126079488356
A52_10.00kV_0.10nA_28.1nm_500.00ns_044.tif,1,929009,178.3431549102323,98.98072549465545,117.1254,140704,1.5226684809187898,0.6775851302006312,0.8017968044884066
A52_10.00kV_0.10nA_28.1nm_500.00ns_044.tif,2,13059,201.65954514128188,161.64326402734264,60.7866,14044,3.3174999935529685,0.6583076057446241,0.24755922464356278
A52_10.00kV_0.10nA_33.7nm_200.00ns_032.tif,1,62642,219.87899492353372,178.06733361593896,63.751799999999996,58975,3.4489848896665487,0.6558506787421886,0.2348081506933065
A52_10.00kV_0.10nA_33.7nm_200.00ns_032.tif,2,67674,166.17584301208737,80.49241551459293,57.8214,31248,2.8739505266795318,1.4818635917268659,1.064490696906909
A52_10.00kV_0.20nA_28.1nm_500.00ns_046.tif,1,2078345,175.45784843228626,88.64257494081178,78.5778,404219,2.232918819437005,1.10483207064115,0.9793857358007562
A52_10.00kV_0.20nA_28.1nm_500.00ns_046.tif,2,53,168.28301886792454,110.49878934624698,84.5082,1239,1.991321775259813,0.6837706816006004,0.5229399331732205
A52_10.00kV_0.20nA_28.1nm_500.00ns_046.tif,3,53,177.03773584905662,103.79386309992132,99.3342,1271,1.782243535773522,0.7373479903372838,0.7056666989219534
A52_10.00kV_0.20nA_28.1nm_500.00ns_046.tif,4,53,140.35849056603774,88.17625368731564,68.9409,1356,2.0359248362826494,0.756912614589496,0.5917946690936667
A52_10.00kV_0.20nA_28.1nm_500.00ns_046.tif,5,53,98.37735849056604,59.17487855655794,35.5824,1441,2.7647758010397916,1.101737935692666,0.662485177555784
A52_10.00kV_0.20nA_28.1nm_500.00ns_046.tif,6,53,17.71698113207547,31.38328530259366,25.2042,1388,0.7029376502744025,-0.542223286797278,-0.4354644210889577
A52_10.00kV_0.20nA_28.1nm_500.00ns_046.tif,7,5292,176.39569160997732,128.73133670997578,45.9606,9082,3.8379762573072926,1.0370699009506152,0.37026225404373714
A52_10.00kV_0.20nA_28.1nm_500.00ns_046.tif,8,2260,148.13053097345133,75.42237442922375,35.5824,4818,4.163028096244802,2.0433741547448694,0.9640130940562828
A52_10.00kV_0.20nA_28.1nm_500.00ns_046.tif,9,14141,155.64443815854608,105.7262611896595,32.6172,11953,4.771851603167273,1.5304249584140373,0.4721454859225397
A52_10.00kV_0.40nA_33.7nm_200.00ns_033.tif,1,57960,235.21704623878537,172.68300234085933,59.303999999999995,79458,3.966293103317187,1.054465868868565,0.36213201673936984
A52_10.00kV_50pA_16.9nm_200.00ns_030.tif,1,64837,111.13422891250366,39.81530492112079,32.6172,21235,3.4072277472754067,2.1865434178751526,1.7912439478929603
A52_10.00kV_50pA_33.7nm_200.00ns_029.tif,1,15294,97.45409964692035,52.87385434118459,44.477999999999994,10147,2.1910629890060194,1.0022987835719408,0.8431434752162528
A52_10.00kV_50pA_33.7nm_200.00ns_029.tif,2,2145,143.15244755244754,64.01872290106425,57.8214,5074,2.4757693090739736,1.3685888725921096,1.236102831375081
A52_10.00kV_50pA_33.7nm_200.00ns_029.tif,3,1644,139.830900243309,95.72553661616162,63.751799999999996,6336,2.193363955549104,0.6918293070976678,0.4607481470633351
A52_15.00kV_0.10nA_16.9nm_1.00µs_026.tif,1,30784,117.21524168399168,79.56850434653391,34.099799999999995,26918,3.437417276629702,1.1040163674396215,0.473136169165235
A52_15.00kV_0.10nA_16.9nm_1.00µs_026.tif,2,29730,122.4045408678103,91.50297920892496,45.9606,31552,2.663249410172578,0.6723489608961122,0.33771098955097384
A52_15.00kV_0.10nA_16.9nm_1.00µs_026.tif,3,17580,136.00227531285552,100.07650433153829,44.477999999999994,17084,3.0577425981896242,0.8077200182840962,0.3589830721775689
A52_15.00kV_50pA_33.7nm_1.00µs_028.tif,1,52232,160.84605222851891,74.84276985743381,47.4432,17185,3.3902867469862077,1.8127631009914482,1.1491194476556588
A52_20.00kV_0.10nA_28.1nm_500.00ns_043.tif,1,4020,237.08258706467663,174.75669485553206,57.8214,5676,4.100256773853177,1.0779035477931274,0.3566438027287122
A52_20.00kV_0.10nA_28.1nm_500.00ns_043.tif,2,356270,204.58808487944538,105.1007932964731,105.26459999999999,58238,1.9435601793956354,0.9451163218548413,0.9465893496433286
A52_20.00kV_0.20nA_28.1nm_25.00ns_040.tif,1,90590,238.67990948228282,204.08407909930716,1.4826,27712,160.98739233266485,23.33456775234722,0.16951753676212136
A52_20.00kV_0.20nA_28.1nm_25.00ns_040.tif,2,10251,214.2568529899522,178.67801509555164,90.4386,12454,2.369086352135718,0.3934032359022201,0.19912263897370264
A52_20.00kV_0.20nA_28.1nm_25.00ns_040.tif,3,12109,239.29374845156497,207.74724958653914,0.0,13907,23929374845.156498,3154649886.5025826,0.15185038033616094
A52_20.00kV_0.20nA_28.1nm_25.00ns_041.tif,1,11233,200.1923795958337,149.73203693971018,105.26459999999999,13319,1.9018015512984965,0.47936668786400993,0.3370043157368613
A52_20.00kV_0.20nA_28.1nm_25.00ns_041.tif,2,16612,223.56170238381893,191.5622650759928,45.9606,12238,4.86420330315916,0.6962362828349448,0.16704457578564075
A52_20.00kV_0.20nA_28.1nm_500.00ns_042.tif,1,9538,222.62507863283707,155.6098237597911,53.373599999999996,12256,4.171071064929598,1.255588059649154,0.43066210891793183
A52_20.00kV_0.20nA_28.1nm_500.00ns_042.tif,2,15500,238.52012903225807,192.13331942416022,62.2692,14379,3.8304672132282636,0.7449398675532759,0.24143032423896452
A52_20.00kV_0.40nA_16.9nm_200.00ns_035.tif,1,5060,213.24584980237154,166.62537027356683,48.925799999999995,5739,4.358556216940469,0.9528812920642258,0.27979220360899976
A52_20.00kV_0.40nA_28.1nm_25.00ns_038.tif,1,79183,205.09921321495776,168.8269581406061,83.0256,104206,2.4703129298704813,0.436880372680027,0.21484871534553218
A52_20.00kV_0.40nA_28.1nm_25.00ns_038.tif,2,13254,190.17104270408933,161.11719360965256,81.54299999999999,8951,2.332156563785583,0.35630095889130603,0.18032742776679592
A52_20.00kV_0.40nA_28.1nm_25.00ns_039.tif,1,102868,201.46078469494887,165.1369129694217,81.54299999999999,123290,2.4706079573996886,0.4454566513504851,0.21996215788564252
A52_20.00kV_0.40nA_28.1nm_25.00ns_039.tif,2,25186,210.70844913841023,176.47286970731005,90.4386,41614,2.3298508503571678,0.37855052408279954,0.19399910867852818
A52_20.00kV_0.40nA_33.7nm_200.00ns_034.tif,1,197543,199.22611279569512,125.0517377294038,102.29939999999999,72307,1.9474807552754008,0.7250714574967264,0.5931494948184073
A52_20.00kV_0.40nA_45.0nm_200.00ns_036.tif,1,18592,181.72488166953528,145.3640519968367,60.7866,40464,2.989554961778414,0.5981717955390966,0.25013632442626504
A52_20.00kV_0.40nA_56.2nm_25.00ns_037.tif,1,35124,192.69747181414417,163.67052227006252,78.5778,82218,2.4523144169170052,0.3694039479393367,0.1773498925751125
A52_20.00kV_0.40nA_56.2nm_25.00ns_037.tif,2,3751,216.27006131698215,167.3753529079616,76.3539,7084,2.832469085255075,0.6403694952401496,0.2921260959669857
A52_20.00kV_0.40nA_56.2nm_25.00ns_037.tif,3,7840,210.68188775510205,177.50136667341567,87.4734,19756,2.4085251942992594,0.3793212688416498,0.18693107383711488
A53 - Site 2.tif,1,28997,37592.965927509744,26832.13820493823,9906.733199999999,58037,3.7946884375034746,1.0862135383398286,0.40104249763394045
A53 - Site 3.tif,1,155566,25914.80875641207,22366.209414497505,6096.4511999999995,146370,4.250802295664987,0.5820762318098672,0.15865895182099196
A53 - Site 3.tif,2,452,19517.216814159292,20219.169406928948,4191.3102,3406,4.65659087082429,-0.16747808185802643,-0.034717182424355925
A53 - Site 3.tif,3,4877,22895.448636456837,23446.61921074267,7239.5358,14596,3.162557554646696,-0.07613341373145373,-0.02350746473645395
A53 - Site 3.tif,4,1,17733.0,22031.37873357228,7239.5358,837,2.449466442306357,-0.5937367881468787,-0.1951025755378755
A53 - Site 6.tif,1,25054,24447.36349485112,21917.125739285424,4572.3384,49372,5.346796618290032,0.5533793726991343,0.11544569236235248
A55 - Site 1.tif,1,4737,186.92949123918092,91.22695752672638,32.6172,6922,5.731009748901525,2.934112483079891,1.0490597987324786
A55 - Site 1.tif,2,6795,173.31552612214864,85.51744186046511,35.5824,8084,4.870821700431686,2.46745818823376,1.0266687396317695
A55 - Site 1.tif,3,2547,123.0581075775422,72.28525769077108,31.1346,5006,3.95245506728905,1.6307532414247685,0.7023956405737422
A55 - Site 1.tif,4,218,74.42660550458716,73.81104651162791,28.1694,2752,2.6421082975912187,0.02185204486928122,0.008339659467893895
A55 - Site 1.tif,5,12096,122.3791335978836,75.16367209432903,29.651999999999997,10686,4.127179736834338,1.5923196238915207,0.6281686376101788
A55 - Site 1.tif,6,132,111.87878787878788,69.0254854368932,38.547599999999996,1648,2.9023541763887852,1.1116983270236718,0.6208330468731745
A55 - Site 1.tif,7,215,133.91627906976746,106.16581371545547,50.4084,1954,2.6566262575920123,0.5505127190866375,0.26138795889677463
A55 - Site 1.tif,8,103,151.1359223300971,80.50484848484848,26.686799999999998,1650,5.6633212776902395,2.646667034593205,0.8773518013609864
A55 - Site 1.tif,9,4781,110.78874712403262,71.30218917802561,29.651999999999997,12105,3.7362993081974114,1.3316659224568446,0.5537916632809127
A55 - Site 1.tif,10,1106,91.54068716094032,77.92529465095195,22.238999999999997,5515,4.116223171895234,0.6122304287003042,0.17472365769328282
A55 - Site 1.tif,11,731,105.18331053351574,78.55480984340045,29.651999999999997,4023,3.5472585491043827,0.8980338824070873,0.33897988856200645
A55 - Site 1.tif,12,2568,128.4322429906542,90.611748103722,37.065,5669,3.4650544437071003,1.020382972527408,0.41739063282904243
A55 - Site 1.tif,13,160,96.38125,103.63540569020022,37.065,1898,2.600330499770584,-0.19571443918098144,-0.0699968861142424
A55 - Site 1.tif,14,1670,92.0,58.96724511930586,26.686799999999998,4610,3.447397213810799,1.2377937732630442,0.560188199537871
A55 - Site 1.tif,15,392,81.63265306122449,74.59189497716895,32.6172,3504,2.502748642930632,0.21586028481589276,0.09439039034021951
A55 - Site 1.tif,16,6346,109.62039079735267,83.29691876750701,31.1346,14994,3.5208543152037968,0.8454732683699463,0.3160197569871443
A55 - Site 1.tif,17,805,143.64472049689442,94.25334471961287,35.5824,3513,4.03695985814686,1.3880844395937517,0.5240278307254977
A55 - Site 1.tif,18,2258,160.96811337466784,96.33035356904603,57.8214,7495,2.7838847441748036,1.1178864537081936,0.6710009607987357
A55 - Site 1.tif,19,1059,103.61756373937678,79.42405683488487,28.1694,4082,3.6783731177303403,0.8588577284536886,0.30461182500085354
A55 - Site 1.tif,20,877,97.78107183580387,82.22015855039638,31.1346,4415,3.1405918754182793,0.4997948674596605,0.1892591009050041
A55 - Site 1.tif,21,1665,130.42342342342343,91.78398169336384,35.5824,4370,3.6653914122366538,1.085914432955631,0.42098240905410045
A55 - Site 1.tif,22,8326,165.46276723516695,75.56900297738794,31.1346,12427,5.314433690557213,2.8872625384269073,1.1895586907873035
A55 - Site 1.tif,23,2425,143.28742268041236,78.28946801636873,32.6172,4643,4.393001932614766,1.9927508996515988,0.8302260355396927
A55 - Site 1.tif,24,1043,89.62991371045062,72.50204918032787,26.686799999999998,4392,3.3585860304294544,0.6418103528225433,0.23623973006831497
A55 - Site 1.tif,25,1279,146.8045347928069,131.99101941747574,63.751799999999996,4120,2.30275121282504,0.23236230777809455,0.11223123694010588
A55 - Site 1.tif,26,38537,152.26852116148117,74.3152415744225,32.6172,36407,4.668350475049903,2.3899439425566644,1.048954130069043
A55 - Site 1.tif,27,1298,99.93374422187982,79.16110557768924,37.065,4016,2.696175480774803,0.5604381124669149,0.26240965800029253
A55 - Site 1.tif,28,2455,94.02403258655805,82.8456743195986,29.651999999999997,6577,3.170917056348607,0.37698496773201134,0.1349298965506243
A55 - Site 1.tif,29,3618,66.6746821448314,58.093643520150394,22.238999999999997,8511,2.9980971318337346,0.38585541709710175,0.14771045682867992
A55 - Site 1.tif,30,613,144.87438825448612,101.06123662306777,45.9606,3364,3.1521431013295014,0.9532763197583493,0.43353072939820386
A55 - Site 1.tif,31,5571,131.78388081134446,106.35874038289498,48.925799999999995,22356,2.693545752637852,0.519667341632693,0.23905078543171562
A55 - Site 1.tif,32,742,163.68733153638814,63.661044176706824,41.5128,2490,3.943056876360004,2.4095288040215554,1.5712322761518258
A55 - Site 1.tif,33,3010,150.09667774086378,73.3055508971994,38.547599999999996,5963,3.8938008514648326,1.9921117481696209,1.0475485947971053
A55 - Site 1.tif,34,1012,125.23913043478261,77.84105653382761,32.6172,4316,3.839665280783941,1.4531619478809763,0.6089084090767447
A55 - Site 1.tif,35,2505,117.34770459081837,80.2522496371553,28.1694,6890,4.165786440220967,1.316870609260203,0.46223570201160075
A55 - Site 1.tif,36,11,105.54545454545455,112.15333960489181,44.477999999999994,1063,2.3729811259886855,-0.1485652470423943,-0.05891830847059204
A55 - Site 1.tif,37,2,55.5,89.45087336244542,31.1346,916,1.7825827209013179,-1.0904547786559287,-0.379547701240262
A55 - Site 1.tif,38,3,65.66666666666667,90.62918918918919,32.6172,925,2.0132527208507827,-0.765317762250265,-0.2754357921889678
A55 - Site 1.tif,39,670,116.66716417910447,77.46655031995346,40.0302,3438,2.914478672351367,0.9792759928593476,0.5060327804992446
A55 - Site 1.tif,40,419,97.31026252983294,81.16309575863576,32.6172,2287,2.983403311749596,0.49505067161640703,0.1989471522528716
A55 - Site 1.tif,41,5481,111.30724320379493,84.32461497610197,32.6172,15064,3.4125321354889326,0.8272515181996137,0.31998519331680464
A55 - Site 1.tif,42,23,93.21739130434783,85.75234842015371,32.6172,1171,2.8579213199100053,0.2288682928609886,0.08705350956393322
A55 - Site 1.tif,43,1688,103.29028436018957,77.51013698630138,31.1346,5475,3.317540110584821,0.8280224369546413,0.3326035583593198
A55 - Site 1.tif,44,1767,91.19864176570458,84.57825630252101,35.5824,5712,2.563026713770693,0.18605786740981461,0.07827526543844676
A55 - Site 1.tif,45,2190,90.08219178082192,84.71371841155235,45.9606,8310,1.9599872882691272,0.11680598965421482,0.06337194812480043
A55 - Site 1.tif,46,2422,152.5400495458299,84.20361173814898,26.686799999999998,4430,5.715936323900601,2.5606831010864584,0.8115618367068814
A55 - Site 1.tif,47,3398,94.85197174808711,73.84228271728271,28.1694,8008,3.367198865237283,0.7458337424065141,0.2845211206213414
A55 - Site 1.tif,48,1111,98.4050405040504,74.77981818181819,26.686799999999998,5500,3.687405026723937,0.8852774522752613,0.31593045949417814
A55 - Site 1.tif,49,1348,111.68694362017804,88.21075057358243,29.651999999999997,6102,3.7665905700294124,0.7917237636138666,0.26613755002970063
A55 - Site 1.tif,50,2907,103.3202614379085,66.26618501204136,25.2042,7059,4.099327151701511,1.4701548317806392,0.5591702074525985
A55 - Site 1.tif,51,2535,90.23116370808678,70.93706563706564,29.651999999999997,5180,3.0430043058699834,0.6506845428475075,0.27198895098107645
A55 - Site 1.tif,52,2880,92.59340277777778,87.38388307857335,41.5128,7458,2.2304783766807588,0.12549188919922327,0.05961648206825513
A55 - Site 1.tif,53,603,108.90547263681592,93.73070866141732,37.8063,3810,2.8806170560993736,0.401381885330878,0.16189746338732264
A55 - Site 1.tif,54,1937,103.94011357769747,77.65597778058326,26.686799999999998,7921,3.8948136733796987,0.984911483852133,0.33846893111043275
A55 - Site 1.tif,55,1434,111.03905160390516,76.0998052580331,28.1694,4108,3.941832327436397,1.240326252368485,0.45912399148475663
A55 - Site 1.tif,56,1294,114.86398763523957,97.00382958353279,40.0302,4178,2.8694332680462558,0.4461670950243842,0.18411807169412522
A55 - Site 1.tif,57,2264,132.62765017667846,72.31436672967864,28.1694,5290,4.708217077026712,2.1410922286448733,0.834042890316927
A55 - Site 1.tif,58,4628,179.0220397579948,104.86368892743567,41.5128,6918,4.312453983226144,1.7863972271852335,0.7071880798967876
A55 - Site 1.tif,59,1987,131.4539506794162,106.50604319397662,42.9954,5047,3.05739568997712,0.5802459676997337,0.23423936083758395
A55 - Site 1.tif,60,2154,104.71216341689879,73.20366259711432,26.686799999999998,5406,3.9237437001686737,1.180677368885655,0.4304224638170265
A55 - Site 1.tif,61,3052,105.71526867627784,72.05955910790254,29.651999999999997,7757,3.565198591684401,1.1350232549920771,0.4670540588974246
A55 - Site 1.tif,62,3444,137.42073170731706,87.39896640826873,31.1346,7740,4.413762555587014,1.6066294502894538,0.5723381791457025
A55 - Site 1.tif,63,4547,105.96283263690346,82.06271910255593,29.651999999999997,15689,3.573547571872656,0.8060202861961191,0.2912420377097974
A55 - Site 1.tif,64,562,105.5,82.82049987376925,26.686799999999998,3961,3.953265283228688,0.8498396254977125,0.27383920838511344
A55 - Site 1.tif,65,9781,116.55321541764646,86.0225646315518,47.4432,15511,2.456689586559919,0.6435200572402252,0.3549144449867671
A55 - Site 1.tif,66,1,75.0,63.001555209953345,34.099799999999995,643,2.1994263889525962,0.3518626146349254,0.19044680322822577
A55 - Site 1.tif,67,337,83.98219584569733,81.90706023135222,28.1694,2507,2.9813271072825143,0.07366630505472078,0.02533524714756453
A55 - Site 1.tif,68,2628,90.35958904109589,98.39290446047401,42.9954,6793,2.101610614625746,-0.18684127645072995,-0.08164527170542855
A55 - Site 1.tif,69,1,137.0,150.91222030981066,65.2344,581,2.100118955321101,-0.21326509184844217,-0.09218749999389127
A55 - Site 1.tif,70,1338,81.76307922272048,78.8289864641796,26.686799999999998,6058,3.0638022989673717,0.10994546957452488,0.037220987986467974
A55 - Site 1.tif,71,1109,122.97926059513075,82.12007874015748,38.547599999999996,4064,3.1903221098908245,1.0599669459155332,0.4975540997626591
A55 - Site 2.tif,1,2221,28780.18144979739,17826.98507785467,7620.563999999999,4624,3.7766471680783242,1.4373209610113302,0.6144166455573596
A55 - Site 2.tif,2,2114,45548.691106906335,25851.98737885959,12954.958799999999,4437,3.5159271295305996,1.5203987933972851,0.7619028834953735
A55 - Site 2.tif,3,1855,25458.23989218329,21974.13613861386,7620.563999999999,6060,3.340729097236095,0.4571976238982913,0.1585547541705375
A55 - Site 2.tif,4,2046,26503.40762463343,22455.631543921918,7620.563999999999,4508,3.4778800656485074,0.5311648954993621,0.18025661281413943
A55 - Site 2.tif,5,1734,27351.82525951557,20944.417671345996,7239.5358,6055,3.7781186549941217,0.8850577944736077,0.3059243607871931
A55 - Site 2.tif,6,1943,28378.857951621205,21469.75208855472,8763.648599999999,4788,3.2382469045585447,0.7883823483130761,0.32180650407912403
A55 - Site 2.tif,7,2656,27398.657756024095,20649.927895642202,8382.6204,6976,3.2685075129957464,0.8050859442918161,0.32681614650106466
A55 - Site 2.tif,8,1009,24906.07631318137,21637.349721706865,8001.592199999999,3234,3.1126400459586336,0.40850952032651944,0.15106871375257963
A55 - Site 2.tif,9,2308,24066.914211438474,20553.357917297024,8382.6204,7932,2.871049035145354,0.41914772785575,0.17094804208040615
A55 - Site 2.tif,10,2733,27729.293816319063,18578.033998371335,9144.6768,4912,3.0322880100353835,1.000719874313953,0.49258494298939587
A55 - Site 2.tif,11,34,20166.941176470587,21876.539984164687,8001.592199999999,1263,2.5203660312063123,-0.21365732781182764,-0.07814758681815358
A55 - Site 2.tif,12,3330,28924.77117117117,21589.80444290976,8763.648599999999,8688,3.3005398198118265,0.8369763625909237,0.33974215688956205
A55 - Site 2.tif,13,1438,23495.840751043117,21646.289066094156,7239.5358,6521,3.2454899595925286,0.25547932022746633,0.08544428466702718
A55 - Site 2.tif,14,1354,29592.961595273264,20039.006092607637,7620.563999999999,4924,3.8833033349282853,1.2537071406595484,0.47676793242681337
A55 - Site 2.tif,15,6705,32376.672184936615,18909.399351723227,7620.563999999999,15117,4.248592648115563,1.7672278368367116,0.7121999267511891
A55 - Site 2.tif,16,1015,34604.86009852217,18565.610087843583,9144.6768,3529,3.784153432134893,1.7539438912330996,0.8639225931590663
A55 - Site 2.tif,17,2210,24460.93438914027,21233.358939442485,7239.5358,12484,3.378798733077124,0.44582629865485685,0.15200493991088773
A55 - Site 2.tif,18,3854,30789.98702646601,22279.44119439366,8382.6204,6564,3.6730742365990086,1.0152607926827029,0.38199099150700866
A55 - Site 2.tif,19,1094,39522.32449725777,23535.10689758137,9525.705,3349,4.149018313837797,1.6783238195660704,0.679292329932547
A55 - Site 2.tif,20,829,25274.663449939686,22076.926829268294,6477.479399999999,4059,3.901928804266158,0.49366990200948474,0.14484518816407782
A55 - Site 2.tif,21,717,33302.468619246865,20821.01835486064,8382.6204,2942,3.9727993193163242,1.4889676102202283,0.5994639672111163
A55 - Site 2.tif,22,1896,27095.472046413503,19937.44286865431,8001.592199999999,6205,3.3862600553899314,0.8945756043091333,0.3590244358271978
A55 - Site 2.tif,23,30,23566.9,19851.95149555376,10287.7614,1237,2.2907704682942094,0.3611036803830453,0.1871326607500732
A55 - Site 2.tif,24,1158,23490.199481865286,21638.207965717167,7620.563999999999,3967,3.082475192365613,0.24302551834033392,0.08558895076161087
A55 - Site 2.tif,25,4268,51759.60731021556,30909.19230769231,12954.958799999999,6448,3.9953509778954763,1.6094543660383662,0.6745700371254121
A55 - Site 2.tif,26,7753,35149.365922868565,20389.80728801682,9144.6768,8562,3.843696906032822,1.614005498240857,0.7238694523375298
A55 - Site 2.tif,27,4081,36206.39843175692,21499.692828293853,9906.733199999999,9161,3.654726305914888,1.4845161675948053,0.6840425917202884
A55 - Site 2.tif,28,2351,31821.650361548276,18543.167356029273,7239.5358,6286,4.395537399166439,1.8341622132044242,0.7160849465770673
A55 - Site 2.tif,29,2444,24604.700490998363,21333.91509591326,6858.5076,5995,3.587471491751717,0.4768946228302398,0.15331388450637093
A55 - Site 2.tif,30,1502,24420.16844207723,20451.593388764955,6771.0342,4931,3.606564037446623,0.5861106200447802,0.1940472303488325
A55 - Site 2.tif,31,434,32262.928571428572,17984.67752550181,8023.8312,3039,4.020888247423296,1.7794804863179285,0.793911985670726
A55 - Site 2.tif,32,2399,27602.606919549813,20817.15469904963,7981.5770999999995,5682,3.4582898309051266,0.8501392814324478,0.3259548347789671
A55 - Site 2.tif,33,970,27511.59381443299,19543.13133208255,7955.6316,3731,3.4581281785846403,1.0016128049896658,0.40773724266310946
A55 - Site 2.tif,34,8800,32324.098295454547,23194.8225472273,11029.061399999999,8205,2.9308113467774546,0.8277472957235481,0.39359110118799423
A55 - Site 2.tif,35,1814,24885.729327453144,21474.63327456323,7620.563999999999,6239,3.2656020377783705,0.44761726991406886,0.15884304096260296
A55 - Site 2.tif,36,180,31833.96111111111,21741.81004531722,6478.9619999999995,2648,4.913435379164437,1.557680237324793,0.4641817330182641
A55 - Site 2.tif,37,1305,24328.908045977012,22004.022572868726,8778.4746,4563,2.771427742805031,0.2648393461326001,0.10565729358839356
A55 - Site 2.tif,38,3470,33493.24726224784,22016.084041438717,8382.6204,8591,3.9955581505525264,1.3691617505184213,0.5213081127053099
A55 - Site 2.tif,39,4692,38424.238704177325,20757.431693002258,8382.6204,11075,4.583798009525934,2.107551835599521,0.8511075586062213
A55 - Site 2.tif,40,2043,35177.55115026921,25597.2,11811.8742,5295,2.978151524018045,0.8110779871208836,0.37427340296069356
A55 - Site 2.tif,41,3006,28460.227877578178,20582.26725420625,7239.5358,8737,3.9312227556826045,1.088185878348864,0.3827547532091314
A55 - Site 2.tif,42,7942,42937.23621254092,21566.355176568726,7620.563999999999,10789,5.634390868246048,2.8043699962291706,0.9909361531419635
A55 - Site 2.tif,43,3315,28756.444343891402,20765.56165940519,7295.1332999999995,10558,3.941866880465637,1.0953717164394048,0.38481418492541053
A55 - Site 2.tif,44,165,28749.40606060606,18212.20246384574,8705.8272,1867,3.3023175627208676,1.2103621350017393,0.5785793133846737
A55 - Site 2.tif,45,1334,32035.605697151423,20094.811452939386,6892.6074,3283,4.647821040424404,1.7324059751603889,0.5942227560666883
A55 - Site 2.tif,46,1371,31773.783369803063,20989.825478645067,7728.7937999999995,4074,4.11109213054202,1.3952963645043865,0.5137707267801915
A55 - Site 2.tif,47,3151,39990.343700412566,20800.97805035507,8774.0268,4647,4.557809613753059,2.187064854877766,0.9225222777311047
A55 - Site 2.tif,48,1224,24805.691993464054,20995.653532608696,7252.879199999999,5152,3.4201165233015125,0.525313927860553,0.18146796216350727
A55 - Site 2.tif,49,297,27785.531986531987,19660.91141068849,7584.981599999999,2077,3.6632299788961067,1.0711457198304588,0.4132372302650466
A55 - Site 2.tif,50,4654,31095.196390201978,22342.449001136916,9576.1134,12314,3.2471625064683867,0.9140187697710347,0.3917541621608156
A55 - Site 2.tif,51,2252,35239.73046181172,19314.52881205674,7573.862099999999,4512,4.6528085666842545,2.1026527073596912,0.8245192934660525
A55 - Site 2.tif,52,2022,21125.180019782394,20440.66905978186,7199.5055999999995,7243,2.934254265980855,0.09507749532128758,0.033487698372212896
A55 - Site 2.tif,53,2516,26972.905802861686,20229.23167539267,7291.426799999999,6876,3.6992630582020922,0.9248771622393255,0.33336284025402946
A55 - Site 2.tif,54,664,27682.6656626506,23899.38113821138,9362.618999999999,3075,2.956722436598246,0.404083998765215,0.15830052261850222
A55 - Site 2.tif,55,1869,43117.06153023007,22197.434486003294,8665.796999999999,4251,4.975544837962431,2.4140453606520715,0.9424344537387116
A55 - Site 2.tif,56,2110,23823.144549763034,21141.05712579618,8467.1286,5024,2.8136037227230606,0.316764696825756,0.12686628714951637
A55 - Site 2.tif,57,2857,26294.95589779489,23309.1924539061,7625.7531,10522,3.448178239308641,0.39153686261949333,0.12809381748388982
A55 - Site 2.tif,58,1115,32732.095067264574,24817.70616472966,10764.4173,3958,3.0407679445160647,0.7352361657818264,0.31890090284731737
A55 - Site 2.tif,59,2147,33834.55798789008,20347.440296105568,7927.4622,6214,4.2680188355672515,1.701315925765941,0.6628410009075822
A55 - Site 2.tif,60,2059,34926.94463331714,20900.361935098546,7278.0833999999995,5023,4.798920637989551,1.9272357744896584,0.6711167367229495
A55 - Site 2.tif,61,1546,30755.972833117725,20363.84049247606,9181.7418,3655,3.349688272990232,1.131825808979985,0.5103228118721612
A55 - Site 2.tif,62,188,18378.547872340427,16582.11866404715,6050.4906,2545,3.0375301917352044,0.29690637124373154,0.1083353246160973
A55 - Site 2.tif,63,1322,26346.54538577912,23566.604123233727,8299.594799999999,4317,3.1744375503425033,0.3349490342036994,0.11796104555443951
A55 - Site 2.tif,64,5906,27575.044192346766,20853.121840193704,7992.696599999999,10325,3.450030142807156,0.8410080713115837,0.3223460930052955
A55 - Site 2.tif,65,3013,26233.307334882178,21043.438902147973,7520.4884999999995,16760,3.4882451232851825,0.6900972500293439,0.24662644051975705
A55 - Site 2.tif,66,2097,30230.49356223176,22728.59329214475,10680.650399999999,5665,2.830398190189191,0.7023823446257531,0.33006443353784015
A55 - Site 2.tif,67,3523,36738.48935566279,21491.689750328514,7997.8857,7610,4.593525180738311,1.9063537761380123,0.7094276803011322
A55 - Site 2.tif,68,1670,31497.573053892214,18929.982595209374,6830.338199999999,5803,4.611422177286347,1.8399660588789648,0.6638986800683425
A55 - Site 2.tif,69,8971,33822.8385910155,21459.871397364528,8409.3072,14191,4.022071947969183,1.4701528793758738,0.5760969842141503
A55 - Site 2.tif,70,1487,27484.94418291863,16950.33233233233,10628.759399999999,3996,2.5859033165143215,0.9911421882949375,0.6214988381369713
A55 - Site 2.tif,71,118,27272.491525423728,18776.521296884934,6858.5076,1573,3.9764469351005696,1.2387491162838993,0.45247839544930873
A55 - Site 2.tif,72,2273,25156.941926968764,19291.96987195581,8382.6204,7966,3.001083280228072,0.6996585524743499,0.30401105195253575
A55 - Site 2.tif,73,569,33472.78207381371,18967.851346366653,10287.7614,2711,3.253650699342733,1.4099209889755955,0.7647113245759315
A55 - Site 2.tif,74,1923,24309.821112844515,20093.19328795314,7239.5358,6317,3.357925395273401,0.5824445021579352,0.20985354415603769
A55 - Site 2.tif,75,5598,34203.403715612716,19839.484294421003,7620.563999999999,12798,4.488303453073531,1.8848892839392026,0.7240066933203351
A55 - Site 2.tif,76,1016,23701.673228346455,18242.476711740717,8382.6204,4659,2.8274778168790964,0.6512517871618313,0.2992574200787796
A55 - Site 2.tif,77,819,34491.345543345546,25433.312364945978,8763.648599999999,4165,3.935728954639531,1.0335915543657503,0.3561483871397121
A55 - Site 2.tif,78,868,19288.619815668204,16642.89660138249,7620.563999999999,3472,2.5311275931339066,0.34718207396227396,0.1589701166601221
A55 - Site 2.tif,79,582,23554.800687285224,21647.327885597548,8763.648599999999,2937,2.6877847073031145,0.2176573809321268,0.08811585484210636
A55 - Site 2.tif,80,2696,46130.165430267065,20702.075030012005,6858.5076,3332,6.725977154301003,3.707525293143655,1.2282870370906984
A55 - Site 2.tif,81,334,24296.502994011975,16978.445278022948,11430.846,2266,2.1255209801611112,0.6402026338192838,0.4310204848648466
A55 - Site 4.tif,1,793,26501.78814627995,21847.925016737336,8382.6204,4481,3.1615159558278854,0.5551799923490583,0.21301167621068065
A55 - Site 4.tif,2,5293,38251.97128282637,19352.310706534845,7239.5358,8294,5.283760221584033,2.6106177382623654,0.9766100215567418
A55 - Site 4.tif,3,2185,34958.35148741419,19343.776599568657,6858.5076,5564,5.097078479196147,2.2766723897517833,0.8072143930873171
A55 - Site 4.tif,4,1035,25674.672463768115,18290.789046653143,8382.6204,3451,3.0628456542941493,0.8808562316750217,0.4036940887720774
A55 - Site 4.tif,5,7011,32359.786050492083,19549.41200224341,9144.6768,8915,3.538647319985841,1.4008558561888882,0.655281808310759
A55 - Site 4.tif,6,2493,40922.688327316486,17800.817907877743,8763.648599999999,4646,4.669594845150431,2.6383840195751755,1.2989217989356086
A55 - Site 4.tif,7,556,33305.53597122302,23286.404656862745,9525.705,4080,3.4963854088687456,1.0517994536204676,0.4302566867660796
A55 - Site 4.tif,8,424,26552.82783018868,18811.112701252237,8763.648599999999,3913,3.0298827625469125,0.8833894970329604,0.411550090198384
A55 - Site 4.tif,9,1046,25488.454110898663,19797.29770652416,7239.5358,4491,3.520730446676354,0.786121729568164,0.2874713755754715
A55 - Site 4.tif,10,1997,28068.209313970958,20258.43065894679,7620.563999999999,7254,3.6832194197088466,1.0248294817829653,0.38550758380542466
A55 - Site 4.tif,11,2057,25723.73845405931,18583.711095943836,7620.563999999999,10256,3.3755688495005822,0.9369421158468197,0.3842089086108342
A55 - Site 4.tif,12,11414,31224.86954617137,19687.314146442648,7811.0781,9642,3.997510861673678,1.4770759237081434,0.5860400923102865
A55 - Site 4.tif,13,1522,26156.082128777925,19638.293727066222,7620.563999999999,5723,3.432302665359625,0.8552895037300586,0.3318917871528384
A55 - Site 4.tif,14,4256,27332.81954887218,20757.086100696306,8001.592199999999,7468,3.4159225896113554,0.8218031216546697,0.316794631783703
A55 - Site 4.tif,15,1909,27441.111052907283,19977.34815546772,8001.592199999999,9108,3.429456334062237,0.9327847147009362,0.373611294119286
A55 - Site 4.tif,16,7710,28462.433333333334,21487.50535600011,8382.6204,35941,3.395410023970473,0.8320701218111823,0.32460389709140053
A55 - Site 4.tif,17,1598,33515.662703379225,21826.908782254413,8001.592199999999,4418,4.188624196986362,1.4608035037214475,0.5355203541521454
A55 - Site 4.tif,18,1458,26068.754458161864,19404.627192982458,7620.563999999999,5700,3.420843189313502,0.8744926576524601,0.34342980150559166
A55 - Site 4.tif,19,2757,34659.0181356547,25199.306836827713,12192.902399999999,5485,2.8425568415627005,0.7758375314165744,0.37539569481325036
A55 - Site 4.tif,20,418,36299.0980861244,20449.452205882353,7239.5358,2720,5.014009059265135,2.189317978125083,0.7750645699778254
A55 - Site 4.tif,21,1227,28847.674001629992,18868.552075471696,6477.479399999999,5300,4.453533885663219,1.5405872114611265,0.5288758716746175
A55 - Site 4.tif,22,13803,30115.529232775483,22095.32578091358,8382.6204,30189,3.592615172308119,0.9567656733987783,0.36298190537594605
A55 - Site 4.tif,23,10257,36922.03266062201,22749.831657832205,8382.6204,16413,4.404593181933654,1.6906647714565364,0.6229584999106769
A55 - Site 4.tif,24,379,24745.912928759895,21054.02590673575,6858.5076,3281,3.6080608744566844,0.5382930569354129,0.17535301981561904
A55 - Site 4.tif,25,2721,27713.96949650864,19074.048072695296,8001.592199999999,6823,3.4635568526566507,1.079775275701072,0.45296737173358353
A55 - Site 4.tif,26,1134,27399.50881834215,18803.51588141874,8001.592199999999,3778,3.4242570895212467,1.074285307480762,0.45714817330588825
A55 - Site 4.tif,27,2119,34760.12930627655,22963.704192286194,8382.6204,8945,4.146690133581031,1.4072479190369016,0.5136987053660005
A55 - Site 4.tif,28,2508,25661.777910685807,22123.587554895774,8763.648599999999,16167,2.928207083823115,0.40373485032090356,0.15992841789375434
A55 - Site 4.tif,29,2443,36088.67007777323,22490.811761355548,9525.705,7023,3.788556340736496,1.4274910168227348,0.604596155118595
A55 - Site 4.tif,30,4324,29983.82863089732,18616.08355194124,6477.479399999999,15248,4.6289346178161574,1.7549642965963783,0.6106410646059102
A55 - Site 4.tif,31,3242,29013.33405305367,22492.279934835733,8001.592199999999,11049,3.6259451029030716,0.8149695654584581,0.2899241044975311
A55 - Site 4.tif,32,2195,27012.16355353075,19406.5670781893,7239.5358,14580,3.73120104654962,1.0505641087279307,0.39190839083978585
A55 - Site 4.tif,33,1412,23476.185552407933,20682.342498036134,6477.479399999999,6365,3.624277917791864,0.43131639359092144,0.13508349233824618
A55 - Site 4.tif,34,1696,25242.521816037737,23820.723595505617,8001.592199999999,4450,3.1546873653478857,0.1776894129308844,0.05968744882291409
A55 - Site 4.tif,35,528,28818.071969696968,24301.608759553204,8763.648599999999,3402,3.288364616726427,0.5153633396640995,0.18585037948841301
A55 - Site 4.tif,36,521,26800.512476007676,20157.535922766052,8001.592199999999,4454,3.3493974456701485,0.830206837238384,0.32955300581832064
A55 - Site 4.tif,37,803,28368.255292652553,23224.828157711094,8001.592199999999,5732,3.5453263030096815,0.642800458505625,0.22146244097102294
A55 - Site 4.tif,38,7596,27749.436282253817,19890.324184163925,7239.5358,7906,3.833040825934653,1.0855823239494218,0.39512237333683725
A55 - Site 4.tif,39,3235,30145.98083462133,21746.579080556727,8001.592199999999,9484,3.7674977780776753,1.0497162994702611,0.386240140251324
A55 - Site 4.tif,40,3808,30092.823792016807,22935.484966471988,7620.563999999999,13869,3.9488971934331003,0.9392137938262086,0.31206398452025685
A55 - Site 4.tif,41,302,28196.814569536426,17746.494241192413,8001.592199999999,2952,3.5239004768952347,1.306030108399045,0.5888667466547438
A55 - Site 4.tif,42,1339,24147.059746079165,21401.18877408545,7620.563999999999,7162,3.1686709469335184,0.3603238516191336,0.12830460031815555
A55 - Site 4.tif,43,1920,26799.8796875,19269.557647058824,6858.5076,8925,3.907538089986359,1.0979534440452028,0.39078852656416047
A55 - Site 4.tif,44,2674,30176.740089753177,24603.974678065144,10287.7614,18482,2.9332659376921244,0.5416888276280023,0.22649858344448637
A55 - Site 4.tif,45,1340,32961.20895522388,26169.175083426027,11430.846,8990,2.883531888645429,0.5941847061706468,0.2595432928299266
A55 - Site 4.tif,46,1353,33935.39689578714,19540.259101180014,8001.592199999999,3983,4.2410805309154265,1.7990341715476499,0.7366912444743607
A55 - Site 4.tif,47,2154,27571.30362116992,20238.456101519845,7239.5358,6777,3.808435289612331,1.0128891854695912,0.3623224757295481
A55 - Site 4.tif,48,406,28392.802955665025,18718.61924528302,9144.6768,2650,3.104844881519922,1.057903294118763,0.5168214377144658
A55 - Site 4.tif,49,736,24171.269021739132,21493.615363050183,8763.648599999999,3567,2.7581285061694,0.3055409659723113,0.12457902560640752
A55 - Site 4.tif,50,1268,39816.555993690854,23312.987632508833,8763.648599999999,3962,4.543376601572708,1.883184631702735,0.7079130577910792
A55 - Site 4.tif,51,1896,46498.158755274264,16596.408450704224,9525.705,3834,4.881335161568141,3.1390590307529624,1.8017000722396188
A55 - Site 4.tif,52,415,34888.83373493976,26215.18626120011,10668.7896,3683,3.270177315607298,0.8129926448011987,0.33086346926223487
A55 - Site 4.tif,53,554,25294.08844765343,20136.05619834711,6477.479399999999,4840,3.9049276555961545,0.7963023779432412,0.2561590114020025
A55 - Site 4.tif,54,1750,25311.709714285713,18590.535218783352,9906.733199999999,5622,2.5550006448402347,0.6784450897996906,0.361537439153869
A55 - Site 4.tif,55,459,32960.389978213505,21402.209414281893,6858.5076,3739,4.805767070691217,1.685232595486919,0.5400461391716562
A55 - Site 4.tif,56,2206,28788.07751586582,22481.528399311534,9525.705,6391,3.022146656424443,0.6620558915636866,0.2805213686781461
A55 - Site 4.tif,57,2189,24619.519872087712,20671.649836541954,6858.5076,8259,3.5896322214546816,0.5756164847787006,0.19097992016897797
A56 - Site 1.tif,1,1423,43762.783555867885,23556.257227891158,9525.705,2352,4.594177917101352,2.121263080050822,0.8577986788174121
A56 - Site 1.tif,2,68591,35123.03519412168,21282.81468678509,8763.648599999999,118896,4.007809623275128,1.579276068568153,0.6503002873921441
A56 - Site 1.tif,3,1488,28683.307123655915,21869.129354021534,8763.648599999999,6316,3.272986906803085,0.7775503195811168,0.31158889132356793
A56 - Site 1.tif,4,14117,37648.21527236665,19469.428379764817,9906.733199999999,12671,3.800265386406959,1.834993082541426,0.9337093281837836
A56 - Site 1.tif,5,4523,35629.47313729826,23519.896273697974,10287.7614,9178,3.4632872742619814,1.1770857033667705,0.5148652325111286
A56 - Site 1.tif,6,10485,39840.93171196948,18638.648537005163,8001.592199999999,17430,4.979125493538611,2.649758028775551,1.1375440195064541
A56 - Site 1.tif,7,905,31065.160220994476,27168.960928742996,13582.0986,6245,2.2872135695562985,0.28686283371912874,0.14340626800078027
A56 - Site 1.tif,8,48270,41565.27826807541,21716.85614705971,8711.757599999999,66422,4.771170201984006,2.2783487594963523,0.9139638807108772
A56 - Site 1.tif,9,3410,24710.53401759531,19879.455090553107,9906.733199999999,8172,2.494317099159425,0.4876561051464802,0.24301867958823198
A56 - Site 1.tif,10,2009,25620.43106022897,22563.254055306657,9144.6768,12946,2.8016770434359093,0.3343121984277202,0.13549362150633318
A56 - Site 1.tif,11,714,29661.121848739494,25457.664972469294,12527.97,4722,2.367592023984398,0.33552577762134206,0.16511557052912343
A56 - Site 1.tif,12,18236,45818.55955253345,21197.8454433097,9834.085799999999,15373,4.659158002514769,2.5036098535156888,1.1614724795997007
A56 - Site 1.tif,13,41322,43940.046875756256,23239.503520546034,9543.4962,78823,4.604187601155037,2.1690733585861888,0.8907480892136949
A56 - Site 1.tif,14,12226,28220.944953378046,23384.1033962759,9152.8311,15252,3.083302275002891,0.5284530550440139,0.20684314789124578
A56 - Site 1.tif,15,97030,40331.87312171493,23277.271526913046,12192.902399999999,42563,3.3078156290074014,1.3987319044551607,0.7326718500953228
A56 - Site 1.tif,16,7573,28590.527003829393,21958.818025930574,10572.4206,23910,2.704255542368637,0.6272649593502312,0.3020066458069188
A56 - Site 1.tif,17,737,29361.995929443692,18912.0276611509,7973.422799999999,4049,3.682483252914529,1.3106000434693728,0.5525567356140029
A56 - Site 1.tif,18,52746,46849.85614075001,17810.25934101607,11430.846,30805,4.09854669905526,2.540459105101104,1.6304982562966392
A56 - Site 1.tif,19,1338,24387.917040358745,16781.657650841687,6477.479399999999,5287,3.765031972208371,1.1742622276043542,0.4532483946322806
A56 - Site 1.tif,20,8151,29699.97435897436,20144.71870635006,8001.592199999999,18614,3.7117580622188227,1.194169287034193,0.47433055739852686
A56 - Site 1.tif,21,20091,29102.528843760887,18127.178316005564,8044.5876,60404,3.6176532957046437,1.3643148752263796,0.6054638144127747
A56 - Site 1.tif,22,4426,28055.44622684139,18284.18578767123,6858.5076,8176,4.09060510872664,1.4246919313985908,0.5344104764978619
A56 - Site 1.tif,23,4085,34439.40465116279,17879.67193732194,7607.2206,7020,4.527199415134289,2.1768440255063832,0.9261765412633151
A56 - Site 1.tif,24,20850,39228.099664268586,21120.44218646683,7920.0491999999995,22685,4.953012118184702,2.286306185797292,0.8573521954666212
A56 - Site 1.tif,25,1424,21727.111657303372,20985.082876294942,12944.5806,9846,1.678471657651588,0.0573235088827719,0.03535982132557042
A56 - Site 1.tif,26,10629,37696.80534387054,21586.606073168205,8382.6204,19298,4.497019254722016,1.9218571880796504,0.7463053347102852
A56 - Site 1.tif,27,401,25069.50124688279,19976.858773500448,8334.4359,4468,3.0079421748090605,0.6110362518207421,0.2549270899454547
A56 - Site 1.tif,28,610,35460.52295081967,32210.38593395513,14098.043399999999,3967,2.5152797409316046,0.2305381622574829,0.10090338636512095
A56 - Site 1.tif,29,4852,34796.93384171476,24240.138502804195,9906.733199999999,12303,3.5124529084602414,1.065618213973897,0.43550887044993397
A56 - Site 1.tif,30,7764,35102.61527563112,25252.83156587864,10971.24,19331,3.199512113088322,0.8977821750087958,0.39004670363609845
A56 - Site 1.tif,31,1470,37812.74217687075,25721.634690681283,11811.8742,5108,3.2012482978220964,1.023640049110854,0.47007539107011986
A56 - Site 1.tif,32,9473,45714.9994721841,22791.014051883878,9069.8055,12952,5.04035058658465,2.527505735406889,1.0058343770094464
A56 - Site 1.tif,33,3268,23159.06976744186,18347.867536414513,7580.533799999999,26981,3.0550711042817738,0.6346785540381075,0.26222133016145127
A56 - Site 1.tif,34,366,22054.953551912567,19033.208471367725,7239.5358,4226,3.046459629619085,0.41739486674555415,0.1587617287484117
A56 - Site 1.tif,35,6804,36720.75088183422,29161.794803052177,15335.273099999999,19396,2.3945286557570515,0.49291303972780975,0.2592075052248945
A56 - Site 1.tif,36,49601,43425.63289046592,21733.400044078524,9906.733199999999,63523,4.383446289885154,2.189645406657918,0.9981058096010003
A56 - Site 1.tif,37,1750,34845.08685714286,19113.37532244196,7599.807599999999,4652,4.584995922409537,2.0700144480868437,0.8230734378046397
A56 - Site 1.tif,38,8864,29893.206114620938,22776.237107574572,9525.705,22998,3.1381620693260555,0.7471330475842884,0.31247343331688393
A56 - Site 1.tif,39,25211,42880.619729483165,22050.13188338732,11430.846,19449,3.751307622326961,1.8223050022787135,0.9446876760759964
A56 - Site 1.tif,40,3572,32078.128779395298,19534.097695167286,8001.592199999999,6725,4.008968212520904,1.5676918756509908,0.6421607631933247
A56 - Site 1.tif,41,1765,32639.212464589236,22433.115127388533,8266.9776,6280,3.948143329256118,1.234562113388133,0.4549567583119811
A56 - Site 1.tif,42,24076,32127.006064130255,21812.83012885381,9813.329399999999,14823,3.2738130714431657,1.0510373711969696,0.47284904683818263
A56 - Site 1.tif,43,318,22123.69811320755,17349.52500933184,6837.7512,5358,3.2355225374645387,0.6982080751737103,0.27517601209860554
A56 - Site 1.tif,44,816,21235.594362745098,17113.81227038942,7597.583699999999,5444,2.795045793666893,0.5425122321916973,0.24084534919696657
A56 - Site 1.tif,45,2252,26179.203818827707,18530.742390003987,7986.766199999999,7523,3.277822733660957,0.9576418336640611,0.41274446904757534
A56 - Site 2.tif,1,30263,42400.66341737435,19618.45202193283,8372.242199999999,23344,5.064433446194821,2.7211600968034957,1.16126447540102
A56 - Site 2.tif,2,2017,27120.69905800694,15815.016053858104,7239.5358,5793,3.7461930995588806,1.5616585533195677,0.7148701566688351
A56 - Site 2.tif,3,861,25225.40069686411,18619.429134967595,8382.6204,3549,3.009250030793953,0.7880556731268227,0.35478915674631745
A56 - Site 2.tif,4,62663,40714.85822574725,19694.310438435525,9500.5008,65939,4.285548633994578,2.212572603255778,1.0673411416465355
A56 - Site 2.tif,5,3549,29149.18765849535,19016.70108303249,6858.5076,11080,4.250077328550725,1.4773602606269745,0.5328204156554874
A56 - Site 2.tif,6,6702,44226.87018800358,21268.15350823673,9144.6768,8195,4.836351371975795,2.5106099626989273,1.0794880087199203
A56 - Site 2.tif,7,26732,35716.38190184049,22110.462305331042,9834.085799999999,35509,3.6318965105840517,1.3835469684935648,0.6153611538562347
A56 - Site 2.tif,8,217,21309.05529953917,14098.94944512947,5808.8268,2433,3.6683922645967835,1.2412327140477466,0.5113931277266436
A56 - Site 2.tif,9,3047,27475.12438464063,20357.62230312837,10612.450799999999,7416,2.5889518738324555,0.6706746835052986,0.3496234469589806
A56 - Site 2.tif,10,9741,45373.41155938815,18129.198561275785,8369.277,11538,5.42142547789181,3.255264821331617,1.502780881681739
A56 - Site 2.tif,11,843,26420.610913404507,20579.333482609345,7580.533799999999,6699,3.485323278074383,0.770562810601472,0.28384191527526975
A56 - Site 2.tif,12,1072,27209.308768656716,18427.268221574344,7134.271199999999,4459,3.813887642597408,1.2309653363149502,0.4765785379297695
A56 - Site 2.tif,13,94127,41790.22108427975,20450.121577877595,9144.6768,79702,4.5698959075550984,2.3336089369914985,1.0435194443771365
A56 - Site 2.tif,14,14137,37483.959821744356,19839.41433868974,9177.294,16180,4.084423994883841,1.9226305142927085,0.8893682636909443
A56 - Site 2.tif,15,34976,37269.05003430924,19506.266995272104,7562.7426,49705,4.927980761140802,2.348722411762851,0.9106192919092794
A56 - Site 2.tif,16,3601,30419.56484309914,16823.439048562934,6096.4511999999995,7063,4.98971677868089,2.2301705284730082,0.808165664302122
A56 - Site 2.tif,17,33644,40054.9228688622,21584.976243294477,10287.7614,24793,3.8934537176205573,1.7953319393225597,0.8556852885718133
A56 - Site 2.tif,18,18424,25637.327236213634,19214.38174690007,8763.648599999999,32904,2.925417072996786,0.7329076943256526,0.334278020178633
A56 - Site 2.tif,19,52801,41087.87134713358,26161.566227541472,12006.094799999999,69684,3.4222511175823263,1.2432273248067036,0.5705432537855015
A56 - Site 2.tif,20,16638,42990.37859117682,19234.305654815078,8001.592199999999,22388,5.372728016696864,2.968918228091161,1.2350886672325674
A56 - Site 2.tif,21,7147,32920.164544564155,21991.33200194311,9144.6768,18527,3.5999265216817893,1.1951032039327072,0.49696091813130866
A56 - Site 2.tif,22,5292,35726.54516250945,20290.808035303853,7620.563999999999,10877,4.6881759883471315,2.0255373653689337,0.7607256004956257
A56 - Site 2.tif,23,2736,32197.516081871345,20713.564903512426,8763.648599999999,7203,3.673985294416598,1.3104075371467787,0.5544169355611996
A56 - Site 2.tif,24,406,26085.5,20316.403938265034,8382.6204,3758,3.1118550948542154,0.6882210796194569,0.283962461037029
A56 - Site 2.tif,25,14448,38378.73781838317,18626.208788912878,8763.648599999999,14359,4.37931044135423,2.253916140527103,1.060469645396504
A56 - Site 2.tif,26,11150,39252.373094170405,19851.4769906228,7579.0512,18449,5.179061607885512,2.5598053887697723,0.9773023998517688
A56 - Site 2.tif,27,8296,38832.05785920926,18218.607055832184,7630.9421999999995,9439,5.08876320137222,2.701298249035363,1.131450430880605
A56 - Site 2.tif,28,1188,27931.21127946128,16877.823337856174,7614.633599999999,3685,3.668096555482933,1.45159813619799,0.6549060101136572
A56 - Site 2.tif,29,2509,40435.5380629733,18077.865949338713,7850.366999999999,4461,5.150783149745966,2.847977949770515,1.2367428863715
A56 - Site 2.tif,30,3163,31809.490989566868,21072.71159833939,9084.6315,7708,3.5014618908352917,1.1818618500063167,0.5095110489752294
A56 - Site 2.tif,31,31368,39331.574215761284,22982.281497732383,10295.9157,54242,3.8201142435269824,1.5879396446508416,0.7113868446714021
A56 - Site 2.tif,32,31177,37151.82214452962,18687.12932155359,8011.970399999999,29995,4.6370393660569755,2.3046381727712055,0.9880968074464553
A56 - Site 2.tif,33,675,30698.293333333335,19742.788728238418,7205.436,3389,4.2604352232523794,1.5204499221254222,0.5549117075552522
A56 - Site 2.tif,34,7538,34571.09259750597,20594.3910802201,9525.705,17265,3.6292424127631158,1.4672616375660594,0.6786654416164323
A56 - Site 2.tif,35,13950,45024.88867383513,20084.18280687725,8772.5442,12505,5.1324778362226775,2.843041345625759,1.2418083477314914
A56 - Site 2.tif,36,655,37686.40152671756,21969.142931664057,14098.043399999999,3834,2.6731653788702925,1.1148538949058953,0.715424295064015
A56 - Site 2.tif,37,15717,36720.55309537444,22302.37555174105,11811.8742,16312,3.1087829478698095,1.2206511261033564,0.6464861785766745
A56 - Site 4.tif,1,6432,37535.665111940296,20572.85,8001.592199999999,10820,4.691024507834002,2.1199299699276226,0.8245243178233475
A56 - Site 4.tif,2,12069,42781.470378656064,28001.352527799594,11052.783,24191,3.8706514349026264,1.3372304378764241,0.5278358549351346
A56 - Site 4.tif,3,22236,32086.857483360316,23254.12918495765,9144.6768,87247,3.5088016979807564,0.9658874218925931,0.3798348339834836
A56 - Site 4.tif,4,7516,31043.110697179352,25854.137448448382,13335.987,14791,2.327770017858901,0.38909555391191364,0.20070185126366982
A56 - Site 4.tif,5,27322,40280.73343825489,23901.408990084743,9513.8442,52747,4.23390719791402,1.7216305106355354,0.6852869826610677
A56 - Site 4.tif,6,5712,35764.12359943978,26063.972181855926,10287.7614,9634,3.476375686493372,0.9428826194952795,0.3721670415353174
A56 - Site 4.tif,7,6387,32878.367778299675,18738.52398099908,6853.318499999999,13052,4.7974375885568,2.0632112453667464,0.7545868506842316
A56 - Site 4.tif,8,859,24253.989522700816,16045.386933766467,7988.248799999999,5541,3.036208577112728,1.0275847428442733,0.5115864530293605
A56 - Site 4.tif,9,503,29648.220675944332,27721.39233763573,10308.5178,4881,2.876089584471161,0.18691613825478698,0.06950691057793527
A56 - Site 4.tif,10,774,24055.07364341085,15560.79230199852,8001.592199999999,6755,3.006285879375456,1.061573887932169,0.5458771749248222
A56 - Site 4.tif,11,14744,39284.80263157895,19768.453760123408,9107.611799999999,12965,4.313403282245277,2.1428613010750097,0.9872471113959209
A56 - Site 4.tif,12,2213,36145.92092182558,22968.167270094134,9540.530999999999,6905,3.7886697209817455,1.3812390161216008,0.573739885153305
A56 - Site 4.tif,13,1102,35096.046279491835,19813.73562744694,8332.212,4853,4.2120923326782505,1.8341240779791195,0.7712988070188739
A56 - Site 4.tif,14,911,28667.048298572998,17558.82722102373,7239.5358,5099,3.959790943852146,1.534383057755433,0.6326288730857106
A56 - Site 4.tif,15,51523,42700.04075849621,20406.523728411885,8412.2724,67514,5.075922263102827,2.650118299789938,1.0924701005803483
A56 - Site 4.tif,16,4001,37100.94651337166,25407.37424111015,13342.6587,6918,2.7806262115768465,0.8764049605985009,0.46024324124514365
A56 - Site 4.tif,17,1380,23100.016666666666,16272.871124889283,7239.5358,4516,3.1908146191686435,0.9430363672996759,0.41954154797742477
A56 - Site 4.tif,18,1785,31671.14285714286,20832.541448207452,8367.794399999999,7057,3.7848854002800323,1.2952757788745926,0.5202726434447016
A56 - Site 4.tif,19,14663,49137.84430198459,22952.75122831022,8756.2356,16079,5.611754473797903,2.9904509505939356,1.1408258998322576
A56 - Site 4.tif,20,861,31103.025551684088,25843.630988786954,9872.633399999999,3924,3.150428491718591,0.5327245882432753,0.20350834467405324
A56 - Site 4.tif,21,2010,30279.776119402984,19087.030805183767,6846.6467999999995,4707,4.422570201716665,1.6347776716337798,0.5864057866545467
A56 - Site 4.tif,22,2218,26002.11587015329,19303.319401887486,7550.881799999999,8159,3.4435866642911637,0.8871541954552824,0.34702821461926
A56 - Site 4.tif,23,1926,26445.73520249221,21583.96032628847,8378.1726,8091,3.1565039854228645,0.5802906085030927,0.22524943535408676
A56 - Site 4.tif,24,247,28512.153846153848,21591.172647914645,9863.737799999999,3093,2.890603382231525,0.7016590808235176,0.3205467952619262
A56 - Site 4.tif,25,908,37259.254405286345,20110.489932885906,8324.798999999999,3427,4.475694176549078,2.0599613843385094,0.8527273343226313
A56 - Site 4.tif,26,2660,26002.96015037594,18889.533352283495,8306.2665,10554,3.13052322007061,0.8563927967016084,0.3765803350154629
A56 - Site 4.tif,27,381,23790.081364829395,25603.92702107581,14474.6238,3179,1.6435716529512123,-0.12531211044290927,-0.07084247876322429
A56 - Site 4.tif,28,21132,48053.48509369676,26535.170065752813,11027.5788,26919,4.357573495067946,1.9513181830924153,0.8109356365387725
A56 - Site 4.tif,29,22665,39617.026869622765,21287.076496038364,9089.0793,38368,4.358750271832173,2.0167004565098505,0.8610835018602526
A56 - Site 4.tif,30,20316,42438.09785390825,26604.151411808907,13295.9568,34601,3.1918047337425413,1.1908843177113386,0.5951682576526423
A56 - Site 4.tif,31,334,29921.892215568863,17433.145277577507,9462.6945,2774,3.1620900596058807,1.3197876078508248,0.7163794449672375
A56 - Site 4.tif,32,1727,28148.81412854661,21945.637016896486,8702.862,10298,3.234431860290818,0.7127743852129332,0.28266106410451064
A56 - Site 4.tif,33,12166,32354.000493177708,21686.256154479728,8016.418199999999,32781,4.035967147165221,1.3307370040505961,0.4919126779054219
A56 - Site 4.tif,34,23130,31632.787894509296,23260.006809603485,9072.0294,51398,3.4868480358401865,0.9229226136432696,0.35996468760470424
A56 - Site 4.tif,35,497,21554.45875251509,21623.989949748742,10303.3287,3184,2.091989819998091,-0.006748420753924466,-0.0032154656654577677
A56 - Site 4.tif,36,2369,37267.40861122837,22657.253241013554,9247.717499999999,6788,4.029903444951478,1.5798660988723994,0.6448334762733487
A56 - Site 4.tif,37,1326,26945.76395173454,20149.790589020526,10602.0726,5993,2.541556256812383,0.6410042280513722,0.33727265465546424
A56 - Site 4.tif,38,2511,32489.490242931104,24923.427381282978,9102.4227,7202,3.5693233893538485,0.831214184509341,0.3035723275895457
A56 - Site 4.tif,39,6411,24058.098580564656,19312.505761018452,7571.638199999999,12411,3.1773967462593347,0.626759057179982,0.2457264157364055
A56 - Site 4.tif,40,8347,45879.477057625496,25077.21248213435,9868.185599999999,10495,4.64923126877336,2.1080131058205946,0.8295285845786455
A56 - Site 4.tif,41,1159,27159.664365832614,19807.765825242717,8672.4687,5150,3.131710854811306,0.8477284605917828,0.3711624322222669
A56 - Site 4.tif,42,5467,44621.64514358881,21880.364716431293,7990.472699999999,8922,5.584356122452301,2.8460494492558692,1.0393464972761315
A56 - Site 4.tif,43,1260,28399.12777777778,19422.44761436301,7582.0163999999995,4066,3.745590391724862,1.1839436490011988,0.4621806860620308
A56 - Site 5.tif,1,29295,165.5773681515617,87.83547810954387,37.065,43672,4.467216190662068,2.097447457737579,0.8850852947622294
A56 - Site 5.tif,2,10343,153.10171130233007,87.04794520547945,34.099799999999995,13140,4.48981258709529,1.937071949908208,0.758820509011906
A56 - Site 5.tif,3,11400,137.18807017543858,76.77045556721114,34.099799999999995,26692,4.023134157244537,1.7717879456920442,0.786990439928587
A56 - Site 5.tif,4,7179,130.09764591168687,71.24960457476578,35.5824,16438,3.6562358321845774,1.6538525034956202,0.8259420059926013
A56 - Site 5.tif,5,11170,159.17000895255148,97.99936845904006,48.925799999999995,11084,3.2532939455260528,1.2502736895668276,0.6241942315458537
A56 - Site 5.tif,6,1746,146.72508591065292,92.9762821500077,42.9954,6493,3.412576365763016,1.2501059124498006,0.5780915574592036
A56 - Site 5.tif,7,1721,119.52178965717606,88.9400299850075,32.6172,6003,3.664379211597938,0.9375961045948947,0.3438469682760982
A56 - Site 5.tif,8,73873,132.71712262937746,90.62969771429096,38.547599999999996,218138,3.442941262100573,1.091829968770253,0.46438889207291323
A56 - Site 5.tif,9,921,84.48859934853421,64.3307256541678,34.099799999999995,3707,2.477686066304124,0.5911434579808381,0.3133475254048681
A56 - Site 5.tif,10,1737,107.42314335060449,84.0145034414946,29.651999999999997,8136,3.622795875973848,0.7894455652642466,0.2786261769984128
A56 - Site 5.tif,11,11872,145.94971361185983,70.18247328244274,29.651999999999997,16375,4.922086657312795,2.555215172799978,1.0795749533320553
A56 - Site 5.tif,12,9840,129.85630081300812,79.32413007274958,26.686799999999998,11409,4.865937495853709,1.8935267893236833,0.6370340360183495
A56 - Site 5.tif,13,714,93.38795518207283,80.39285714285714,35.5824,4648,2.624554699959173,0.3652113976450036,0.16164493338639663
A56 - Site 5.tif,14,3724,149.50590762620837,98.82996021449576,35.5824,5781,4.201681381362459,1.424185760304835,0.5127589578767451
A56 - Site 5.tif,15,14575,187.55114922813036,116.2671137189159,48.925799999999995,14316,3.8333793047798213,1.4569825224042252,0.6131057460961634
A56 - Site 5.tif,16,4923,137.6691042047532,82.74942643391522,40.0302,10025,3.4391310603085143,1.3719561170595806,0.6636865067344088
A56 - Site 5.tif,17,1841,96.96958174904942,74.21921674703046,34.099799999999995,8503,2.8436994269940716,0.667170041916588,0.30652930596797123
A56 - Site 5.tif,18,15172,164.0127208014764,95.88219448343894,53.373599999999996,26357,3.0729184610134452,1.2764836230884302,0.7105649456396155
A56 - Site 5.tif,19,1215,89.59835390946502,80.07517793594306,31.1346,4496,2.8777743693732143,0.305871152045096,0.1189279401907897
A56 - Site 5.tif,20,29950,157.74477462437395,84.01790189760115,37.065,47481,4.255895712446108,1.989123774635952,0.87751385184379
A56 - Site 5.tif,21,5614,159.6722479515497,82.84761594439014,34.099799999999995,9207,4.682498076373608,2.2529349727749204,0.9273004554464622
A56 - Site 5.tif,22,33804,149.37607975387527,82.45235823887981,34.099799999999995,61847,4.380555889186145,1.9625839886266088,0.8116653414931851
A56 - Site 5.tif,23,38443,128.50326457352443,73.10505891986186,42.9954,28089,2.988767741284806,1.2884681998720304,0.7577889473670008
A56 - Site 5.tif,24,36451,151.29261199967078,94.74765448075057,38.547599999999996,74184,3.9248257209378155,1.4668865896774728,0.5967953277876682
A56 - Site 5.tif,25,1395,123.73548387096774,77.15469973890339,26.686799999999998,4596,4.636580025503318,1.7454615808043579,0.6037322973669716
A56 - Site 5.tif,26,1896,128.99261603375527,66.63245092742662,31.1346,5553,4.1430632155969445,2.002921671911617,0.9358828052849205
A56 - Site 5.tif,27,739,110.12313937753721,71.62235009085403,29.651999999999997,3302,3.7138519944826216,1.2984213298832785,0.5375527224737646
A56 - Site 5.tif,28,2044,112.05772994129158,86.39778156996587,31.1346,5860,3.599138254716624,0.8241618123593717,0.29699776894822266
A56 - Site 5.tif,29,1402,133.74964336661913,85.2412252712189,29.651999999999997,4701,4.5106449251825405,1.635923987557028,0.5690722761828723
A56 - Site 5.tif,30,23486,152.39823724772205,76.8663058582608,32.6172,27346,4.6723273978452715,2.3157086250905707,0.9826403199200636
A56 - Site 5.tif,31,993,107.0503524672709,80.5996445798426,28.1694,3939,3.8002354480133955,0.938987265544826,0.3281740015360029
A56 - Site 5.tif,32,32494,154.54696251615684,78.75929649845192,35.5824,31329,4.3433540872095,2.129920016536426,0.9622694637651049
A60 - Site 2.tif,1,392,31681.63775510204,26263.45371348117,9141.711599999999,2841,3.465613349153061,0.5926881396712347,0.20630127707985438
A60 - Site 2.tif,2,1031,36399.027158098936,22304.626561651276,7620.563999999999,3682,4.776421687167928,1.849521977169822,0.6319048004450378
A60 - Site 2.tif,3,284,29863.580985915494,21496.03132415757,8382.6204,2107,3.5625591474808838,0.9982021447312514,0.3892602097369689
A60 - Site 2.tif,4,244,36597.22131147541,21736.090439276486,9144.6768,2322,4.00202457799661,1.6251127510796965,0.683707629654432
A60 - Site 2.tif,5,1229,43121.21236777868,24249.604657534248,8001.592199999999,3650,5.389078984520705,2.358481566983737,0.7782233144313684
A60 - Site 2.tif,6,202,29798.00495049505,22472.036337895235,6858.5076,2119,4.344677689130447,1.068157832556624,0.3260037720855126
A60 - Site 5.tif,1,468,25649.844017094016,21168.33959685685,6877.7814,2927,3.7293776183489524,0.6515915757704438,0.2117078857191273
A60 - Site 5.tif,2,660,34707.85,21784.866050017128,8763.648599999999,2919,3.96043378553088,1.4746122921870835,0.5932092453681521
A60 - Site 5.tif,3,589,31781.60611205433,21581.663860493085,8001.592199999999,3326,3.9719102545634124,1.2747390764988622,0.4726207542426007
A61 - Site 1.tif,1,8446,45137.24532322993,30915.305434607322,14860.0998,12402,3.037479285515939,0.9570554760751362,0.4600290920204732
A61 - Site 1.tif,2,1095,42105.98812785388,29939.020559210527,15241.127999999999,3648,2.7626556333511703,0.7982983653595306,0.40639163677972123
A61 - Site 1.tif,3,332,27281.47891566265,19425.258162490507,8382.6204,2634,3.2545287289437685,0.9372034493131493,0.40443327380524524
A61 - Site 1.tif,4,2689,30872.782075120864,18336.250629478986,8001.592199999999,5163,3.858329855285837,1.5667546073675451,0.6837020118758739
A61 - Site 1.tif,5,763,31674.32372214941,18743.095907528896,9525.705,3201,3.3251422043949668,1.357508742356281,0.6899195244164162
A61 - Site 1.tif,6,837,22329.21624850657,17054.07615982837,6858.5076,3729,3.255696071325198,0.7691381852038056,0.3093184315138061
A61 - Site 1.tif,7,405,28480.041975308643,16128.394715111479,7620.563999999999,2422,3.737261700744364,1.6208311169856924,0.7658324016969057
A61 - Site 1.tif,8,2331,29749.486486486487,21531.90727532097,11430.846,7010,2.6025620926448014,0.7188951028785033,0.38164660037247927
A61 - Site 2.tif,1,627,34611.27432216906,21131.320101966496,6843.6816,2746,5.057405698435545,1.969693362149237,0.6379134931064592
A61 - Site 2.tif,2,1591,22628.226272784414,18148.678062678064,8810.350499999999,5616,2.5683684517158234,0.5084415438524569,0.24682504117563636
A61 - Site 2.tif,3,523,28886.845124282983,22365.504545454547,11811.132899999999,2860,2.4457302588017216,0.5521350605429997,0.29158030240596045
A61 - Site 2.tif,4,1390,33996.01510791367,21389.804818690678,8766.6138,4109,3.877895831098992,1.437979427040417,0.5893560224636382
A61 - Site 3.tif,1,987,28042.944275582573,21812.975635224502,12192.902399999999,2873,2.2999400270406145,0.5109504231209923,0.28560838028420116
A61 - Site 3.tif,2,2208,27509.591938405796,24336.191264162193,13335.987,6708,2.0628088448485418,0.2379576910386328,0.13039841114807033
A61 - Site 3.tif,3,1348,35716.70845697329,28884.133792177272,15622.1562,5957,2.2862854525132983,0.4373643802634392,0.2365511361342651
A61 - Site 3.tif,4,1641,44191.1578305911,38674.75219253518,14479.0716,4903,3.052071227450839,0.3809916678671656,0.14263583669759736
A61 - Site 3.tif,5,2486,37639.02493966211,16744.471648516712,7239.5358,5326,5.199093695981187,2.8861730735714484,1.2478478706124976
A61 - Site 3.tif,6,1013,35727.566633761104,21458.935247582773,10287.7614,3413,3.4728222442762307,1.3869520133082074,0.6649272772179581
A61 - Site 3.tif,7,1392,25714.0316091954,19490.016052880077,10287.7614,4236,2.4994778367595507,0.604992214954487,0.3193437880925909
A61 - Site 3.tif,8,433,33893.72979214781,15172.815972222223,7620.563999999999,2304,4.447666838321066,2.4566310078756666,1.2338457049888918
A61 - Site 3.tif,9,1791,26353.47738693467,21178.68410214168,12573.9306,4856,2.0958822046396306,0.4115493754028574,0.24433969834165714
A61 - Site 3.tif,10,1907,39662.76822233875,17373.460385005066,9144.6768,4935,4.3372520527237635,2.437407939590529,1.282951544676651
A61 - Site 4.tif,1,258,33856.26356589147,20853.60878489327,8763.648599999999,2436,3.863261195325979,1.4837033494226786,0.6235206057193959
A61 - Site 4.tif,2,1568,20592.957270408162,13853.610386923236,5276.573399999999,4833,3.9027140739422177,1.2772203421773978,0.48646863129928186
A61 - Site 4.tif,3,972,33828.96193415638,22789.481214232397,13588.028999999999,4019,2.4896150820793426,0.8124416513915197,0.4844112341190464
A61 - Site 4.tif,4,254,20569.944881889765,16073.200909780136,6714.6954,2638,3.063421891313064,0.6696869633286615,0.2797665503808066
A74 - Site 14.tif,1,146,43792.09589041096,23729.41690962099,13335.987,2058,3.283753642709619,1.5044015100475818,0.8454771163233759
A74 - Site 14.tif,2,5756,54341.98905489923,25293.224059003052,11259.6057,7864,4.826278157755645,2.5799096140525046,1.1484801197396133
A74 - Site 14.tif,3,3900,50998.778205128205,26916.88374468085,10685.098199999999,5875,4.772888114877642,2.2537831669553414,0.8946761701267638
A74 - Site 14.tif,4,323,40268.52012383901,31864.737860661506,11860.0587,2842,3.395305296744025,0.7085784712996754,0.2637329796944516
A74 - Site 14.tif,5,5745,51283.913838120105,31221.29571456273,11430.846,10314,4.4864495452108475,1.75512977110704,0.6425940264289872
A74 - Site 14.tif,6,9290,45610.8329386437,28030.674246605584,11430.846,9059,3.990153741779375,1.537957793502138,0.6271757338894816
A74 - Site 14.tif,7,3685,61094.09579375848,45517.214401033256,24004.776599999997,6194,2.54508079003464,0.6489075758663273,0.34221956676611137
A74 - Site 15.tif,1,645,51815.18449612403,37056.932119205296,13335.987,3020,3.885365552327336,1.1066486775150324,0.3982588825604932
A74 - Site 15.tif,2,2905,57908.075387263336,26688.38876146789,12869.709299999999,5232,4.499563590548106,2.425826869746871,1.16978536639342
A74 - Site 15.tif,3,20692,44100.58529866615,27222.48719262295,11049.817799999999,29280,3.991069001936506,1.527454878579801,0.6200057322686816
A74 - Site 15.tif,4,568,54625.903169014084,31251.79380249059,17036.5566,3453,3.2063934309930926,1.37199728297852,0.7479285673724505
A74 - Site 15.tif,5,471,43458.75583864119,28325.07112140258,11610.2406,3023,3.743139986143247,1.3034772696463823,0.5342858505939698
A74 - Site 7.tif,1,127,36572.92125984252,26652.122721209427,10668.7896,2249,3.4280291046144766,0.9298897916801916,0.3722329602937977
A74 - Site 7.tif,2,31146,49705.506485584025,26021.833427762038,13647.332999999999,14120,3.6421406648132355,1.7354066950520393,0.9101462094729025
A74 - Site 7.tif,3,2325,45103.96129032258,26400.684528773978,13301.1459,4796,3.390983125016971,1.4061402605571403,0.7084390838865146
A74 - Site 7.tif,4,7029,44314.384834258075,33313.22014639247,13335.987,14345,3.322917518907663,0.8249231712551425,0.3302342025033455
A74 - Site 7.tif,5,5074,51371.959992116674,30063.792086228903,10957.8966,7051,4.68812235297692,1.9445490940175802,0.7087651432914598
A74 - Site 7.tif,6,11107,51057.834158638696,35671.53477971838,13717.0152,16547,3.7222262579836953,1.1216944178139499,0.4313326991375805
A74 - Site 7.tif,7,6725,40370.26973977695,29790.3620653613,11511.6477,28702,3.5069062910726396,0.9190611066395352,0.35514532019447564
A74 - Site 7.tif,8,6665,47799.34823705927,27597.199115646257,12283.340999999999,14700,3.891396342169476,1.6446786848461314,0.7320362126876877
A74 - Site 7.tif,9,499,53401.130260521044,30279.005817932924,10605.0378,2922,5.0354493088625,2.180296277922396,0.7636355229631174
A74 - Site 8.tif,1,4202,61071.872679676344,35117.79914843635,17527.297199999997,6811,3.484386210992161,1.4807801359826995,0.7390575195652097
A74 - Site 8.tif,2,5053,62383.507619236094,40214.04884667571,16003.184399999998,5896,3.898193388260721,1.3853154608745577,0.5512864137873924
A74 - Site 8.tif,3,1040,42895.81923076923,27718.358267716536,10673.2374,5588,4.019007319253391,1.4220109976227524,0.5475598813052485
A74 - Site 8.tif,4,2396,41124.93405676127,27239.391745602166,11811.8742,7390,3.4816603496104324,1.1755579238345888,0.5097596319637292
A74 - Site 8.tif,5,15652,50183.69716330181,27611.88542515195,10203.994499999999,31918,4.918044317179183,2.2120564390864517,0.817467238857249
A74 - Site 8.tif,6,1240,47587.53870967742,27316.7273888605,11796.3069,3914,4.034104835780178,1.7184031826774306,0.7420658789850405
A75 - Site 12.tif,1,22143,37780.99629679808,25877.091758608505,12192.902399999999,25469,3.098605652479191,0.9762978614656848,0.46001709346742636
A75 - Site 12.tif,2,2394,37175.25396825397,26314.347801683816,12954.958799999999,5345,2.8695771667159047,0.8383589893440474,0.41273704552430723
A75 - Site 12.tif,3,4693,61191.738333688474,33855.33765060241,16003.184399999998,6640,3.8237226294568125,1.7081850711580244,0.8074472913310786
A75 - Site 12.tif,4,990,46113.32828282828,28778.94369063772,12573.9306,2948,3.6673757593979093,1.3785971263573522,0.6023287295921048
A75 - Site 12.tif,5,471,52597.69639065817,25410.62826420891,8763.648599999999,2604,6.00180344869124,3.1022544795347273,1.0699093247029938
A75 - Site 12.tif,6,5961,56420.48917966784,33805.58873441014,15622.1562,9782,3.611568624543117,1.447617099440039,0.6689692826509388
A75 - Site 12.tif,7,1112,31485.50449640288,21609.777437468096,12192.902399999999,3918,2.5822813521723145,0.8099570336039664,0.45700271960261796
A75 - Site 12.tif,8,18977,57204.554302576806,22689.56178189881,10287.7614,14883,5.5604472225144335,3.3549565526125487,1.521183743098909
A75 - Site 12.tif,9,8593,45597.71581519842,21071.43114680946,12192.902399999999,22410,3.739693332996828,2.0115214461463125,1.1639591301367764
A75 - Site 12.tif,10,2165,42592.675288683604,24252.52106870229,10287.7614,6550,4.14013055246812,1.7827157441621346,0.7562164019163182
A75 - Site 12.tif,11,1671,39393.43985637343,24085.31519364449,9144.6768,5035,4.30780012436638,1.6739929685335846,0.6355791709448758
A75 - Site 16.tif,1,1736,39628.778225806454,20768.57276119403,11049.817799999999,5896,3.5863739061625606,1.7068340678518117,0.9081127375225098
A75 - Site 16.tif,2,4148,46727.34594985535,25086.79430424362,11049.817799999999,7093,4.228788817659334,1.958453255726275,0.8626272206466189
A75 - Site 16.tif,3,1701,45600.80482069371,22033.80991937454,9525.705,4093,4.787131747271812,2.4740420684132487,1.0695832898415716
A75 - Site 16.tif,4,326,36348.156441717794,21935.358483339718,8763.648599999999,2611,4.14760542106587,1.6446115786022766,0.6570577804469562
A75 - Site 16.tif,5,1464,39024.67759562842,30436.186533428503,12954.958799999999,4203,3.012335137306519,0.6629500868959372,0.282180261077196
A75 - Site 16.tif,6,17235,42220.84276182188,23250.39765427759,9906.733199999999,31291,4.261833029053338,1.9149042095455988,0.8159191679048965
A75 - Site 16.tif,7,809,39706.02348578492,22528.044765342962,12192.902399999999,4155,3.2564866168167113,1.4088506704054213,0.7625152959062321
A75 - Site 16.tif,8,983,29338.78535096643,21625.571114046674,10668.7896,4542,2.7499638151022237,0.7229699456171229,0.3566710074956656
A75 - Site 2.tif,1,2271,46979.39630118891,27720.673851590105,11430.846,5660,4.109879207641132,1.6848028964419566,0.6947422184864074
A75 - Site 2.tif,2,861,40961.501742160275,28761.969689793987,15622.1562,4223,2.622013326312411,0.7809121798665973,0.42415495822912913
A75 - Site 2.tif,3,24225,38428.88908152735,24777.717223936186,11430.846,35979,3.361858700702794,1.194239853951249,0.5509455021303624
A75 - Site 2.tif,4,1682,34468.100475624255,26745.47886719588,9525.705,4661,3.6184303918280136,0.8107139165468872,0.28874493692081576
A75 - Site 3.tif,1,887,43936.85907553551,26196.667441860463,11430.846,3010,3.8437101746884763,1.5519578895262456,0.6771926876973929
A75 - Site 3.tif,2,600,31585.728333333333,21690.88252609045,13335.987,3737,2.368458242596491,0.7419657658061203,0.4561753444257744
A75 - Site 3.tif,3,621,57579.17391304348,20563.5,16384.2126,3084,3.514308274601389,2.259228125068451,1.8000668131896553
A75 - Site 3.tif,4,829,55686.53679131484,23116.50874918989,10287.7614,3086,5.412891553964374,3.1659004107631508,1.4089509966876925
A75 - Site 3.tif,5,7561,58519.62399153551,33686.94499698614,19051.41,6636,3.07166892064707,1.3034562268376113,0.7371603152723912
A75 - Site 3.tif,6,18220,39535.31712403952,30153.39760101708,12573.9306,36182,3.1442289910529704,0.74614055234367,0.311139714574084
A75 - Site 3.tif,7,1467,36494.52556237219,29745.963292547276,13335.987,9889,2.7365447763517485,0.5060414553358408,0.22687321312984568
A75 - Site 7.tif,1,9269,56297.75326356673,33949.878605251826,14467.952099999999,23230,3.8912040124550744,1.5446467132206954,0.6582608120092439
A75 - Site 7.tif,2,437,34331.14187643021,26323.962850644428,10163.9643,2638,3.377731450355097,0.7878007821985267,0.3041783287422743
A75 - Site 7.tif,3,2352,51902.213860544216,25304.93598804023,8735.4792,7358,5.94154169132299,3.044741709472966,1.051070743078111
A75 - Site 7.tif,4,3563,24357.8018523716,21986.473986777808,9049.0491,13916,2.691752645296695,0.2620527128746787,0.10785394088287086
A75 - Site 7.tif,5,732,48867.06967213115,28276.05885603758,18295.284,3619,2.671020011064296,1.1254818900915837,0.7282136071692904
A75 - Site 7.tif,6,8534,41886.18619639091,26231.3776880613,11052.783,24274,3.7896506424086143,1.4163680322245942,0.5967970380544908
A75 - Site 7.tif,7,156,24597.826923076922,22819.3488372093,9050.5317,2322,2.7178322488003377,0.19650537060332657,0.07793728465059656
A77 - Site 12.tif,1,34705,110.11747586803054,79.8596564600448,25.2042,33475,4.369012935317939,1.2005070343823911,0.37888742257907637
A77 - Site 18.tif,1,66808,89.53382828403784,71.29436973548101,13.343399999999999,40602,6.709971088098845,1.3669273599597969,0.2558330849079837
A77 - Site 4.tif,1,2045,33019.04841075795,23706.107493857493,10626.5355,4884,3.1072260955347932,0.8763854331349751,0.3928498560680874
A77 - Site 4.tif,2,3308,38915.36215235792,23544.254103742613,12508.696199999998,10661,3.111064616976373,1.2288337491642831,0.6528602681944966
A77 - Site 4.tif,3,3747,49669.38243928476,22892.374415257287,12192.902399999999,5558,4.07363077385447,2.1961143578091393,1.1696911617070818
A77 - Site 4.tif,4,2372,24890.339797639124,17238.721803480883,7211.3664,7297,3.4515428029845507,1.0610496776516072,0.44386225854684713
A77 - Site 4.tif,5,6547,30364.229876279212,23344.581321355043,9607.248,10686,3.1605543935420015,0.7306617415223239,0.3006971278812254
A77 - Site 4.tif,6,1358,31100.411634756994,23351.30225472273,9530.1528,6564,3.2633696738550046,0.813114914592569,0.3318491318172078
A77 - Site 4.tif,7,8897,31004.04855569293,22554.577852441664,10256.6268,21727,3.0228309131480438,0.8238060005501057,0.37462331410174526
A77 - Site 4.tif,8,7416,27210.50202265372,16404.908751229104,7920.0491999999995,15255,3.4356481046379566,1.3643341093652515,0.6586804861446389
A77 - Site 4.tif,9,10894,27099.9221589866,19798.919149626745,7598.325,30810,3.5665652836580346,0.9608700614083032,0.36875765561645857
A77 - Site 4.tif,10,6108,43691.57007203667,19176.314144109798,8410.789799999999,10492,5.1947047912176725,2.914738866485253,1.2784133459476206
A77 - Site 5.tif,1,1004,21804.811752988047,14061.838909875876,6096.4511999999995,3706,3.576640087425334,1.2700787046568127,0.5506372881052306
A77 - Site 5.tif,2,1527,30060.58480681074,19327.62235434007,7620.563999999999,4205,3.944666668605014,1.408421010893234,0.5553172685027655
A77 - Site 5.tif,3,24916,49193.58063091989,32692.288847698484,16254.4851,25896,3.0264619474713244,1.0151839127288782,0.5047456866691069
A77 - Site 5.tif,4,2979,20003.671701913394,11655.25905068383,5358.1164,6215,3.733340265223813,1.5580872134868111,0.7162786013522873
A77 - Site 5.tif,5,766,31741.45561357702,16748.984231274637,9525.705,3805,3.332189650376922,1.573896250438854,0.8951272014632777
A77 - Site 5.tif,6,2385,15946.727463312369,12109.654721911162,5618.3126999999995,10716,2.8383481509108575,0.6829582022720768,0.3168606231567655
A77 - Site 5.tif,7,1208,19662.279801324505,17242.753899129024,6793.2732,4937,2.8943749533428984,0.356164963627831,0.14032131504911718
A77 - Site 5.tif,8,12901,37183.58933416014,25084.03490635408,14053.5654,23119,2.6458473900248602,0.8609597695256358,0.48236077142183675
A77 - Site 5.tif,9,945,37164.91957671958,20356.3408352088,9906.733199999999,3999,3.75148081879121,1.6966822869009748,0.8257171010042242
A77 - Site 5.tif,10,4658,28268.52146844139,18749.352423587527,7239.5358,12956,3.9047422720669944,1.3148866595618902,0.5077065505938886
A77 - Site 6 zoom v2.tif,1,12055,33844.11787639983,25891.76508769507,11049.817799999999,21723,3.0628666000600666,0.7196818022372792,0.3071383029224612
A77 - Site 6 zoom v2.tif,2,462,45405.00216450216,25127.318482422554,8001.592199999999,2873,5.674495904008382,2.5342060898897434,0.8069975193038005
A77 - Site 6.tif,1,3590,34019.21169916435,20146.52885768111,7620.563999999999,5839,4.464133061426912,1.820427312396436,0.6885892323921211
A77 - Site 6.tif,2,1319,25871.172858225927,17063.048866090714,5699.1143999999995,3704,4.539507551941848,1.5455250366828501,0.5162104417126987
A77 - Site 6.tif,3,4690,39049.47867803838,19459.155773789367,8763.648599999999,5906,4.455847154573704,2.2354071686793398,1.0067406382874151
A77 - Site 6.tif,4,8653,46097.75673176933,17218.45807000486,7195.799099999999,8228,6.406203965825738,4.013355328628386,1.677229084296254
A77 - Site 6.tif,5,1909,29347.566265060243,16658.991284961492,7579.7925,4934,3.871816578754831,1.674000308066746,0.7616652631030213
A77 - Site 6.tif,6,239,39983.97071129707,29706.752991123118,10622.829,2591,3.763966332439262,0.9674652317348118,0.34595560555680727
A77 - Site 6.tif,7,3151,43552.74547762615,18295.03711952487,6908.915999999999,5388,6.303846432285921,3.6558134963668287,1.380577049014669
A77 - Site 6.tif,8,2107,45975.28191741813,31886.87832570751,13297.4394,5901,3.457453764924362,1.0594824437929022,0.44182448491196435
A77 - Site 6.tif,9,26,27917.423076923078,29497.625855513306,12953.4762,1315,2.155207038316211,-0.12199063434331306,-0.05357050721064529
A77 - Site 6.tif,10,1,20570.0,32254.952436194897,11327.8053,862,1.815885730308398,-1.0315283611190404,-0.36226847518395355
A77 - Site 7.tif,1,5711,52909.4841533882,30706.71162309086,11787.4113,7726,4.48864324886528,1.8836003907217949,0.7230592713025659
A77 - Site 7.tif,2,236,33571.8686440678,27350.01970831691,15152.171999999999,2537,2.2156472777662266,0.410624228377739,0.22748974231475969
A77 - Site 7.tif,3,1257,22631.698488464597,16567.98215063126,7612.409699999999,4594,2.9730005846157845,0.7965567509885042,0.36599003322795376
A77 - Site 7.tif,4,25835,47416.42392103735,28408.80087467003,13236.6528,25381,3.5822065168168136,1.4359841066733245,0.6690751619618089
A77 - Site 7.tif,5,2426,17838.72382522671,13538.50041260934,4953.366599999999,6059,3.60133324781386,0.868141561056411,0.3176292263956425
A77 - Site 7.tif,6,3134,32372.83280153159,14910.250761095978,8338.142399999999,6241,3.882499392369788,2.094301248730733,1.1711796347508452
A77 - Site 7.tif,7,2395,29379.89979123173,20418.90458680085,9094.268399999999,5167,3.2305951945732576,0.9853453637261276,0.4388577833023933
A77 - Site 7.tif,8,1468,41923.08310626703,25820.98980054397,12963.8544,4412,3.233844026066406,1.242076068496314,0.6236048048544445
A77 - Site 7.tif,9,1335,29845.5063670412,17299.360857285265,7568.673,6019,3.943294467471612,1.6576413738233053,0.7252375167643915
A77 - Site 7.tif,10,1145,20808.359825327512,17244.242008273788,6397.419,5318,3.2526179425319786,0.5571180841911642,0.2066845162194774
A77 - Site 7.tif,11,1698,22292.555359246173,14514.016696914701,6096.4511999999995,5510,3.6566445999288257,1.2759125607892527,0.535932872667814
A77 - Site 7.tif,12,5079,39610.08072455208,23624.11848805327,10668.7896,5106,3.7127061465824527,1.4983857434477685,0.6766797349317456
A78 - Site 3.tif,1,77388,166.60156613428438,107.12681545636242,40.0302,60040,4.1618969201419285,1.4857470275707962,0.5551807959473686
A78 - Site 5.tif,1,26513,167.48810017727152,116.85870224378411,56.3388,39576,2.9728730492581095,0.8986595015247186,0.4332531249879419
A78 - Site 5.tif,2,2587,204.70197139543873,97.14664491127881,34.099799999999995,4903,6.0030255701033,3.1541336445556456,1.1071440148171419
A78 - Site 8.tif,1,47441,94.94709217765224,85.78785631720137,28.1694,45851,3.370575594224459,0.3251484183972459,0.10676611180860897
A82 - Site 1.tif,1,1703,38969.379330593074,19703.675683984016,9144.6768,3253,4.261427733624272,2.106767037036015,0.9777720642377027
A82 - Site 1.tif,2,10550,40607.193649289096,22823.187260717743,10287.7614,23769,3.947136026040575,1.728656575234537,0.7792078374247318
A82 - Site 1.tif,3,557,33130.852782764814,23292.77090549233,9144.6768,4042,3.62296596231029,1.0758260890381306,0.42236631773802774
A82 - Site 1.tif,4,2076,41529.887764932566,24519.361079865015,11430.846,6223,3.6331420933232965,1.4881249108817203,0.6937589698872472
A82 - Site 1.tif,5,1432,32916.5656424581,21616.791119899335,9859.289999999999,5563,3.3386344901534204,1.1461042856582275,0.5227313554485676
A82 - Site 1.tif,6,1562,32188.509603072984,20831.498486055778,9525.705,6275,3.379120978766316,1.1922488799522222,0.54518454947511
A82 - Site 1.tif,7,1390,33316.444604316544,28619.05664140407,10287.7614,5014,3.238454247615439,0.45659962165412477,0.1641349685899492
A82 - Site 1.tif,8,7090,39411.24682651622,31555.54123511134,16757.8278,30896,2.3518111832186688,0.46877827395983795,0.24894852960599737
A82 - Site 1.tif,9,59342,53132.69707795491,26080.019953370895,10973.463899999999,51470,4.841925718451263,2.4652814618143832,1.0372951083987583
A82 - Site 1.tif,10,1220,34346.36475409836,25363.940522414403,11430.846,5666,3.0047089037914,0.7858057252871832,0.3541415114005075
A82 - Site 1.tif,11,14045,52274.934496262016,22149.85095238095,10287.7614,12600,5.081273997685367,2.9282447728474517,1.360058070306303
A82 - Site 1.tif,12,2828,40963.25919377652,29540.04983674171,13762.234499999999,11638,2.9764976896554667,0.8300403075551799,0.38670244025190614
A82 - Site 1.tif,13,977,47344.96110542477,26740.05980317941,15890.5068,3963,2.979449409718951,1.2966799335961012,0.7705630224427441
A82 - Site 1.tif,14,2046,30596.748778103618,28302.7632895196,11869.6956,8597,2.5777197502923195,0.19326405376243053,0.08105164379594909
A82 - Site 1.tif,15,2113,56396.200662565076,48408.19827704089,14495.3802,7313,3.8906327315599607,0.5510722916752937,0.16501342065670518
A82 - Site 1.tif,16,2027,46467.53034040454,22907.177974167233,9869.6682,7355,4.70811474091474,2.387147357822367,1.028513961553727
A82 - Site 1.tif,17,502,28051.908366533866,19862.874751984127,9144.6768,4032,3.067566955073053,0.8954973252352433,0.41227836941012797
A82 - Site 1.tif,18,1608,47895.338308457714,31646.4623609305,11049.817799999999,6921,4.334491226490121,1.4705107578798728,0.5134499952064883
A82 - Site 1.tif,19,2535,43802.48599605523,23270.757642290155,9831.1206,5921,4.455492692868671,2.0884423240362024,0.882297373783987
A82 - Site 1.tif,20,8509,35100.1164649195,24590.018606046964,9906.733199999999,13329,3.543056601633732,1.0609045026933728,0.42741317228136244
A82 - Site 1.tif,21,2238,38633.94414655943,26704.187062937064,10668.7896,6864,3.621211552107393,1.1181921783902442,0.4467373245814059
A82 - Site 1.tif,22,648,36661.76388888889,28160.389413351313,13335.987,2966,2.749085154991633,0.6374762119617545,0.30189122567686916
A82 - Site 2.tif,1,739,38229.70635994587,28736.939614201845,10668.7896,3577,3.5833218006201975,0.8897697959790235,0.3303332530597441
A82 - Site 2.tif,2,393,24963.005089058523,18904.25812064965,8763.648599999999,3448,2.8484717072099444,0.6913498298416437,0.32049641566137566
A82 - Site 2.tif,3,499,40253.71943887776,31976.662646450724,10287.7614,2902,3.912777316048429,0.8045537285126954,0.2588467997407842
A82 - Site 2.tif,4,4462,45516.47243388615,25775.97128532361,10574.644499999999,10970,4.304302847612807,1.8667768120757038,0.765848973450509
A82 - Site 2.tif,5,259,33041.69884169884,27436.77059569075,11017.9419,3156,2.998899353577899,0.5087091851521747,0.2042852757199626
A82 - Site 2.tif,6,2347,24433.47422241159,19198.826185958253,7954.890299999999,5270,3.071503603560803,0.658041511451988,0.27265458761635947
A82 - Site 2.tif,7,67260,52253.40996134404,25083.954617243773,12573.9306,83578,4.155694159891616,2.160776626529071,1.0831408268220992
A82 - Site 2.tif,8,495,49314.09898989899,38120.69672311414,21669.6816,4547,2.2757186699908054,0.516546688290043,0.2936305794220937
A82 - Site 2.tif,9,5036,45546.53196981732,29544.79870562482,10685.098199999999,10507,4.26262174827506,1.4975747498677667,0.5416091483182327
A82 - Site 2.tif,10,1811,43928.42020982882,28401.234877488514,11092.071899999999,5224,3.9603439831461262,1.3998453555215695,0.5467081061549917
A82 - Site 2.tif,11,1344,46961.96949404762,31543.0634359751,13717.0152,5943,3.4236288878657346,1.1240715150670153,0.48882081759003326
A82 - Site 2.tif,12,34344,40779.381755182854,23394.86088715114,11811.8742,74170,3.4524056948683324,1.4717834421244511,0.7430914401193197
A82 - Site 2.tif,13,27390,57519.95374224169,23640.510003637686,11049.817799999999,24741,5.205511510080251,3.0660635633805065,1.4331096805177415
A82 - Site 3.tif,1,29131,53803.44536747794,28705.029421451312,13717.0152,27327,3.922387238255646,1.8297286676483622,0.8743560432396492
A82 - Site 3.tif,2,13518,53452.44481432164,33997.1043196922,16765.2408,22872,3.1882897151283243,1.1604569672878091,0.5722646350017103
A82 - Site 3.tif,3,7416,57328.74325782093,33117.2681917947,14479.0716,11846,3.959421214394805,1.672170408081241,0.7310830991795899
A82 - Site 3.tif,4,1995,42528.79799498747,25860.60924987743,9525.705,6119,4.4646352154452424,1.7498115619885921,0.6445396774703828
A82 - Site 3.tif,5,3310,47026.263746223565,24565.604357798165,9906.733199999999,6104,4.746899184301855,2.2672114949459554,0.9143133244872231
A82 - Site 3.tif,6,1673,26938.147041243275,19424.11728285866,9525.705,5653,2.8279426080500074,0.7888161304991836,0.3868402177025417
A82 - Site 3.tif,7,4182,36398.37015781923,22870.09602766448,9479.7444,11278,3.83959404620454,1.427071612831721,0.5915267742551037
A82 - Site 3.tif,8,7575,42456.39669966997,25965.069706735416,12151.389599999999,31030,3.493954033013231,1.3571556452211013,0.635135094154987
A82 - Site 3.tif,9,12111,42239.94814631327,27222.814814814814,10907.4882,11448,3.872564184509,1.3767728239655292,0.5516377874091304
A82 - Site 3.tif,10,8677,32116.45246052783,23007.278867523433,11009.7876,10349,2.9170819299455566,0.8273705110347563,0.39592572617784655
A82 - Site 3.tif,11,781,32584.847631242,21548.8800872093,10663.600499999999,4128,3.0557078381932485,1.0349194480815695,0.5121364775971888
A82 - Site 3.tif,12,5316,27397.92268623025,21649.988001573565,11502.7521,20336,2.3818580499710524,0.49970082243637043,0.2654936660582102
A82 - Site 3.tif,13,2124,31126.52354048964,27159.971619866094,11430.846,10007,2.723028858971804,0.3470042305372741,0.14604403775299835
A82 - Site 3.tif,14,469,30570.944562899786,28587.662213086674,9906.733199999999,2919,3.085875428932408,0.20019539335238273,0.0693754646682695
A82 - Site 3.tif,15,35486,52095.42301189202,25178.31948377613,11048.3352,46259,4.715228318909519,2.4363040259759248,1.0690587807279779
A82 - Site 3.tif,16,1314,32302.20091324201,24874.484848484848,10287.7614,4785,3.1398668434525137,0.7219953667228267,0.2986078348957893
A82 - Site 3.tif,17,18694,43902.044934203484,23808.45186082013,14860.0998,18997,2.9543573411380413,1.352184261465716,0.8439689061194906
A82 - Site 3.tif,18,4504,50905.85701598579,26901.896356622376,10287.7614,11665,4.948195728561153,2.3332540215542017,0.8922776424809731
A82 - Site 3.tif,19,1320,30221.25303030303,19299.932835820895,8001.592199999999,4020,3.776904930279409,1.3648933764043218,0.5658734819121433
A82 - Site 4.tif,1,1162,38344.090361445786,24562.859911894273,9906.733199999999,4540,3.8705080259360454,1.3910973649252614,0.5610596851905061
A82 - Site 4.tif,2,1039,48489.889316650624,30338.3887870055,11430.846,3817,4.242021046964346,1.5879402565330023,0.5983014014710553
A82 - Site 4.tif,3,424,38808.21226415094,29837.733132789,13717.0152,4654,2.829202395585495,0.6539672808232656,0.3006421128386989
A82 - Site 4.tif,4,19763,49562.54688053433,26081.69668098399,13335.987,12805,3.7164513493074915,1.7607133389926621,0.9002807787677819
A82 - Site 4.tif,5,710,34622.9676056338,27562.026042922596,9144.6768,4147,3.786133546632937,0.7721368088923035,0.2561836909852916
A82 - Site 4.tif,6,1280,42812.38515625,29669.971506761107,13717.0152,6212,3.121115237680774,0.9581103073706085,0.442953362678141
A82 - Site 4.tif,7,6749,38331.36301674322,25943.610766568112,9906.733199999999,27734,3.869223309325069,1.2504376569021365,0.4774875926728613
A82 - Site 4.tif,8,378,40012.613756613755,27577.285257264728,12848.211599999999,3751,3.1142555090377413,0.967864546949036,0.45092649197834506
A82 - Site 4.tif,9,832,39250.080528846156,25126.52911694511,11056.4895,4190,3.549958649064032,1.2773992515335246,0.5620971900321333
A82 - Site 4.tif,10,1493,43751.53985264568,26475.426029962546,10172.1186,4272,4.301123647201937,1.698379118649496,0.652533931016824
A82 - Site 4.tif,11,1527,32866.1643745907,25137.273884063827,9881.528999999999,4951,3.3260201305443156,0.7821553213595842,0.3074673302351871
A82 - Site 4.tif,12,607,49446.76112026359,33926.47996565541,13236.6528,3494,3.735594025721233,1.1725230984827564,0.4574680653670867
A82 - Site 4.tif,13,2139,41749.463768115944,27089.65156941226,12573.9306,4747,3.320319245923207,1.1658893837613533,0.5411591271720565
A82 - Site 4.tif,14,7382,53056.924139799514,27999.50098853302,14015.0178,10116,3.78571935454564,1.7878980611247326,0.8949239188769693
A82 - Site 4.tif,15,872,40010.827981651375,21406.560830860533,13334.5044,3370,3.000548560441539,1.3951974961121831,0.8690918311343835
A82 - Site 4.tif,16,258,34282.98062015504,26605.32328767123,10143.9492,4015,3.3796482951749445,0.7568706409212141,0.28857598344007745
A82 - Site 5.tif,1,1493,37756.25586068319,27079.241904394756,11430.1047,5188,3.3032292224453688,0.9341133993531214,0.39428777193912845
A82 - Site 5.tif,2,970,37116.72371134021,24995.564862713887,10261.8159,5026,3.6169742346775133,1.181190441022676,0.48493238361269103
A82 - Site 5.tif,3,1734,42290.92272202999,29500.820782253355,12797.803199999998,5139,3.3045454802740633,0.9993982357664821,0.43355071488269803
A82 - Site 5.tif,4,2618,50023.76165011459,37643.01988477978,19051.41,5381,2.62572490173107,0.6498596043719762,0.3288987388160489
A82 - Site 5.tif,5,2018,38196.97522299306,25645.090436355415,8763.648599999999,4423,4.358569925196393,1.432267011096648,0.48944591627716555
A82 - Site 5.tif,6,19381,50127.35870182137,32322.539107324705,17146.269,40261,2.9235140718830515,1.038407807231199,0.550848419902023
A82 - Site 5.tif,7,11218,41288.38545195222,26577.603133489167,12192.902399999999,31658,3.3862639179264127,1.2065037376540462,0.5535029718282295
A82 - Site 5.tif,8,10345,47138.29656839053,32425.9844141282,14098.043399999999,26755,3.343605579222227,1.0435712060761488,0.45371983056426635
A82 - Site 5.tif,9,369,39898.37940379404,30986.05078929307,11430.846,2914,3.490413518278449,0.7796735792340456,0.28762389486490036
A82 - Site 5.tif,10,363,45607.23415977961,31580.19399283549,18289.3536,3629,2.493649319555759,0.7669511166833393,0.44417207095440747
A82 - Site 5.tif,11,600,30157.236666666668,22810.783742719676,11049.817799999999,3949,2.729206690325643,0.6648483311589395,0.3220605221987814
A82 - Site 5.tif,12,45568,56229.94586113062,30874.329375895042,16384.2126,21647,3.431958998206377,1.5475639326860358,0.82125238014153
A85 - Site 2.tif,1,31705,45449.94540293329,28145.991745914504,10668.7896,54155,4.2600845181997675,1.621922852148342,0.6147928207050787
A86 - Site 2.tif,1,13522,44659.87945570182,31817.048171600967,12573.9306,30163,3.5517835175316064,1.021385570880329,0.4036462218251905
A86 - Site 2.tif,2,1887,49317.98675145734,32325.022170361728,12573.9306,4285,3.922241049383406,1.3514441205109005,0.5256907324466098
A89 - Site 2.tif,1,1305,38450.15402298851,26985.116791638266,12573.9306,4401,3.0579263753020816,0.9118101249374736,0.4248652069906402
A89 - Site 2.tif,2,4453,38581.105771390074,30566.040007041942,14877.891,22721,2.593183790052242,0.5387232480963023,0.2622212678678351
A89 - Site 2.tif,3,1419,37739.8104298802,27417.83678205376,10954.9314,5171,3.445006550186681,0.9422216599016783,0.3764692936890952
A89 - Site 2.tif,4,1173,43661.13469735721,28039.38959589194,14077.286999999998,4479,3.101530479369085,1.1097127664907431,0.5571357053988238
A89 - Site 2.tif,5,4409,58182.34542980268,30903.822669826226,12943.098,7596,4.49524104891717,2.1075729133747867,0.8826908907486626
A89 - Site 3.tif,1,1243,174.02815768302494,115.27390599675851,47.4432,4936,3.668137006912341,1.2384124948123716,0.5096925550767896
A89 - Site 3.tif,2,1390,173.53309352517985,127.3963548968556,42.9954,4993,4.036085104099951,1.073062202412203,0.3621511672139804
A89 - Site 3.tif,3,1537,178.24918672739102,104.67588245522518,40.0302,5751,4.45286775191886,1.8379449579014442,0.7028677718251666
A89 - Site 3.tif,4,533,173.66979362101313,115.98160034231921,41.5128,2337,4.1835239631915435,1.3896483317144936,0.49739090600106867
A89 - Site 3.tif,5,491,156.57637474541752,110.70307941653161,35.5824,3085,4.400388245352018,1.2892130748907826,0.4143813845696122
A89 - Site 3.tif,6,2497,152.01401682018422,113.20133075767332,53.373599999999996,9318,2.8481124899145476,0.7271888359645784,0.3428642207587419
A89 - Site 3.tif,7,2872,136.1681754874652,108.52969696969697,38.547599999999996,7425,3.5324683106637123,0.7169960908227299,0.25466281844441757
A89 - Site 3.tif,8,4089,196.8092443140132,122.53044585987261,75.6126,7850,2.602863071604264,0.9823600622689471,0.6062068731311457
A89 - Site 3.tif,9,796,191.6746231155779,110.14541832669323,45.9606,4518,4.17041168030604,1.773893395019772,0.7401960609897151
A89 - Site 3.tif,10,14767,199.49400690729328,105.03631329113924,50.4084,12640,3.957554829506942,1.8738482792037747,0.8992860720972159
A89 - Site 3.tif,11,528,123.74431818181819,85.99923664122137,30.3933,3930,4.071434103605197,1.2418882295827676,0.4389001927270102
A89 - Site 3.tif,12,933,156.02679528403002,114.02925305310991,40.0302,3521,3.8977270971679565,1.0491464499410106,0.36830498405243794
A89 - Site 3.tif,13,2772,120.70598845598846,93.6340819706065,43.7367,19324,2.7598330104555244,0.6189746020891428,0.28912449305573473
A89 - Site 3.tif,14,3655,184.1359781121751,118.06469893742621,62.2692,8470,2.9570956119976515,1.0610587443573758,0.5596192576086625
A89 - Site 3.tif,15,15728,224.65113173957275,129.02745735174653,57.8214,12310,3.8852592932844963,1.6537765320675122,0.7411110498731434
A89 - Site 3.tif,16,3120,218.2022435897436,112.55778794509648,45.9606,5027,4.747593450526487,2.2985873905401855,0.9385797070460612
A89 - Site 3.tif,17,4878,219.08077080770806,106.88741721854305,45.9606,6946,4.766708240537351,2.4410767823908794,1.0496404207174077
A89 - Site 3.tif,18,1240,184.93145161290323,106.04611714815796,51.891,3773,3.5638444350131,1.520212261269645,0.7438776315317147
A89 - Site 3.tif,19,1757,220.82697780307342,164.65470961444606,81.54299999999999,4098,2.7081046536918243,0.6888668332258894,0.3411519070225704
A89 - Site 3.tif,20,358,175.8854748603352,128.27225493591965,47.4432,2887,3.7072852342013682,1.0035836519117536,0.37118876521262967
A89 - Site 4.tif,1,1287,165.61926961926963,117.52333860759494,44.477999999999994,5056,3.7236222308114892,1.0813420342834947,0.4092457853684055
A89 - Site 4.tif,2,5694,229.10361784334387,144.1816753103882,69.6822,6363,3.2878355994854576,1.21870352142683,0.5889926188210076
A89 - Site 4.tif,3,7411,209.19579004182972,135.7814190264079,74.13,18858,2.8220125457117176,0.9903462971201724,0.5406805403597733
A89 - Site 4.tif,4,3250,192.52892307692306,98.54130478691174,47.4432,4951,4.058093109999792,1.981055625889501,0.9537890581387642
A89 - Site 4.tif,5,3219,196.64554209381797,97.85501029512697,41.5128,5828,4.736985750092697,2.3797607430694483,1.0095602819993266
A89 - Site 4.tif,6,2337,137.6563970902867,92.56061103810775,45.2193,6088,3.0441956655641453,0.9972685566164506,0.4872027695316394
A89 - Site 4.tif,7,1848,162.4805194805195,107.05428384565076,45.9606,4587,3.535213192281375,1.2059510890373324,0.5177395395928671
A89 - Site 4.tif,8,1167,189.35218508997428,99.91723549488054,37.8063,3516,5.008482317494424,2.3656096886349007,0.8950903129292965
A89 - Site 5.tif,1,1491,179.89268947015427,107.29929723026044,40.0302,4838,4.493924322766687,1.8134656389865444,0.676550491074937
A89 - Site 5.tif,2,1529,168.892740353172,102.04477611940298,42.9954,4087,3.9281583684275625,1.5547701432762882,0.6550846282322097
A89 - Site 5.tif,3,1620,176.24012345679012,158.55518697225574,53.373599999999996,6632,3.30200929717632,0.3313423955142796,0.1115380507010063
A89 - Site 5.tif,4,1090,161.50366972477065,109.1746835443038,42.9954,3950,3.7563011319166155,1.2170833663204903,0.47931429225932454
A89 - Site 5.tif,5,3356,132.9362336114422,105.0982360321795,42.9954,13549,3.0918710741270807,0.6474645560406008,0.26487597344726466
A89 - Site 5.tif,6,1633,120.21494182486222,87.85851239669421,38.547599999999996,6050,3.1186102842635113,0.8393889482036269,0.36827882173091153
A89 - Site 5.tif,7,12200,192.60352459016394,105.96736751974122,44.477999999999994,10511,4.330309918316041,1.9478429122475,0.8175739295034113
A89 - Site 5.tif,8,527,178.52941176470588,118.2625065824118,40.0302,3798,4.459868092592773,1.505535949539066,0.509602805815728
A89 - Site 5.tif,9,1,141.0,115.03117206982543,31.875899999999998,802,4.42340451424951,0.8146853240858366,0.22575470162256198
A89 - Site 5.tif,10,5983,185.70817315727896,104.63229881900577,38.547599999999996,18205,4.817632566206525,2.1032664632101747,0.7748646951814621
A89 - Site 5.tif,11,2680,174.23694029850745,115.41894997348417,40.0302,5657,4.352637265239271,1.469340405751904,0.5096042749777209
A89 - Site 5.tif,12,15269,162.6870783941319,116.42363313643902,50.4084,34367,3.2273803247446478,0.9177725388727901,0.3973715989390416
A89 - Site 5.tif,13,282,125.64893617021276,111.16999636759898,48.925799999999995,2753,2.5681529202288207,0.29593670005711536,0.13024143450931444
A89 - Site 5.tif,14,5250,179.55523809523808,92.99616858237547,40.0302,13572,4.485494402985324,2.162344167434566,0.9307810291870388
A89 - Site 5.tif,15,730,198.02328767123288,124.35944820406039,40.0302,3842,4.946847320816893,1.8402066302134494,0.5923461427745695
A91 - Site 1.tif,1,3857,207.3562354161265,109.8938847066103,40.0302,9697,5.1799949878923055,2.434720553111626,0.8868769264172253
A91 - Site 11.tif,1,14267,192.79154692647367,99.50367773424074,41.5128,14547,4.644147031277876,2.247207347366616,0.9375318712542002
A91 - Site 11.tif,2,5347,184.82363942397606,97.13506532968702,41.5128,6582,4.452208460509866,2.112326175858188,0.9027489072832448
A91 - Site 11.tif,3,10554,194.37909797233277,95.07456452186278,48.925799999999995,11252,3.9729365269980956,2.0296966719026166,1.0444910680310253
A91 - Site 7.tif,1,1916,209.4159707724426,137.98059936908518,62.2692,6340,3.363074694051182,1.1472023310382242,0.5177204021784053
A91 - Site 7.tif,2,1453,155.45147969717826,99.7046903460838,42.9954,4392,3.6155374682180628,1.296575664795041,0.5591190259154434
A91 - Site 7.tif,3,2445,177.32229038854805,109.10773768216517,42.9954,5764,4.124215389258058,1.5865546707442504,0.6252036212027633
A91 - Site 7.tif,4,17985,196.832693911593,110.52933166912516,45.9606,17626,4.282639779915114,1.8777683977948538,0.7808186381965369
A91 - Site 7.tif,5,1258,170.7535771065183,112.99798136645963,40.0302,6440,4.265618884338877,1.4428005787038451,0.5111205973462694
A94 - Site 12.tif,1,54877,146.38959855677243,111.31584534283299,45.9606,55581,3.1851106931789688,0.7631265302521764,0.3150832040377333
A94 - Site 14.tif,1,49433,128.3381344446018,97.64589337901845,37.065,49615,3.46251542991978,0.8280653192311532,0.3143218828804847
A94 - Site 17.tif,1,20003,244.35379693046042,173.55951321922927,77.09519999999999,28103,3.1695072702161147,0.9182709650153116,0.4078963025076555
A94 - Site 17.tif,2,13999,207.15501107221945,112.14729800629591,48.925799999999995,7624,4.234064870270467,1.941873470571862,0.8471689888785208
A94 - Site 17.tif,3,1052,127.9477186311787,123.05424710424711,63.751799999999996,5180,2.0069663697512703,0.07675817037580131,0.03976678287575358
A94 - Site 17.tif,4,3621,155.6072908036454,101.04550946435764,38.547599999999996,4966,4.036756912577641,1.4154391278609664,0.539972351301113
A94 - Site 17.tif,5,593,147.99662731871837,129.13070196171117,38.547599999999996,4231,3.839321443626196,0.48941893534520986,0.146099456356554
A94 - Site 17.tif,6,1066,189.93808630393997,105.06951707167026,54.856199999999994,3251,3.4624725421978786,1.5471098839656887,0.8077373113488434
A94 - Site 17.tif,7,3161,195.91901297057893,100.82276630732687,48.925799999999995,5473,4.004411025073373,1.94368301885335,0.9432021173070048
A94 - Site 17.tif,8,2448,236.81658496732027,153.8912579957356,57.8214,4690,4.095656364708632,1.434163250236816,0.5388566449206231
A94 - Site 23.tif,1,20451,141.80465502909394,110.61514298535471,42.9954,24513,3.298135498125674,0.7254150917652837,0.28196421574077823
A94 - Site 4.tif,1,97596,195.00426246977335,152.20624611218852,51.891,54658,3.757959230544676,0.8247676157587472,0.2811843629809208
A94 - Site 5.tif,1,61747,223.39509611803004,168.29571192838898,71.1648,44239,3.1391235004754994,0.7742505309071136,0.32739624530547917
A94 - Site 9.tif,1,27030,118.40603033666297,87.998914993949,29.651999999999997,47926,3.9931886650725446,1.025465915704145,0.34553966195321195
A97 - Site 3.tif,1,17598,143.05171042163883,117.66361126840317,22.238999999999997,28256,6.432470450888715,1.1416025514555346,0.21576848506854873
a_E200175-12116-L_11.tif,1,30669,212.8272848804982,107.23300970873787,32.6172,16686,6.525001680562655,3.237380128870245,0.9847180028679997
a_E200175-12116-L_11.tif,2,24922,245.14918545863094,110.95130026902117,50.4084,14497,4.863260595654659,2.6622127495216596,1.2095206171728308
a_E200175-12116-L_11.tif,3,12836,177.2563882829542,106.48104498133962,34.099799999999995,15273,5.19816503999943,2.075535436596673,0.6646755139130247
a_E200175-12116-L_11.tif,4,16282,138.5738852720796,99.91304112260931,34.099799999999995,18457,4.063774134494685,1.1337557445537136,0.3869449244184028
a_E200175-12116-L_13.tif,1,4302,230.49046954904696,110.2098599940423,35.5824,6714,6.477653825606772,3.380339986094284,1.0913779361537432
a_E200175-12116-L_14.tif,1,1453,204.41087405368205,100.79490581055983,25.2042,3769,8.11019091947295,4.111059593322209,1.0279881448332777
a_E200175-12116-L_14.tif,2,69836,190.2171659316112,79.8031085159798,37.065,35451,5.131988827203327,2.9789304569227597,1.383580908752273
a_E200175-12116-L_14.tif,3,268,180.96268656716418,114.73890564411892,31.1346,2321,5.812269517162305,2.1270156321833302,0.5771693615649188
a_E200175-12116-L_15.tif,1,9864,152.41271289537713,66.14674696751209,14.825999999999999,11789,10.280096640535287,5.818559683642213,1.3041603687206702
a_E200175-12116-L_18.tif,1,2471,186.77377579927156,64.28624970719137,31.1346,4269,5.998913611842851,3.9341287844629096,1.9053456474896013
a_E200175-12116-L_18.tif,2,7228,188.92307692307693,58.52635523357482,44.477999999999994,8006,4.247562320261732,2.9317127941945453,2.228000037706387
a_E200175-12116-L_18.tif,3,32861,122.60749825020541,61.3348809835208,25.2042,15292,4.864566151735018,2.431047890525156,0.998984856156438
a_E200175-12116-L_18.tif,4,8856,222.8818879855465,81.33436241610738,29.651999999999997,7450,7.516588692512499,4.773624899558306,1.740316409291776
a_E200175-12116-L_18.tif,5,15173,160.19844460554933,55.1087466016687,48.925799999999995,10667,3.2743142589964025,2.1479403092519944,1.9069513364985329
a_E200175-12116-L_19.tif,1,2443,170.8444535407286,71.94429198682766,26.686799999999998,3644,6.401833620992786,3.705958058547348,1.3746769730983228
a_E200175-12116-L_2.tif,1,20249,211.35903007555928,93.83030865961703,41.5128,13996,5.0914183101271195,2.8311441624662947,1.2525667141282564
a_E200175-12116-L_2.tif,2,30618,217.46358351296624,126.98909172864548,41.5128,22185,5.2384706273867705,2.1794360236487638,0.7124587674863058
a_E200175-12116-L_21.tif,1,2264,157.33789752650176,72.198772520293,22.238999999999997,5051,7.074863863292106,3.8283702040525682,1.1792323057914353
a_E200175-12116-L_21.tif,2,27407,115.19389207136862,52.44988116874039,20.7564,21459,5.54980112234639,3.0228753961380335,1.1962660256332551
a_E200175-12116-L_21.tif,3,4256,134.29229323308272,72.27375618957792,23.7216,8482,5.661181926028215,2.6144331334041744,0.8581059059978259
a_E200175-12116-L_21.tif,4,5898,156.67819599864362,92.76133434420015,41.5128,6595,3.7742141209675446,1.5396904482243203,0.6890463801478226
a_E200175-12116-L_22.tif,1,7811,127.49801561899885,67.66439290586631,20.7564,8063,6.142588096084724,2.882658971898111,0.8842704432082836
a_E200175-12116-L_22.tif,2,1,44.0,57.15496368038741,20.7564,826,2.119828100190867,-0.6337786742426251,-0.2301631009976457
a_E200175-12116-L_22.tif,3,1973,109.21895590471364,63.45857052498419,23.7216,6324,4.604198530397261,1.9290598172315043,0.7211064635391073
a_E200175-12116-L_22.tif,4,1613,111.17420954742715,53.547164811870694,16.3086,3774,6.816906998715898,3.5335371951130745,1.0761922676440077
a_E200175-12116-L_22.tif,5,7475,114.68401337792642,62.001790140457175,53.373599999999996,7262,2.1487029796835775,0.987046465436073,0.8496887446253967
a_E200175-12116-L_22.tif,6,1517,137.98879367172052,117.9763170613823,87.4734,4138,1.5774943429196258,0.2287835685825677,0.16963130488494177
a_E200175-12116-L_22.tif,7,1867,157.79378682378146,71.01287262872629,31.1346,4428,5.068116718156016,2.7872821287950496,1.2220448345548258
a_E200175-12116-L_22.tif,8,8732,130.8431058176821,63.313109048723895,28.1694,8620,4.64486662020609,2.39728204168301,1.066603706134903
a_E200175-12116-L_22.tif,9,307,112.53420195439739,79.16948453608248,10.3782,2425,10.843325610025257,3.214884795645301,0.42143406148986845
a_E200175-12116-L_22.tif,10,6613,151.8760018146076,59.0164296562198,26.686799999999998,7243,5.691053320656545,3.4796068514618366,1.5734528958050364
a_E200175-12116-L_22.tif,11,4541,138.60251046025104,44.31299270072993,28.1694,6850,4.920321711184754,3.347232022196028,2.127807489217263
a_E200175-12116-L_22.tif,12,4869,122.07044567673033,53.90736487521053,26.686799999999998,6531,4.574188199071767,2.5541871178252142,1.264448391173732
a_E200175-12116-L_22.tif,13,406,47.8128078817734,30.484202792064657,11.8608,2722,4.031162134212008,1.4609979997216684,0.5684454076829295
a_E200175-12116-L_22.tif,14,452,38.02212389380531,25.115357643758767,22.238999999999997,2852,1.7097047473676092,0.5803663044310841,0.5138993610196474
a_E200175-12116-L_22.tif,15,1808,57.53429203539823,35.95621074668527,11.8608,5732,4.850793537273227,1.8192770530251068,0.6001211149509403
a_E200175-12116-L_22.tif,16,2805,77.14830659536541,28.902114916713458,26.686799999999998,5343,2.890878882685696,1.8078672474996358,1.669296236659113
a_E200175-12116-L_22.tif,17,31803,124.8663333647769,53.80033488938502,32.6172,19708,3.8282358181111364,2.1787890577242686,1.3209211170952067
a_E200175-12116-L_22.tif,18,14078,103.41774399772694,37.033961187214615,16.3086,14016,6.341301149964678,4.070477096121529,1.7925109997551427
a_E200175-12116-L_22.tif,19,16385,94.28410131217576,31.75149788822316,25.2042,10181,3.740809122081545,2.4810390093374206,1.969437902564338
a_E200175-12116-L_23.tif,1,34047,94.0239374981643,62.285242436253135,31.1346,15138,3.0199179519879853,1.0194026919156547,0.5095700653216363
a_E200175-12116-L_23.tif,2,309,72.02912621359224,47.637495792662406,10.3782,2971,6.940425713918404,2.35027561594757,0.512025873945427
a_E200175-12116-L_23.tif,3,2306,102.65481352992194,32.10437710437711,7.412999999999999,4455,13.847944609664442,9.517123476375772,2.1975332576675553
a_E200175-12116-L_23.tif,4,1312,49.49314024390244,26.15222043873729,14.825999999999999,3738,3.3382665729475094,1.5743234715649475,0.8925024110636126
a_E200175-12116-L_23.tif,5,2211,45.52464947987336,11.53956043956044,8.8956,5460,5.117659228011237,3.8204380819853117,2.9450938958084376
a_E200175-12116-L_23.tif,6,475,68.42105263157895,43.176040673657454,38.547599999999996,3147,1.7749756823726819,0.6549048955414201,0.5846995592506232
a_E200175-12116-L_23.tif,7,150,59.21333333333333,28.56677999028655,22.238999999999997,2059,2.6625897435454577,1.3780544686931175,1.0728039121923918
a_E200175-12116-L_23.tif,8,1782,82.82996632996633,32.16506646971935,22.238999999999997,5416,3.724536458146543,2.278200451345158,1.57515296578641
a_E200175-12116-L_23.tif,9,695,148.37122302158272,78.79654859218891,45.9606,3303,3.228226415436275,1.5137895156776873,0.882966013913217
a_E200175-12116-L_23.tif,10,1856,98.27209051724138,60.334920634920636,17.7912,5670,5.52363474425587,2.1323558759947154,0.6287763284812495
a_E200175-12116-L_23.tif,11,745,126.1489932885906,74.99737685805887,29.651999999999997,3431,4.254316513086721,1.7250646301524717,0.6820454070083222
a_E200175-12116-L_23.tif,12,1766,105.54020385050963,47.31924131627056,32.6172,4376,3.235722374028194,1.7849773284153543,1.2303866440461317
a_E200175-12116-L_23.tif,13,786,54.06997455470738,22.30054644808743,10.3782,4209,5.209956881020583,3.0611693815891248,1.4246031220054953
a_E200175-12116-L_23.tif,14,10547,176.73243576372428,92.61303127117823,26.686799999999998,10329,6.622466376541947,3.152097833424205,0.9082890747540154
a_E200175-12116-L_23.tif,15,425,84.98588235294118,54.05055179779281,22.238999999999997,2809,3.8214794871498894,1.3910396394279407,0.5723406981145422
a_E200175-12116-L_23.tif,16,837,128.5830346475508,93.96100673520029,56.3388,2821,2.2823175968378386,0.6145325762388474,0.3684722962391957
a_E200175-12116-L_24.tif,1,562,81.355871886121,54.97374847374847,13.343399999999999,3276,6.097087086136226,1.9771664937422888,0.4799040294691146
a_E200175-12116-L_24.tif,2,587,122.20954003407155,86.42822822822824,38.547599999999996,3330,3.1703540558262517,0.9282370834127404,0.4140002929044983
a_E200175-12116-L_24.tif,3,681,107.4640234948605,58.60452364633311,22.238999999999997,2918,4.832232719391078,2.197018743044076,0.8337155018108808
a_E200175-12116-L_24.tif,4,7438,143.99663888141973,73.77990373044524,21.4977,8310,6.698234639725989,3.266244068821876,0.9517054318475958
a_E200175-12116-L_24.tif,5,517,194.5493230174081,123.55219960604072,16.3086,3046,11.929247323382489,4.353354878274889,0.5746326138425939
a_E200175-12116-L_24.tif,6,121766,135.813593285482,62.91927098376755,28.1694,34622,4.821316507886886,2.587712989124274,1.158537299469585
a_E200175-12116-L_24.tif,7,7205,162.39347675225537,72.86492345210677,23.7216,7381,6.8458062139062,3.7741363678001165,1.2286920653489428
a_E200175-12116-L_24.tif,8,10056,169.02814240254574,102.2447216890595,38.547599999999996,8336,4.384920004324434,1.7324923132999543,0.6531723066355664
a_E200175-12116-L_25.tif,1,14226,110.08435259384225,67.48088320743754,28.1694,8605,3.9079409769026974,1.5124024427669984,0.6313413126074152
a_E200175-12116-L_25.tif,2,17974,190.28702570379437,79.18223257698541,23.7216,9872,8.021677526961824,4.683697266625017,1.4031530748360135
a_E200175-12116-L_25.tif,3,11863,180.85374694428054,95.8962023160763,56.3388,11744,3.2101100291837854,1.5079757576150803,0.8859323160610961
a_E200175-12116-L_25.tif,4,2312,127.3659169550173,83.79658302189002,29.651999999999997,5619,4.29535670147254,1.4693556562266872,0.5199416534269224
a_E200175-12116-L_25.tif,5,86441,129.56505593410535,89.68142560254783,34.099799999999995,74102,3.7995840414345396,1.1696147871794371,0.44472565036897865
a_E200175-12116-L_25.tif,6,4855,210.91719876416064,115.3639300925246,23.7216,6809,8.891356345071458,4.0281122956021065,0.8282768156972228
a_E200175-12116-L_25.tif,7,845,176.42603550295857,93.69098432055749,29.651999999999997,4592,5.949886531885192,2.7902013744266516,0.8830631012531361
a_E200175-12116-L_25.tif,8,9677,125.75508938720678,80.1703029547438,32.6172,8021,3.855483896491788,1.3975689641810851,0.5685994033540029
a_E200175-12116-L_25.tif,9,1,29.0,50.44128113879004,26.686799999999998,843,1.086679556527317,-0.8034414441130306,-0.42507407921585594
a_E200175-12116-L_25.tif,10,1,52.0,53.66899766899767,20.7564,858,2.5052513911346614,-0.08040882177032532,-0.031097984705810874
a_E200175-12116-L_25.tif,11,720,73.87222222222222,50.44076770350761,20.7564,3022,3.5590093747775207,1.1288785390253524,0.4645340580817501
a_E200175-12116-L_25.tif,12,3329,185.91108440973267,115.57784162327168,45.9606,5569,4.045009951334024,1.5302942688119399,0.6085357002047872
a_E200175-12116-L_26.tif,1,2838,101.75123326286116,78.49546656592369,25.2042,5294,4.0370745043481016,0.9226941020826104,0.2962689147715766
a_E200175-12116-L_26.tif,2,30582,152.54734811326924,95.57064592492391,26.686799999999998,14785,5.716209813694679,2.1350143953937972,0.5961736643188745
a_E200175-12116-L_26.tif,3,3278,149.96705308114704,76.37185929648241,16.3086,5970,9.195581042467854,4.5126616472007415,0.9636428188729184
a_E200175-12116-L_26.tif,4,7319,135.6704467823473,74.21143674052895,31.1346,6995,4.357545840922056,1.9739778260224503,0.82816089719999
a_E200175-12116-L_26.tif,5,3082,155.73393900064892,103.29969050894086,34.099799999999995,5816,4.567004467914149,1.537670264234141,0.5075934712707955
a_E200175-12116-L_26.tif,6,13989,162.2151690614054,96.58692866296454,42.9954,14046,3.7728493983932445,1.5264014379021207,0.6794733127983883
a_E200175-12116-L_26.tif,7,33038,130.30813003208428,77.03291244048852,25.2042,14493,5.17009585626139,2.113743644728193,0.6915903332336997
a_E200175-12116-L_26.tif,8,1971,88.5687468290208,69.8104051296998,14.825999999999999,6862,5.973880127430325,1.2652328130762625,0.268704094493981
a_E200175-12116-L_3.tif,1,55809,200.80958268379652,83.52489197820778,50.4084,21292,3.983653173755961,2.3266894145087296,1.4041884750015272
a_E200175-12116-L_4.tif,1,15121,208.938165465247,68.35876119665124,31.1346,17081,6.710802945858915,4.515214720068465,2.0564943218268494
a_E200175-12116-L_6.tif,1,2209,236.38569488456315,106.23660922217047,38.547599999999996,4294,6.132306416566534,3.3763213696476426,1.2250869695771602
a_E200175-12116-L_6.tif,2,15882,196.74203500818535,91.8386075949367,50.4084,11692,3.9029613113916675,2.0810703651065685,1.1422584700381462
a_E200175-12116-L_7.tif,1,3755,136.61517976031956,100.57739437310067,29.651999999999997,10201,4.607283816074691,1.2153576613741168,0.3583089978444905
a_E200175-12116-L_7.tif,2,733,175.22373806275579,137.051540769021,25.2042,3667,6.952164242199084,1.5145173137250785,0.27852439364605786
a_E200175-12116-L_8.tif,1,13446,123.01487431206307,68.06863964188013,37.065,12063,3.3188958391710273,1.482429101722883,0.8072180515313895
a_E200175-12116-L_8.tif,2,2614,192.16526396327467,102.48943985307622,29.651999999999997,4356,6.480684739594895,3.024275734518943,0.8749762339417945
b_E200175-12116-L_1.tif,1,13834,136.97918172618188,46.21517319277108,26.686799999999998,10624,5.132844015575245,3.4010825014389123,1.9639439223819362
b_E200175-12116-L_1.tif,2,885,85.66553672316384,38.23355671382477,17.7912,4029,4.815051074408322,2.6660360168329684,1.2405850795404136
b_E200175-12116-L_1.tif,3,481,80.16008316008316,30.594776414721014,10.3782,2527,7.723890759750655,4.775905908308097,1.6200578182788312
b_E200175-12116-L_1.tif,4,1722,100.13066202090593,55.13493800145879,17.7912,4113,5.62810051961784,2.5291000041681357,0.8161018338334868
b_E200175-12116-L_1.tif,5,3245,118.16825885978429,70.2780891005884,17.7912,7138,6.641949884963622,2.6917897461822693,0.6814381319309456
b_E200175-12116-L_1.tif,6,1378,66.47387518142236,32.24419191919192,7.412999999999999,3960,8.967202899197401,4.617521005808071,1.0615767124013729
b_E200175-12116-L_1.tif,7,922,106.45010845986985,55.77302325581395,38.547599999999996,3225,2.761523633955282,1.3146625260952505,0.9086307723095656
b_E200175-12116-L_1.tif,8,2443,112.55382726156365,43.88636363636363,14.825999999999999,4224,7.591651638044459,4.631556966065321,1.5646651469810193
b_E200175-12116-L_1.tif,9,638,157.68025078369905,109.43653438352014,44.477999999999994,3301,3.545129069388187,1.084664696913806,0.4408373918960237
b_E200175-12116-L_1.tif,10,1483,102.3081591368847,38.536490683229815,13.343399999999999,3864,7.667323100574926,4.779266784017733,1.6548384999897887
b_E200175-12116-L_10.tif,1,119897,114.58708724988949,59.69784420414629,31.1346,29038,3.6803776895507156,1.7629660579584623,0.9194510081276331
b_E200175-12116-L_10.tif,2,15318,112.31159420289855,42.05292507350705,16.3086,9863,6.886648402317309,4.308074824712775,1.6707201458608312
b_E200175-12116-L_10.tif,3,5221,144.08255123539553,74.24303285069283,20.7564,6423,6.941596383090496,3.364722126720215,0.9406878422618762
b_E200175-12116-L_10.tif,4,11963,163.3814260636964,113.70474827412022,38.547599999999996,11878,4.238433158518613,1.2887100046874278,0.43689184963011735
b_E200175-12116-L_10.tif,5,13199,140.03507841503145,72.62524531668153,25.2042,11210,5.5560215503555455,2.674547617920999,0.9281873375453434
b_E200175-12116-L_10.tif,6,3181,123.84784658912292,70.4988470407379,47.4432,5204,2.610444627744724,1.1244814754725696,0.7567357734232142
b_E200175-12116-L_11.tif,1,7819,193.36091571812253,131.87120858609427,65.2344,10715,2.9640943380866784,0.9425963467526689,0.466286066432923
b_E200175-12116-L_11.tif,2,6229,139.56429603467652,91.92802547770701,44.477999999999994,6280,3.1378276002360326,1.0710074766459696,0.5181909467134114
b_E200175-12116-L_11.tif,3,2420,152.53719008264463,99.70948816508194,25.2042,4943,6.052054420379305,2.0959880455084,0.5298161978808019
b_E200175-12116-L_11.tif,4,78979,154.2132845439927,65.31495040151157,44.477999999999994,25404,3.4671811796690704,1.9987034966161723,1.3610717543592143
b_E200175-12116-L_12.tif,1,4138,122.3494441759304,61.18977970386421,42.9954,5538,2.8456403277437587,1.422469949293215,0.9995078386956311
b_E200175-12116-L_12.tif,2,3592,104.60913140311804,54.794236513793706,20.7564,5691,5.039849461020194,2.3999775907828216,0.9091265441337584
b_E200175-12116-L_12.tif,3,1208,126.52980132450331,71.85596446700508,19.273799999999998,3152,6.564860134423659,2.836692132798478,0.7608809826078479
b_E200175-12116-L_12.tif,4,1735,130.4,116.02620504973221,53.373599999999996,5228,2.443155417201921,0.26930532974307037,0.12388403932428822
b_E200175-12116-L_12.tif,5,1537,173.97852960312298,95.05603328710124,54.856199999999994,3605,3.17153812279027,1.438716066764278,0.8302734037864433
b_E200175-12116-L_12.tif,6,1642,90.3495736906212,74.85573241990731,28.1694,4963,3.207365923965279,0.5500238295886192,0.20698269548323317
b_E200175-12116-L_12.tif,7,2482,92.54149879129734,44.73342648657041,20.7564,6441,4.45845612662662,2.303293070170839,1.0687326245484963
b_E200175-12116-L_13.tif,1,4682,107.92396411789834,66.30037226617031,28.1694,8596,3.8312482367244547,1.4776172668552348,0.6278032901285591
b_E200175-12116-L_13.tif,2,10972,193.1716186656945,72.59389398005165,26.686799999999998,19751,7.238470651906928,4.518253392705769,1.6609898995384786
b_E200175-12116-L_13.tif,3,5256,204.6246194824962,88.91147766323024,44.477999999999994,7275,4.600580499044256,2.601581496318408,1.3014421180192044
b_E200175-12116-L_13.tif,4,573,114.83595113438045,80.00034770514604,28.1694,2876,4.076620414123632,1.2366469792351964,0.43544315023819796
b_E200175-12116-L_13.tif,5,1132,156.03886925795052,65.64119894210991,32.6172,3403,4.783944336427133,2.7714724221614944,1.3771483726522482
b_E200175-12116-L_13.tif,6,214,97.55607476635514,85.22577654149282,22.238999999999997,2157,4.386711395408428,0.554444814034708,0.14467803901337806
b_E200175-12116-L_13.tif,7,1703,168.17733411626543,79.90457831325301,20.7564,4150,8.10243269715563,4.252797005284368,1.1047271339810598
b_E200175-12116-L_13.tif,8,3985,92.3249686323714,59.4213058419244,14.825999999999999,7275,6.227233816949889,2.2193216490121257,0.5537351008818563
b_E200175-12116-L_13.tif,9,1939,185.99793708096956,89.19935691318328,42.9954,4665,4.325996200470507,2.2513706151186543,1.085193699895699
b_E200175-12116-L_13.tif,10,2417,146.51717004551097,87.94759653270292,25.2042,5076,5.8132045447734475,2.323802123835314,0.6659599103924304
b_E200175-12116-L_13.tif,11,25599,137.29743349349584,84.89501087457984,42.9954,15173,3.193305178264717,1.2187913731870874,0.6172615101040558
b_E200175-12116-L_13.tif,12,2229,224.67205024674743,127.57660662663999,34.099799999999995,4497,6.588661815637066,2.8473904126016443,0.761075609234943
b_E200175-12116-L_13.tif,13,11550,97.04848484848485,53.58559100943207,19.273799999999998,9966,5.0352543244265435,2.255024635334108,0.8110929265162263
b_E200175-12116-L_13.tif,14,4231,125.63720160718506,67.66455696202532,16.3086,5530,7.7037392253257595,3.554728462873114,0.856765302832434
b_E200175-12116-L_13.tif,15,2981,146.2569607514257,115.27137736815156,85.9908,5859,1.7008442849050978,0.3603360287341296,0.2688055273394098
b_E200175-12116-L_13.tif,16,627,80.03987240829346,41.61184422272289,11.8608,3107,6.748269285445398,3.2399187367775686,0.923487744754927
b_E200175-12116-L_13.tif,17,2194,119.82497721057429,80.37223219628964,51.891,6684,2.3091668533557383,0.7603003412283756,0.4908753176472958
b_E200175-12116-L_13.tif,18,429,182.6153846153846,106.59255319148936,90.4386,2820,2.0192194991429813,0.8406015950654836,0.7132095924205054
b_E200175-12116-L_13.tif,19,4430,134.58871331828442,57.35284552845528,40.0302,6765,3.3621793866796224,1.929439967088217,1.3466789147897156
b_E200175-12116-L_14.tif,1,650,165.35846153846154,120.68790767686905,71.9061,3986,2.299644418421596,0.6212345524980517,0.37013280549607785
b_E200175-12116-L_14.tif,2,2854,118.44043447792572,68.66980838943553,20.7564,9655,5.706212754661868,2.3978448124198675,0.7247817818128544
b_E200175-12116-L_14.tif,3,1953,142.2821300563236,68.73143106077107,34.099799999999995,4591,4.172520953630181,2.1569246439563665,1.0701173807921909
b_E200175-12116-L_14.tif,4,1078,88.96103896103897,44.88932990894233,38.547599999999996,4283,2.3078230275804654,1.143306173164181,0.9817858527110542
b_E200175-12116-L_14.tif,5,2019,81.34076275383853,35.19349516851285,19.273799999999998,4243,4.22027637059821,2.3943004265574346,1.3112442328121077
b_E200175-12116-L_14.tif,6,2929,155.03823830658928,96.23912678421495,37.065,5955,4.1828743630044665,1.5863782950630123,0.610968880132325
b_E200175-12116-L_14.tif,7,4964,133.30278001611603,88.29247872632446,42.9954,7286,3.1003963211206798,1.0468631825572723,0.509786359313909
b_E200175-12116-L_14.tif,8,1700,173.61529411764707,83.06140567200987,35.5824,4055,4.879246314718923,2.5449067072538147,1.0902041411664927
b_E200175-12116-L_15.tif,1,4790,112.98768267223382,53.313850967007966,37.065,7032,3.048365915061383,1.6099779222750863,1.1192932157716515
b_E200175-12116-L_15.tif,2,1141,127.70727432077125,64.91603650586701,19.273799999999998,3835,6.625952030970112,3.257854589252026,0.9672685084456224
b_E200175-12116-L_15.tif,3,1961,142.8159102498725,84.49351924587589,50.4084,5092,2.833176816196125,1.1569974645580228,0.6902587502288318
b_E200175-12116-L_15.tif,4,36181,153.23683701390232,68.57414259927798,25.2042,22160,6.07981356095826,3.35907088425872,1.234615427815347
b_E200175-12116-L_15.tif,5,17250,181.24498550724638,64.93032639885223,26.686799999999998,11152,6.7915593266832595,4.358509040604684,1.7913764729286266
b_E200175-12116-L_15.tif,6,283,62.56537102473498,37.869546621043625,8.8956,2338,7.033294095328256,2.776184223203551,0.6521288634453022
b_E200175-12116-L_15.tif,7,86395,155.54276289137104,55.27413268411443,37.065,24645,4.196486249815356,2.70521058087696,1.814024487044248
b_E200175-12116-L_15.tif,8,15644,196.50121452313985,104.38166666666666,37.065,11400,5.301530135441105,2.4853513511835876,0.8825261254145645
b_E200175-12116-L_15.tif,9,90935,191.36494199153242,72.3581806470083,87.4734,27944,2.187692966886568,1.3604908615752815,1.6446897954584996
b_E200175-12116-L_15.tif,10,1353,120.69475240206947,67.80491962981003,11.8608,4106,10.175936892984462,4.4592129306343,0.780029429327816
b_E200175-12116-L_15.tif,11,1463,114.08885850991115,62.82957451755406,20.7564,4301,5.496562913363855,2.4695652409696014,0.8158464286572116
b_E200175-12116-L_15.tif,12,1808,183.06526548672565,96.0820618556701,31.1346,4850,5.879801424393685,2.793779383808295,0.9053011763284656
b_E200175-12116-L_16.tif,1,1963,132.03413143148242,80.71339304311601,37.065,4801,3.5622320624810495,1.3846145521251927,0.6358391890995484
b_E200175-12116-L_16.tif,2,1404,127.18945868945869,52.47314507198228,20.7564,3612,6.127722467681364,3.599675935204546,1.4238962330300984
b_E200175-12116-L_16.tif,3,12896,188.7987748138958,60.606106597625214,35.5824,11201,5.305959540695293,3.6026987550093192,2.1151774200941973
b_E200175-12116-L_16.tif,4,40616,148.20784912349814,53.65684210526316,34.099799999999995,17100,4.346296725495023,2.7727730658393086,1.762142595256069
b_E200175-12116-L_16.tif,5,964,100.25414937759336,59.09803386127799,34.099799999999995,3662,2.9400216232409915,1.2069312871115392,0.6964041410575167
b_E200175-12116-L_16.tif,6,8141,174.11202554968676,69.15848181949877,32.6172,6903,5.33804328686418,3.217736154483237,1.517580215091148
b_E200175-12116-L_16.tif,7,1301,100.3989239046887,55.13650179607627,28.1694,3619,3.5641129690035136,1.606793971207924,0.8209157386844649
b_E200175-12116-L_16.tif,8,12548,198.38014026139624,67.06529675602378,31.1346,9587,6.371693877476483,4.217649928478155,1.9580147980780782
b_E200175-12116-L_16.tif,9,5854,119.65527844209088,64.26019057702489,34.099799999999995,7556,3.5089730264400716,1.6244989075836518,0.8620436285517508
b_E200175-12116-L_16.tif,10,312,83.11858974358974,51.91136079900125,14.825999999999999,2403,5.606272068496359,2.1048987537798123,0.6011637618094816
b_E200175-12116-L_16.tif,11,3334,109.14037192561487,64.00279818118223,37.065,5718,2.9445668931922087,1.2177950555039712,0.7052437552746144
b_E200175-12116-L_16.tif,12,1211,96.68373245251858,58.110203128648145,31.1346,4283,3.105346862380282,1.2389280514758871,0.6637995952593017
b_E200175-12116-L_16.tif,13,5282,155.13915183642558,67.62354506152312,28.1694,6014,5.507364437345202,3.1067614767739054,1.2941588123240242
b_E200175-12116-L_16.tif,14,678,179.94542772861357,101.4,81.54299999999999,3180,2.2067550581477997,0.9632393671925387,0.7746097408369572
b_E200175-12116-L_16.tif,15,1019,128.14720314033366,80.2984180249281,25.2042,4172,5.084359078625391,1.8984449058657331,0.5958870210194224
b_E200175-12116-L_16.tif,16,5389,192.41269252180368,74.84292178409825,14.825999999999999,6188,12.978058302443214,7.929972390287718,1.5708869712643476
b_E200175-12116-L_16.tif,17,2104,181.69391634980988,80.93603909902252,22.238999999999997,4706,8.17005783839693,4.530683807971605,1.2449074399979523
b_E200175-12116-L_17.tif,1,5187,146.0921534605745,73.0167091024825,45.9606,6284,3.178638952250147,1.5899584501114525,1.000804408283028
b_E200175-12116-L_17.tif,2,7188,149.84821925431274,55.8409886264217,23.7216,9144,6.316952448028093,3.962938022235501,1.6834807714449347
b_E200175-12116-L_17.tif,3,480,165.08125,90.65033112582782,38.547599999999996,3020,4.282529909960016,1.930883345652216,0.8210771868295448
b_E200175-12116-L_17.tif,4,4749,145.927774268267,74.07209677419355,26.686799999999998,6200,5.468163069891683,2.6925550259734363,0.970077540850807
b_E200175-12116-L_17.tif,5,23418,131.86356648731746,56.72928389732522,35.5824,12973,3.705864878430314,2.1115574713587804,1.3244355897869964
b_E200175-12116-L_17.tif,6,125426,138.65133225965909,52.51176985443155,28.1694,43416,4.922054861318968,3.0579125708977974,1.6403858149822812
b_E200175-12116-L_17.tif,7,1970,107.73350253807106,56.45560848852317,42.9954,4618,2.5056983424509154,1.1926367480619213,0.9082869782705342
b_E200175-12116-L_17.tif,8,4514,161.92046964997786,65.34328932188181,28.1694,7801,5.748097921592113,3.428442930762161,1.4779969192792815
b_E200175-12116-L_17.tif,9,7158,192.06901369097514,86.82311921684324,40.0302,7457,4.798102773480875,2.629162343626569,1.2121874382231694
b_E200175-12116-L_17.tif,10,3273,120.60647723800794,102.56417533900978,74.13,6342,1.6269590883817397,0.24338731817839324,0.1759123186785546
b_E200175-12116-L_17.tif,11,13659,160.33721355882568,63.87743098377763,34.099799999999995,10541,4.701998648432123,2.8287492169092068,1.5100761109889391
b_E200175-12116-L_18.tif,1,3919,155.19469252360295,60.42012873025161,22.238999999999997,5127,6.978492398660823,4.261637832219748,1.5685925496913575
b_E200175-12116-L_18.tif,2,25989,171.52880064642733,79.68482931487229,40.0302,16756,4.284984851526534,2.2943670356034036,1.1525904254260289
b_E200175-12116-L_18.tif,3,1,69.0,55.64987714987715,10.3782,814,6.648551765577314,1.2863620702298308,0.2398949203745614
b_E200175-12116-L_18.tif,4,467,124.98715203426124,57.895502645502646,16.3086,3024,7.663879913519398,4.113881593001225,1.158840433392142
b_E200175-12116-L_18.tif,5,695,115.93669064748201,72.62778152393797,16.3086,2966,7.1089296798249215,2.6555871808118523,0.5963132593180804
b_E200175-12116-L_18.tif,6,2936,172.94822888283377,58.19598207833502,32.6172,6919,5.302362827888665,3.5181513670492026,1.9718242168388467
b_E200175-12116-L_18.tif,7,9687,145.93341591824094,76.42560336721444,22.238999999999997,22333,6.562049366096518,3.1254918170678354,0.9094833338502578
b_E200175-12116-L_18.tif,8,2238,150.17828418230562,81.02374927000194,19.273799999999998,5137,7.791835761727696,3.5880072884653575,0.8535094404644171
b_E200175-12116-L_18.tif,9,646,135.79102167182663,103.19430844553244,54.856199999999994,3268,2.4753997113739676,0.5942211312550263,0.31587704510215764
b_E200175-12116-L_19.tif,1,1224,138.0702614379085,59.94648448619414,25.2042,3513,5.4780656153787,3.099633272260894,1.3032253285290525
b_E200175-12116-L_19.tif,2,994,69.62776659959759,23.886693782684485,19.273799999999998,3442,3.6125603961581003,2.373225455965137,1.9149185405860445
b_E200175-12116-L_19.tif,3,1162,67.79518072289157,40.49164624638004,11.8608,4489,5.715902862010365,2.3019977112413623,0.6743004298623562
b_E200175-12116-L_19.tif,4,934,98.19379014989293,42.009132420091326,32.6172,3285,3.0104910942627825,1.722546929613092,1.3374391347714738
b_E200175-12116-L_19.tif,5,5536,85.94020953757226,60.496726552984164,16.3086,13136,5.269625196821065,1.5601267410437945,0.4205761936242691
b_E200175-12116-L_19.tif,6,1961,121.36053034166241,64.78888888888889,21.4977,4500,5.64527974086575,2.6315206476254818,0.8731688784022921
b_E200175-12116-L_19.tif,7,2530,158.33715415019762,68.04232693911592,29.651999999999997,4796,5.339847366005637,3.0451513280935583,1.327039083754541
b_E200175-12116-L_19.tif,8,6066,149.2274975272008,64.62531752751906,19.273799999999998,7086,7.742505237668532,4.389491431673402,1.309118209756801
b_E200175-12116-L_2.tif,1,691,130.64833574529666,77.6704318936877,38.547599999999996,3010,3.389272891474539,1.3743502536569192,0.682085866566343
b_E200175-12116-L_2.tif,2,10161,106.39366204113769,43.69332669322709,20.7564,10040,5.1258244199321386,3.0207711991339,1.4350094185728295
b_E200175-12116-L_2.tif,3,1,35.0,30.679951690821255,5.9304,828,5.901794135468444,0.7284581650300423,0.1408101404886861
b_E200175-12116-L_2.tif,4,2211,147.0275893260968,84.9645933014354,26.686799999999998,4180,5.509375019522875,2.3256065171322655,0.7304571658122483
b_E200175-12116-L_2.tif,5,24438,66.08924625583109,63.03435410066878,20.7564,14205,3.1840418484896547,0.14717832349012946,0.048463924129354345
b_E200175-12116-L_2.tif,6,8827,198.3735130848533,98.86499944671904,19.273799999999998,9037,10.29239241778629,5.1628902233345455,1.0065090192176347
b_E200175-12116-L_2.tif,7,1218,191.33825944170772,142.95364376696597,54.856199999999994,4789,3.487996970384893,0.8820263829051501,0.338463675331219
b_E200175-12116-L_2.tif,8,1967,158.6832740213523,107.31397496408783,37.065,4873,4.2812160792807274,1.385924701022669,0.4786822878350016
b_E200175-12116-L_2.tif,9,1295,201.08262548262547,167.5268470790378,31.1346,4656,6.458493939798184,1.0777648787140361,0.20030090094009426
b_E200175-12116-L_2.tif,10,701,99.67047075606277,85.75089149261335,26.686799999999998,3926,3.734822860691973,0.5215904214155881,0.1623257673423163
b_E200175-12116-L_2.tif,11,6275,106.12430278884462,67.0232895030087,16.3086,8974,6.507260140280099,2.397570193754229,0.5833944225946522
b_E200175-12116-L_2.tif,12,3028,87.58322324966974,59.86624119133094,22.238999999999997,7521,3.938271649367644,1.2463232180347845,0.46298183253440334
b_E200175-12116-L_2.tif,13,6267,109.10132439763842,81.60657824933686,31.1346,9425,3.5041826252014348,0.8830929621537014,0.3369182575077004
b_E200175-12116-L_2.tif,14,4463,98.14093658973785,93.51311874492832,44.477999999999994,7394,2.2065051613757993,0.10404734573877096,0.04948843441889412
b_E200175-12116-L_2.tif,15,1494,80.63319946452476,59.721460223675884,13.343399999999999,4739,6.042927545010679,1.567197207996231,0.35015451998370795
b_E200175-12116-L_2.tif,16,520,93.00384615384615,57.91459968602826,22.238999999999997,3185,4.182015653222987,1.5778248325931763,0.605879116008537
b_E200175-12116-L_2.tif,17,1522,117.14060446780552,56.113245931283906,35.5824,4424,3.2920939687846964,1.7150995581908643,1.0875749123545582
b_E200175-12116-L_2.tif,18,6756,122.42924807578449,62.70922776693616,22.238999999999997,7174,5.505159765310172,2.68537345573068,0.9523322551711084
b_E200175-12116-L_20.tif,1,6784,160.46432783018867,56.02826117221217,26.686799999999998,7183,6.012872572584946,3.913397882805077,1.8639890736272362
b_E200175-12116-L_20.tif,2,83229,124.60672361796969,55.627868974225656,29.651999999999997,40389,4.202304181031521,2.3262800020397014,1.2400053409075278
b_E200175-12116-L_20.tif,3,8476,99.5363378952336,35.61659480247057,19.273799999999998,8581,5.1643338544340125,3.316405849370595,1.7946618263007716
b_E200175-12116-L_20.tif,4,2069,160.16723054615755,81.79602402153655,22.238999999999997,4829,7.202087795050888,3.5240436390746246,0.9581297801761721
b_E200175-12116-L_20.tif,5,9950,132.34371859296482,74.03527621945422,32.6172,10517,4.057482510834467,1.787659344015857,0.7875764816868902
b_E200175-12116-L_21.tif,1,703,138.98293029871977,84.35122442133512,16.3086,2981,8.522063832180514,3.3498709787404155,0.6476693876786198
b_E200175-12116-L_21.tif,2,686,135.38192419825072,110.73726009265387,19.273799999999998,3022,7.024142832654136,1.278661400077319,0.22255078446722582
b_E200175-12116-L_21.tif,3,1962,149.67533129459736,64.25075528700906,17.7912,4634,8.412885651921652,4.801507259744886,1.3295497556830265
b_E200175-12116-L_21.tif,4,746,127.06434316353888,87.16477272727273,19.273799999999998,3168,6.592594252177202,2.0701455040295476,0.45774880359671494
b_E200175-12116-L_21.tif,5,4488,137.08444741532978,74.88904805313192,22.238999999999997,7679,6.164146200534571,2.796681475526375,0.83050060016475
b_E200175-12116-L_21.tif,6,41814,143.51851054670684,89.54755717255718,25.2042,46176,5.694229949364175,2.1413476068566424,0.60270715441317
b_E200175-12116-L_21.tif,7,827,142.24425634824667,78.34708502808445,22.238999999999997,5163,6.396162430158058,2.8732034395175226,0.815565394540229
b_E200175-12116-L_21.tif,8,4366,218.75263398992212,108.67943201376936,38.547599999999996,6972,5.6748703922727595,2.855513753063683,1.0128245973173524
b_E200175-12116-L_21.tif,9,614,158.55537459283389,90.6185210780926,17.7912,2894,8.912011247342155,3.818564991487681,0.7497016360341847
b_E200175-12116-L_22.tif,1,8454,157.82103146439556,76.68303898003971,32.6172,9569,4.838583060962,2.487583007109133,1.05809568260453
b_E200175-12116-L_22.tif,2,3049,182.8776648081338,97.79666452854394,35.5824,4677,5.13955395804494,2.391097853311718,0.869978548665711
b_E200175-12116-L_22.tif,3,5274,141.68354190367842,84.709108506291,23.7216,9299,5.972764983978769,2.40179555229704,0.6725892220484208
b_E200175-12116-L_22.tif,4,69693,113.03714863759632,89.71672025723473,29.651999999999997,37320,3.8121256103964343,0.7864706722142482,0.2599340269115745
b_E200175-12116-L_22.tif,5,6583,185.46058028254595,105.74199070677427,45.9606,8178,4.035207987758947,1.734498452118264,0.7538971891430979
b_E200175-12116-L_22.tif,6,3212,189.62702366127024,133.20802098950526,50.4084,5336,3.761813975917746,1.1192381162776959,0.4235405814787574
b_E200175-12116-L_22.tif,7,3013,208.78426817125788,83.9842590917315,42.9954,5527,4.855967571477373,2.902636306453714,1.4859928564512797
b_E200175-12116-L_22.tif,8,5193,167.82245330252263,79.94423416603583,34.099799999999995,7926,4.921508432697775,2.577088989105975,1.0992439922931838
b_E200175-12116-L_22.tif,9,1633,130.71953459889772,88.48533825906257,25.2042,4331,5.186418713826804,1.6756808914021608,0.47730163172808526
b_E200175-12116-L_23.tif,1,2043,166.02349486049926,98.64229414724132,23.7216,5963,6.998832068263142,2.8404998265232084,0.6830863098728073
b_E200175-12116-L_23.tif,2,20335,187.4483402999754,105.285687835586,34.099799999999995,16203,5.497051016281764,2.4094760802202546,0.7803781705343533
b_E200175-12116-L_23.tif,3,41343,144.76503882156592,94.73057832803525,28.1694,53793,5.139088470829163,1.7761990129633107,0.5281764491607812
b_E200175-12116-L_23.tif,4,3062,184.87883736120182,98.25667022411953,37.065,5622,4.987962695570544,2.337034051361445,0.8815907045362384
b_E200175-12116-L_23.tif,5,3792,155.78164556962025,99.01983902051921,23.7216,8821,6.567080024279536,2.3928321245267066,0.5732367079652221
b_E200175-12116-L_24.tif,1,185266,148.64004728336553,92.06347113928311,28.1694,142616,5.2766493865896695,2.008440936761096,0.6145388115156136
b_E200175-12116-L_24.tif,2,2487,129.47687977482911,70.99583085169743,20.7564,5037,6.237925637993576,2.8174947917248043,0.8237251147473009
b_E200175-12116-L_24.tif,3,6437,221.5581792760603,106.82473613795153,60.7866,6727,3.6448523069165204,1.8874791996794353,1.0740344163284776
b_E200175-12116-L_24.tif,4,3914,202.75728155339806,107.93167365715058,44.477999999999994,7391,4.558597093120467,2.131966542446329,0.8785707167729024
b_E200175-12116-L_24.tif,5,4404,182.68278837420527,88.77020785219399,38.547599999999996,6062,4.739148178532874,2.436275682471763,1.0579290370458552
b_E200175-12116-L_24.tif,6,1552,210.79896907216494,92.37914043252121,34.099799999999995,3653,6.181824204550957,3.472742614470358,1.2818892671265454
b_E200175-12116-L_25.tif,1,10266,148.70553282680694,106.78087100330761,28.1694,18140,5.2789740915325565,1.4883051044259474,0.39262333623664164
b_E200175-12116-L_25.tif,2,116123,135.6414405414948,104.64942457807534,35.5824,129644,3.8120374259008507,0.8709928491251161,0.29615084923219887
b_E200175-12116-L_25.tif,3,11692,216.72528224426958,93.87736673463444,51.891,10299,4.176548576872754,2.3674223947497817,1.3085999295634965
b_E200175-12116-L_25.tif,4,2692,174.54049034175335,116.4748106060606,40.0302,5280,4.360220291133973,1.4505468301729016,0.4985256419698882
b_E200175-12116-L_26.tif,1,1901,214.15675960021042,102.59105499679006,34.099799999999995,4673,6.280293712497068,3.2717407307580384,1.0874798450609198
b_E200175-12116-L_26.tif,2,551,140.15970961887479,108.14043583535108,29.651999999999997,2891,4.726821447848597,1.0798352142427274,0.296089742317237
b_E200175-12116-L_26.tif,3,940,159.7808510638298,96.39825057885258,51.891,3887,3.079163073231161,1.2214565237278652,0.6575077877223089
b_E200175-12116-L_27.tif,1,2477,207.31530076705693,134.1090031045188,62.2692,5798,3.3293393962627356,1.1756421738320344,0.5458716116174958
b_E200175-12116-L_27.tif,2,9735,138.82989214175655,80.61084858569052,32.6172,15025,4.256339970910843,1.7849184950951291,0.7222234298520762
b_E200175-12116-L_27.tif,3,1479,181.63083164300204,71.22094214029698,31.1346,3906,5.833729406662194,3.546211914308934,1.5502447197301596
b_E200175-12116-L_3.tif,1,1656,94.8828502415459,37.890738813735695,10.3782,3844,9.142515094151273,5.491521783439804,1.504117185281933
b_E200175-12116-L_3.tif,2,3865,156.76377749029754,73.10943722943723,28.1694,5775,5.565037857911321,2.969688393475311,1.1442344985762642
b_E200175-12116-L_3.tif,3,28137,139.07204037388493,80.35814165858113,48.925799999999995,17521,2.8425092761990576,1.2000600644916015,0.7306527689186233
b_E200175-12116-L_3.tif,4,612,86.2875816993464,71.06419316843345,10.3782,3396,8.314310922530236,1.466862126018417,0.2142202401804366
b_E200175-12116-L_3.tif,5,7274,163.7009898267803,60.577847291340824,29.651999999999997,7033,5.5207402459049275,3.4777803352442227,1.7023243170471158
b_E200175-12116-L_3.tif,6,3320,118.86837349397591,61.210302806499264,13.343399999999999,5416,8.908402161734783,4.321092873200662,0.9419667610586446
b_E200175-12116-L_3.tif,7,8163,179.48352321450446,105.52218126350579,45.9606,7867,3.9051605761337504,1.6092336030188104,0.7009080087085793
b_E200175-12116-L_3.tif,8,1161,97.08010335917312,63.59982788296041,8.8956,5810,10.91327209519767,3.763689401341766,0.5264208502664596
b_E200175-12116-L_3.tif,9,515,112.86601941747573,108.38897005113222,13.343399999999999,2738,8.458565233215678,0.3355253805617949,0.04130539633154939
b_E200175-12116-L_3.tif,10,280,129.14642857142857,101.67293940534438,57.8214,2657,2.233540325019684,0.47514396333075215,0.2702143689763131
b_E200175-12116-L_3.tif,11,3996,115.37562562562563,55.873741994510524,31.1346,5465,3.705704444205758,1.9111176508451668,1.064934645442428
b_E200175-12116-L_3.tif,12,654,112.80581039755351,86.11752136752136,16.3086,2808,6.9169524256149515,1.6364549387235938,0.30990544784767116
b_E200175-12116-L_3.tif,13,3708,79.47141316073355,48.36604048878351,28.1694,5483,2.8211965158122494,1.1042256015714846,0.643124232440164
b_E200175-12116-L_3.tif,14,10638,131.14598608761045,68.12622579834046,37.065,7954,3.538270229386962,1.7002498387229867,0.9250440566979818
b_E200175-12116-L_4.tif,1,6080,107.88667763157895,45.63883252692368,28.1694,6407,3.8299245845946204,2.20976822660609,1.3639228184527774
b_E200175-12116-L_4.tif,2,733,71.38744884038199,37.99903536977492,5.9304,3110,12.03754362606343,5.630044080383555,0.8786647644318395
b_E200175-12116-L_4.tif,3,6731,84.98038924379736,55.467753366406804,14.825999999999999,11288,5.731848724300478,1.9906000173670955,0.5320683474795962
b_E200175-12116-L_4.tif,4,6911,45.71248733902474,21.388963121325496,14.825999999999999,7484,3.0832650282066703,1.6405992311677629,1.137199782352979
b_E200175-12116-L_4.tif,5,9341,154.2386254148378,62.86418638251761,20.7564,11074,7.430894824754237,4.40222962499749,1.453521381184948
b_E200175-12116-L_4.tif,6,1343,137.57557706626955,60.40569173244703,22.238999999999997,4814,6.186230361275563,3.470024969608448,1.2775267215356678
b_E200175-12116-L_4.tif,7,12010,135.0466278101582,59.945878274268104,23.7216,10384,5.692981407376754,3.165922598148139,1.2528092286805177
b_E200175-12116-L_4.tif,8,4156,94.96198267564966,41.71097435897436,14.825999999999999,4875,6.405097977310042,3.5917313018182915,1.2766666116599927
b_E200175-12116-L_4.tif,9,3514,122.23164484917473,50.83539028690495,20.7564,6239,5.888865351905247,3.439722424306361,1.4044596519330086
b_E200175-12116-L_4.tif,10,14885,89.16150487067517,51.975763399530216,17.7912,9366,5.011550925207949,2.0901199160396016,0.7154438729095535
b_E200175-12116-L_5.tif,1,6529,149.36207688773166,105.50491837588949,44.477999999999994,9556,3.358111355145253,0.986041604882903,0.4156882843265414
b_E200175-12116-L_5.tif,2,3108,188.2824967824968,113.9347670250896,37.065,5580,5.079792168668525,2.005874267836192,0.6525464675282971
b_E200175-12116-L_5.tif,3,2650,107.26490566037735,73.52793242464965,14.825999999999999,5209,7.23491876352544,2.275527668485932,0.4588320671972185
b_E200175-12116-L_5.tif,4,25351,149.07928681314345,96.18284780833106,65.2344,18365,2.28528639475937,0.8108672571021383,0.549957089071874
b_E200175-12116-L_6.tif,1,12429,127.83900555153271,82.03338373851344,45.9606,8597,2.7814912234330667,0.9966280205883515,0.5583778179069608
b_E200175-12116-L_6.tif,2,3309,136.23300090661832,73.15307402760351,54.856199999999994,6376,2.483456762987297,1.149914264340506,0.8623004256333683
b_E200175-12116-L_6.tif,3,28932,123.8393128715609,76.98639691333597,25.2042,20216,4.913439538744594,1.8589328738716409,0.6085869430268528
b_E200175-12116-L_6.tif,4,20596,95.5710332103321,48.13033330902196,23.7216,13711,4.028861171676594,1.9998946058154257,0.9856715428679723
b_E200175-12116-L_6.tif,5,2738,128.81519357195032,50.56594323873122,28.1694,5391,4.572876721769776,2.7778103298416363,1.5474694093673906
b_E200175-12116-L_6.tif,6,29073,148.87046400440272,94.97195913192631,68.19959999999999,13409,2.1828641807660767,0.7903052930599793,0.5675201960605063
b_E200175-12116-L_6.tif,7,15233,141.69021203965076,50.68572938689218,26.686799999999998,9460,5.309374371845145,3.4100934776240557,1.7954655824354886
b_E200175-12116-L_6.tif,8,20763,75.02364783509127,52.05543608124253,20.7564,12555,3.6144826559011407,1.106560470157789,0.44122599825290404
b_E200175-12116-L_6.tif,9,1557,69.77007064868337,71.75971401927261,17.7912,6434,3.9216056595096065,-0.1118330056135002,-0.027726467384995557
b_E200175-12116-L_6.tif,10,95433,142.5822723795752,70.40506866770494,20.7564,35315,6.869316081347537,3.4773469232187075,1.0251705604077692
b_E200175-12116-L_6.tif,11,12831,118.38555061959318,58.912807881773396,20.7564,8120,5.70356856499959,2.865272528433016,1.0095044671283537
b_E200175-12116-L_6.tif,12,1799,82.92884936075598,31.483836589698047,41.5128,2815,1.9976693776565129,1.2392566331026904,1.6340134598319993
b_E200175-12116-L_7.tif,1,4944,126.04227346278317,63.68637431480031,17.7912,5108,7.084529058857068,3.5048731458774074,0.9791089508403786
b_E200175-12116-L_7.tif,2,5385,123.08022284122562,71.76787312955621,26.686799999999998,7819,4.612026274978842,1.9227614285879835,0.7149765970058775
b_E200175-12116-L_7.tif,3,7065,110.86355272469922,49.33034796652474,26.686799999999998,6811,4.1542467693075515,2.305754333045436,1.2473701743895425
b_E200175-12116-L_7.tif,4,100005,140.69257537123144,73.60572749575391,51.891,42392,2.711309771330642,1.29284168473433,0.911435157953343
b_E200175-12116-L_7.tif,5,10671,97.47680629744167,38.31102643486545,13.343399999999999,8398,7.30524500684902,4.434085751625175,1.5443538154145642
b_E200175-12116-L_7.tif,6,50841,189.1110324344525,66.19276222787673,31.1346,17685,6.073983040530878,3.947963685645428,1.8569744795487577
b_E200175-12116-L_7.tif,7,5462,110.89051629439766,91.33078713807653,28.1694,13746,3.9365593961899106,0.6943608720589547,0.21416358893971346
b_E200175-12116-L_7.tif,8,14665,119.4816911012615,55.152646239554315,28.1694,8975,4.241541923464684,2.2836498057775705,1.1663818372491424
C39 - Site 4.tif,1,2363,98.49090139652984,63.50440971684976,14.825999999999999,6463,6.643120283967263,2.3598065328532316,0.5509301138325161
C39 - Site 4.tif,2,20518,97.27366215030705,77.35727552604126,23.7216,39303,4.100636639573245,0.8395886709104738,0.25745977332134207
SEMS R15B Sample 2_10.00kV_0.10nA_16.9nm_500.00ns_005.tif,1,1459,159.960932145305,135.4584679280111,32.6172,4334,4.904189571645118,0.7512129860865369,0.1808854373615595
SEMS R15B Sample 2_10.00kV_0.10nA_16.9nm_500.00ns_005.tif,2,345956,190.32176346124942,115.4845674479112,34.099799999999995,190636,5.581316119315547,2.1946520504927216,0.6480276772964745
SEMS R15B Sample 2_10.00kV_0.10nA_16.9nm_500.00ns_005.tif,3,1359,142.89330389992642,118.26086956521739,40.0302,3933,3.5696375202779413,0.6153462717786963,0.20828896678323577
SEMS R15B Sample 2_10.00kV_0.10nA_16.9nm_500.00ns_005.tif,4,1352,138.8853550295858,116.94470426409903,40.0302,3635,3.469514391506679,0.5481024516491487,0.18761559919858814
SEMS R15B Sample 2_10.00kV_0.10nA_33.7nm_1.00µs_002.tif,1,1626,159.58425584255843,127.00417014178483,34.099799999999995,8393,4.679917647486475,0.9554333365949149,0.25652768457788905
SEMS R15B Sample 2_10.00kV_0.10nA_33.7nm_1.00µs_002.tif,2,311,158.11575562700963,125.4,23.7216,2470,6.665476003319965,1.379154678150634,0.2608911931770392
SEMS R15B Sample 2_10.00kV_0.10nA_33.7nm_1.00µs_002.tif,3,898,151.771714922049,136.8305775221663,26.686799999999998,4173,5.687145512582159,0.5598699504730431,0.10919443350570032
SEMS R15B Sample 2_10.00kV_0.10nA_33.7nm_1.00µs_002.tif,4,1406,192.24822190611664,131.16608996539793,42.9954,5202,4.47136721280423,1.4206666742607825,0.46568539133990755
SEMS R15B Sample 2_10.00kV_0.10nA_33.7nm_1.00µs_002.tif,5,3079,170.78564468983436,136.77772397094432,44.477999999999994,6195,3.8397779722882457,0.7646009422915605,0.248636398743029
SEMS R15B Sample 2_10.00kV_0.10nA_33.7nm_1.00µs_002.tif,6,2315,206.57149028077754,119.29158638407193,29.651999999999997,4671,6.966528065935258,2.943474432323987,0.7316517998878996
SEMS R15B Sample 2_10.00kV_0.10nA_33.7nm_1.00µs_003.tif,1,1923,188.73322932917316,139.27162872154116,35.5824,5710,5.304117464705359,1.390058022891413,0.3551448421916122
SEMS R15B Sample 2_10.00kV_0.10nA_33.7nm_1.00µs_003.tif,2,3033,184.04319155951202,136.54579256360077,38.547599999999996,10220,4.774439693048793,1.232175258215544,0.34784959756492867
SEMS R15B Sample 2_10.00kV_0.10nA_33.7nm_1.00µs_003.tif,3,10392,165.08727867590454,104.75829553592743,31.1346,16756,5.302373520870055,1.9376829354030656,0.5758874065827855
SEMS R15B Sample 2_10.00kV_0.10nA_33.7nm_1.00µs_003.tif,4,1886,180.6033934252386,143.15253172509108,41.5128,7959,4.350547141646267,0.9021521480393037,0.2616150845969787
SEMS R15B Sample 2_10.00kV_0.10nA_33.7nm_1.00µs_003.tif,5,288,163.75,137.1451612903226,34.099799999999995,2356,4.802080949213169,0.7802051244252272,0.1939903563306745
SEMS R15B Sample 2_10.00kV_0.10nA_33.7nm_1.00µs_003.tif,6,760,162.47236842105264,130.86855916030535,37.065,4192,4.383444445628442,0.8526590921953512,0.24149275778011564
SEMS R15B Sample 2_10.00kV_0.10nA_33.7nm_1.00µs_003.tif,7,156,170.5897435897436,111.79826166514181,34.099799999999995,2186,5.002661116479188,1.7241004905413164,0.5258711633230518
SEMS R15B Sample 2_10.00kV_0.10nA_33.7nm_1.00µs_003.tif,8,578,166.59342560553634,120.21741541874654,26.686799999999998,3606,6.242540339910028,1.7377883511478303,0.38576781925807657
SEMS R15B Sample 2_10.00kV_0.10nA_33.7nm_1.00µs_003.tif,9,2139,149.53295932678822,127.13928524676005,31.1346,7639,4.802790441462563,0.7192536301361067,0.17613496909947024
SEMS R15B Sample 2_10.00kV_0.10nA_33.7nm_1.00µs_003.tif,10,3509,158.1202621829581,132.9265510088629,35.5824,10606,4.443777320768704,0.7080385574614082,0.18953106795436295
SEMS R15B Sample 2_10.00kV_0.10nA_33.7nm_1.00µs_003.tif,11,34014,195.43346857176456,118.71605845654217,28.1694,58505,6.937793084069473,2.7234307471223413,0.6462260548925124
SEMS R15B Sample 2_10.00kV_0.10nA_33.7nm_1.00µs_003.tif,12,5,114.6,127.4718137254902,23.7216,816,4.831040062714555,-0.5426199632429516,-0.10097772478706389
SEMS R15B Sample 2_10.00kV_0.10nA_33.7nm_1.00µs_003.tif,13,2,128.5,132.8842530282638,26.686799999999998,743,4.815114586681387,-0.16428545298128458,-0.03299302158097966
SEMS R15B Sample 2_10.00kV_0.10nA_33.7nm_1.00µs_003.tif,14,4,127.25,138.4715549936789,29.651999999999997,791,4.291447455722566,-0.37844175738211505,-0.08103870136636192
SEMS R15B Sample 2_10.00kV_0.10nA_33.7nm_500.00ns_004.tif,1,1361,158.6105804555474,122.48995400629387,35.5824,8262,4.457557118434164,1.0151261983200195,0.2948864397846756
SEMS R15B Sample 2_10.00kV_0.10nA_33.7nm_500.00ns_004.tif,2,3686,163.25013564839935,114.15894245723173,32.6172,6430,5.005032179290345,1.5050707349532428,0.4300249470623714
SEMS R15B Sample 2_10.00kV_0.10nA_33.7nm_500.00ns_004.tif,3,4533,155.73880432384735,120.51957985456504,32.6172,18565,4.774744744371065,1.0797746115081788,0.2922282380079671
SEMS R15B Sample 2_10.00kV_0.10nA_33.7nm_500.00ns_004.tif,4,32079,167.0086037594688,120.88095673768134,40.0302,76510,4.172065183729988,1.1523211727711637,0.3815956480065852
SEMS R15B Sample 2_10.00kV_0.10nA_33.7nm_500.00ns_004.tif,5,4485,190.69921962095876,137.2766391948071,44.477999999999994,13711,4.287495381493859,1.2011012278911068,0.3891600255921833
SEMS R15B Sample 2_20.00kV_0.10nA_15.0nm_500.00ns_018.tif,1,81784,103.8907854837132,84.63453820175224,32.6172,81724,3.1851533991839176,0.5903709477225899,0.22752232940389663
SEMS R15B Sample 2_20.00kV_0.10nA_15.0nm_500.00ns_019.tif,1,83602,104.61564316643143,81.78798750473305,32.6172,105640,3.207376572310243,0.6998655818003912,0.2791076826237626
SEMS R15B Sample 2_20.00kV_0.10nA_15.0nm_500.00ns_019.tif,2,6825,104.25831501831502,88.94521917591959,31.1346,19003,3.3486319074222473,0.4918353162551333,0.17216322566350545
SEMS R15B Sample 2_20.00kV_0.10nA_15.0nm_500.00ns_020.tif,1,11474,104.696879902388,82.33102779858143,34.099799999999995,22699,3.0703077399775056,0.6558939377136417,0.2716576325976021
SEMS R15B Sample 2_20.00kV_0.10nA_15.0nm_500.00ns_020.tif,2,17,112.94117647058823,90.46232339089482,30.3933,1274,3.7159892618908885,0.7395989600437405,0.24848856667184668
SEMS R15B Sample 2_20.00kV_0.10nA_15.0nm_500.00ns_020.tif,3,2123,110.52284503061705,79.01277777777777,34.099799999999995,7200,3.241158159232766,0.9240543124475433,0.3987971076965917
SEMS R15B Sample 2_20.00kV_0.10nA_15.0nm_500.00ns_021.tif,1,1906686,136.6311479708772,84.80641196063159,32.6172,599567,4.188929397035549,1.5888775245685358,0.6110945482305334
SEMS R15B Sample 2_20.00kV_0.10nA_15.0nm_500.00ns_021.tif,2,15288,91.08274463631606,82.37869822485207,31.1346,21294,2.925450932629986,0.2795618510810601,0.10565894579506185
SEMS R15B Sample 2_20.00kV_0.10nA_15.0nm_500.00ns_021.tif,3,12271,116.16029663434112,89.55204407074514,31.1346,13796,3.7309069844170812,0.8546200225809801,0.29712613304063157
SEMS R15B Sample 2_20.00kV_0.10nA_33.7nm_100.00ns_015.tif,1,12629,99.40985034444532,74.97274405908799,50.4084,24912,1.9720889836758244,0.4847824227809156,0.32594653682194613
SEMS R15B Sample 2_20.00kV_0.10nA_33.7nm_100.00ns_015.tif,2,26724,101.86809609339919,80.05851447169591,54.856199999999994,43015,1.857002418593143,0.39757733160021114,0.2724205134569376
SEMS R15B Sample 2_20.00kV_0.10nA_33.7nm_100.00ns_015.tif,3,1275,140.16156862745098,91.57912234042553,60.7866,4512,2.305797142863608,0.7992295387311209,0.5304969630646358
SEMS R15B Sample 2_20.00kV_0.10nA_33.7nm_500.00ns_017.tif,1,2179,114.74896741624599,88.33758049047815,38.547599999999996,7299,2.9768122369869428,0.6851629392988465,0.29898245770524456
SEMS R15B Sample 2_20.00kV_0.10nA_33.7nm_500.00ns_017.tif,2,10411,102.83046777446931,85.2425047338523,34.099799999999995,38024,3.015573925486765,0.5157790671927467,0.20632855748980627
SEMS R15B Sample 2_20.00kV_0.10nA_33.7nm_500.00ns_017.tif,3,1964,120.11761710794298,93.96934626212074,37.065,6394,3.2407289107118764,0.7054706822816008,0.27826383691231477
SEMS R15B Sample 2_20.00kV_0.10nA_33.7nm_500.00ns_017.tif,4,3200,110.67125,88.27832397003745,35.5824,12816,3.110280643489399,0.6293259033586631,0.2536627908231052
SEMS R15B Sample 2_20.00kV_0.10nA_45.0nm_2.00µs_009.tif,1,515,140.74757281553397,108.12482188657738,37.065,3509,3.7973174902889735,0.8801497617740481,0.30171380037195
SEMS R15B Sample 2_20.00kV_0.10nA_45.0nm_2.00µs_009.tif,2,2089,107.20631881282911,93.08559322033898,25.2042,8260,4.253510080474445,0.5602528779682594,0.15169614440280355
SEMS R15B Sample 2_20.00kV_0.10nA_45.0nm_2.00µs_009.tif,3,2036,115.03290766208251,97.17219836001561,25.2042,10244,4.56403724841265,0.7086401986565926,0.18380472606018727
SEMS R15B Sample 2_20.00kV_0.10nA_45.0nm_2.00µs_009.tif,4,7947,114.52573298099912,85.89780036017494,20.7564,15548,5.517610612910862,1.3792340004544064,0.3332789954743038
SEMS R15B Sample 2_20.00kV_0.10nA_45.0nm_2.00µs_009.tif,5,5670,107.31216931216932,96.42167511465122,25.2042,12429,4.257709797160482,0.4320904529085307,0.11294653596755265
SEMS R15B Sample 2_20.00kV_0.10nA_45.0nm_2.00µs_009.tif,6,1088,109.20220588235294,97.56064073226544,19.273799999999998,6555,5.665836826453247,0.6040098550388301,0.11932645236353104
SEMS R15B Sample 2_20.00kV_0.10nA_45.0nm_2.00µs_009.tif,7,1070,140.21214953271027,96.58529294539657,20.7564,5018,6.755128512900068,2.101850829926923,0.45169254295745354
SEMS R15B Sample 2_20.00kV_0.10nA_45.0nm_2.00µs_009.tif,8,10398,124.5378919022889,89.22323625922887,21.4977,9752,5.793079810601046,1.6427178547766905,0.3958011065245263
SEMS R15B Sample 2_20.00kV_0.10nA_45.0nm_2.00µs_009.tif,9,2397,106.22945348352107,82.89987727551646,20.7564,9778,5.117913194597422,1.123970254801647,0.2814187061779952
SEMS R15B Sample 2_20.00kV_0.10nA_45.0nm_2.00µs_009.tif,10,791,119.4197218710493,98.66999791796793,28.1694,4803,4.239342045931255,0.7366051085829063,0.21029415616517289
SEMS R15B Sample 2_20.00kV_0.10nA_45.0nm_2.00µs_009.tif,11,502,132.31673306772907,93.22263933006064,25.2042,3463,5.249789043700303,1.551094409747482,0.41936265712301596
